filename,split,width,height,aspect_ratio,n_objects,n_fire,n_smoke,brightness,content
0050_jpg.rf.1a96899df21bd1660e135e3fe80c1520.jpg,train,640,640,1.0,2,1,1,118.6142578125,both
0052_jpg.rf.6c0268500e49c9864c7b3f2b4950824c.jpg,train,640,640,1.0,2,1,1,107.769287109375,both
0052_jpg.rf.efcc6ced91c4b10b39edeee466a35e65.jpg,train,640,640,1.0,2,1,1,107.6845703125,both
0054_jpg.rf.9e84d5e105208b5ec0e1f51b15bacefe.jpg,train,640,640,1.0,1,0,1,59.2080078125,smoke_only
0055_jpg.rf.15c19cecb485c2bb5ecd94eeb511bc7d.jpg,train,640,640,1.0,3,1,2,100.291015625,both
0056_JPG_jpg.rf.b046805836785a851b3aae01dcf7aadc.jpg,train,640,640,1.0,2,1,1,95.415283203125,both
0056_JPG_jpg.rf.c3721c80ba34cd6072d13b5e7965141a.jpg,train,640,640,1.0,2,1,1,92.498779296875,both
0057_JPG_jpg.rf.b3ac0c6231ff76c1d4bb28ae41041e1f.jpg,train,640,640,1.0,2,1,1,99.0556640625,both
0058_jpg.rf.787eda909f88543fec205f33e4edec24.jpg,train,640,640,1.0,2,1,1,119.03515625,both
0058_jpg.rf.e7dd4c99d61a03cac544a8248db7ded6.jpg,train,640,640,1.0,2,1,1,120.107177734375,both
0061_JPG_jpg.rf.9f9e02793ef510872135351871fdbadb.jpg,train,640,640,1.0,1,1,0,59.241943359375,fire_only
0062_jpg.rf.bd5e0b64bd1452eb486463485628a629.jpg,train,640,640,1.0,2,2,0,135.9111328125,fire_only
0066_jpg.rf.d2a5b5394630f77b5336a4761cea202f.jpg,train,640,640,1.0,2,1,1,109.16943359375,both
0067_jpg.rf.094ff5d9bfcc53fa40f63457112d3c97.jpg,train,640,640,1.0,2,1,1,105.198974609375,both
0068_jpg.rf.eed1c4197eb105498b9502c9c96c0b30.jpg,train,640,640,1.0,1,0,1,126.62548828125,smoke_only
0069_jpg.rf.c464fb5f5025e706952a77e69ab8f869.jpg,train,640,640,1.0,2,1,1,117.950439453125,both
0070_JPG_jpg.rf.56be6e7ea99bf6ee0ec98e352d8b8633.jpg,train,640,640,1.0,2,1,1,88.31591796875,both
0071_JPG_jpg.rf.b063ae06cfe95773e41207f757d51097.jpg,train,640,640,1.0,1,1,0,122.73486328125,fire_only
0074_JPG_jpg.rf.0536a368e458c5e30105774e56670ab1.jpg,train,640,640,1.0,1,1,0,147.56494140625,fire_only
0076_jpg.rf.234645e7e3f301bb892da739b55cae06.jpg,train,640,640,1.0,1,0,1,53.28857421875,smoke_only
0081_JPG_jpg.rf.569b062042f0b2dbed0ab6abb2330dee.jpg,train,640,640,1.0,2,0,2,77.044677734375,smoke_only
0085_jpg.rf.adc88fb22ee95f417ab5d12737508cce.jpg,train,640,640,1.0,1,1,0,97.9365234375,fire_only
0087_jpg.rf.769ba74d58d57b507fde2be92952b6ca.jpg,train,640,640,1.0,2,1,1,80.4326171875,both
0088_JPG_jpg.rf.8040ca04d194492d042ba4a08c3a9a12.jpg,train,640,640,1.0,1,1,0,98.966552734375,fire_only
0089_JPG_jpg.rf.014d5b4e76e9547922613949ea9584ef.jpg,train,640,640,1.0,1,0,1,65.171875,smoke_only
0090_jpg.rf.1a6de375bdd838ee35bfe198150c7cab.jpg,train,640,640,1.0,1,1,0,97.53857421875,fire_only
0091_jpg.rf.6a26368ad6dda524fd9aa0e7b2fc8438.jpg,train,640,640,1.0,1,1,0,57.515625,fire_only
0095_jpg.rf.2f02be148334c93aa5c6e48aa01d4b36.jpg,train,640,640,1.0,1,1,0,142.906982421875,fire_only
0096_jpg.rf.acb9b1de1e607821c63b696065227776.jpg,train,640,640,1.0,1,0,1,83.894287109375,smoke_only
0096_jpg.rf.b63d47f415cc1585e1c0a6f78bb48f09.jpg,train,640,640,1.0,1,0,1,85.37890625,smoke_only
0098_jpg.rf.df12ff8a92f5273eee8f108cef19e0b8.jpg,train,640,640,1.0,2,2,0,118.77490234375,fire_only
0099_jpg.rf.1f754706c4744035189e963c3c7487e7.jpg,train,640,640,1.0,2,1,1,128.955322265625,both
0100_jpg.rf.27c1f983eb803f4c3d96667d5e04337b.jpg,train,640,640,1.0,3,1,2,119.649658203125,both
0102_jpg.rf.632845420b2139de670f69d69006182d.jpg,train,640,640,1.0,1,1,0,91.773193359375,fire_only
0102_jpg.rf.8cb9b40ed6fa41a482a6aaf6a93a93ce.jpg,train,640,640,1.0,2,1,1,99.357421875,both
0102_jpg.rf.c22291bc0469bde08a1031955afb2964.jpg,train,640,640,1.0,1,1,0,91.61669921875,fire_only
0104_jpg.rf.553e969fb4de735172ecfcf74044a403.jpg,train,640,640,1.0,1,1,0,57.2646484375,fire_only
0104_jpg.rf.b933162c8781667b62fdeca09e2c2b3e.jpg,train,640,640,1.0,1,1,0,126.97607421875,fire_only
0108_jpg.rf.857f8428d3c16f5ad6584f84a4078118.jpg,train,640,640,1.0,1,1,0,103.305908203125,fire_only
0109_jpg.rf.582f9ec6a0d711716279ca5280771334.jpg,train,640,640,1.0,1,1,0,106.39501953125,fire_only
0110_jpg.rf.c055ba6ef3064c2b9b8a3b46c4d95094.jpg,train,640,640,1.0,1,1,0,78.048095703125,fire_only
0110_JPG_jpg.rf.511810f266f15872d86fb1052a77a327.jpg,train,640,640,1.0,1,1,0,108.682373046875,fire_only
0110_JPG_jpg.rf.89265cde6c9a59242224c8d6cebe5c95.jpg,train,640,640,1.0,1,1,0,109.857421875,fire_only
0112_jpg.rf.17cfd541627b5dc42db9530c0ee9436f.jpg,train,640,640,1.0,1,1,0,122.89404296875,fire_only
0113_jpg.rf.aa5b2f334f69733564cd3bc5ea0e8d0d.jpg,train,640,640,1.0,1,1,0,138.337646484375,fire_only
0113_jpg.rf.e9dfa0120cfd4b3242326dc379b27657.jpg,train,640,640,1.0,1,1,0,138.15234375,fire_only
0116_jpg.rf.13b825505e0e73a78e3143a2ea079874.jpg,train,640,640,1.0,1,1,0,72.07958984375,fire_only
0116_JPG_jpg.rf.c7bf53754b1c42e13d3dee2172edfc89.jpg,train,640,640,1.0,1,1,0,101.72119140625,fire_only
0117_jpg.rf.4aba5e874094c66f8de6804b413b39e9.jpg,train,640,640,1.0,1,0,1,54.0205078125,smoke_only
0118_jpg.rf.838b39d08127d8db1c9df9e4c3e6b911.jpg,train,640,640,1.0,1,0,1,99.482177734375,smoke_only
0119_jpg.rf.c9ff935007b5adba3c59e9ae5f3e84bd.jpg,train,640,640,1.0,1,1,0,92.176513671875,fire_only
0119_jpg.rf.cd8d7f264781f5e7019140b76c6e15a4.jpg,train,640,640,1.0,3,2,1,87.197021484375,both
0120_jpg.rf.09a430991eb04bf3b782c00278ec71c6.jpg,train,640,640,1.0,1,1,0,81.7861328125,fire_only
0120_jpg.rf.9773a94c88a5dcceea03cb4394007a16.jpg,train,640,640,1.0,1,1,0,62.369384765625,fire_only
0121_jpg.rf.9730ceb0770a1f42d1660cfe608299a4.jpg,train,640,640,1.0,1,1,0,91.754150390625,fire_only
0121_jpg.rf.bb2bcbd09d596f23adf8c4659aa09c06.jpg,train,640,640,1.0,1,1,0,132.027099609375,fire_only
0127_jpg.rf.7619715b30a43b35bbb2649186b8947b.jpg,train,640,640,1.0,1,1,0,98.458251953125,fire_only
0129_jpg.rf.4486664634ac82868c8640e090cecac9.jpg,train,640,640,1.0,1,0,1,125.93701171875,smoke_only
0129_jpg.rf.dd6e547a5077df4da3daf63f1f55f2e4.jpg,train,640,640,1.0,1,0,1,127.026123046875,smoke_only
0131_jpg.rf.114825a937dfa9be8b527ae1f4a4360a.jpg,train,640,640,1.0,1,1,0,94.49462890625,fire_only
0131_jpg.rf.3bfd55fd983621451bf7f207ed4861b8.jpg,train,640,640,1.0,1,1,0,94.848876953125,fire_only
0131_jpg.rf.bc2792b84db7e343028139ce5f0f1726.jpg,train,640,640,1.0,2,1,1,101.80224609375,both
0132_jpg.rf.7644557647ac9bd983b909baf13f9da5.jpg,train,640,640,1.0,2,1,1,68.8017578125,both
0132_jpg.rf.9c5c3e952c88888b4ce785ebc07fd978.jpg,train,640,640,1.0,2,2,0,80.16259765625,fire_only
0132_jpg.rf.db812083994be62cca2752a079603423.jpg,train,640,640,1.0,2,1,1,69.38916015625,both
0133_jpg.rf.a3f4d941a2353ecd6bdc9f59055240d5.jpg,train,640,640,1.0,1,1,0,90.299560546875,fire_only
0133_jpg.rf.db2600b0e47c73e01e6c574cc659d783.jpg,train,640,640,1.0,2,1,1,138.534423828125,both
0134_jpg.rf.1bebe426265ed78964cc9c2c9a043cbb.jpg,train,640,640,1.0,2,1,1,140.170654296875,both
0134_jpg.rf.54527086452b0c1a00b973e6189e9943.jpg,train,640,640,1.0,1,1,0,157.257080078125,fire_only
0135_jpg.rf.44a12f28ccbf12aeb646ab4918c8956d.jpg,train,640,640,1.0,3,3,0,112.833740234375,fire_only
0135_jpg.rf.d6dc931908e70d19d5080295f5894092.jpg,train,640,640,1.0,3,3,0,115.63671875,fire_only
0135_jpg.rf.f47f69982c30ed8e44b27952d4dc55fa.jpg,train,640,640,1.0,1,1,0,113.71142578125,fire_only
0136_jpg.rf.05c3a858e06b4527f8808278d35dc6fe.jpg,train,640,640,1.0,1,1,0,92.640625,fire_only
0136_jpg.rf.43c047be0bce1c88ad779f07909ce9a6.jpg,train,640,640,1.0,1,1,0,93.856201171875,fire_only
0136_jpg.rf.a636d16b1611a053188c8857017f9f41.jpg,train,640,640,1.0,1,1,0,71.451416015625,fire_only
0138_jpg.rf.19d2567c6ace5141da5cc94939cc4467.jpg,train,640,640,1.0,2,1,1,58.7021484375,both
0139_jpg.rf.0681856db91703db5d57fdd1745ed50b.jpg,train,640,640,1.0,6,4,2,91.6455078125,both
0139_jpg.rf.8acc4c8f101ca4a3b4dcc36dff1a6590.jpg,train,640,640,1.0,5,4,1,121.5625,both
0141_jpg.rf.0f2e3f992e5921978342d572106dd7ed.jpg,train,640,640,1.0,2,2,0,110.10107421875,fire_only
0141_jpg.rf.4d9d6dd3918f440f01da41bfdf8e31de.jpg,train,640,640,1.0,1,1,0,131.251220703125,fire_only
0141_jpg.rf.70579eda9eec1db95e96c471969005cb.jpg,train,640,640,1.0,1,1,0,131.251220703125,fire_only
0141_jpg.rf.748d15003989408be192649e0545e610.jpg,train,640,640,1.0,2,2,0,110.233154296875,fire_only
0142_jpg.rf.56297efad16eaa3d237b5ce54ae5c9f5.jpg,train,640,640,1.0,2,1,1,137.946044921875,both
0142_jpg.rf.68cf9e80ec1546c1057315085cd3dc1c.jpg,train,640,640,1.0,2,1,1,137.66552734375,both
0143_jpg.rf.8f207cf37f5c6e8c3374fce8eaf3b633.jpg,train,640,640,1.0,1,1,0,100.64697265625,fire_only
0143_jpg.rf.c42e91a266fb2e0372435f19581600bd.jpg,train,640,640,1.0,4,3,1,107.479736328125,both
0144_JPG_jpg.rf.82e6853d6513bada0f9d549b3cc1b2d2.jpg,train,640,640,1.0,1,0,1,103.3876953125,smoke_only
0145_jpg.rf.395183e705656a8e3f3819b27d651a62.jpg,train,640,640,1.0,1,1,0,141.1884765625,fire_only
0145_JPG_jpg.rf.059a243dc226b583b16148a13340ee89.jpg,train,640,640,1.0,2,1,1,86.01416015625,both
0146_jpg.rf.d01bdcd1d0c052f4829faaa94285733d.jpg,train,640,640,1.0,1,1,0,85.697509765625,fire_only
0146_JPG_jpg.rf.c27cf3640df48833f75105d9818731f2.jpg,train,640,640,1.0,1,0,1,110.98095703125,smoke_only
0147_jpg.rf.08f518e7c49a774e0d53ce24a96dbf22.jpg,train,640,640,1.0,1,1,0,124.634521484375,fire_only
0147_jpg.rf.d38923358ed92c939a7a9c053fd877c9.jpg,train,640,640,1.0,1,1,0,121.452392578125,fire_only
0148_jpg.rf.9552633010932413ddcd6a324056f7af.jpg,train,640,640,1.0,3,1,2,91.060791015625,both
0150_jpg.rf.af40a9f78b6b8b8dcbe5b9029b0af924.jpg,train,640,640,1.0,4,3,1,70.752197265625,both
0152_jpg.rf.a5533212de2e1deb8255f47846b91efd.jpg,train,640,640,1.0,1,1,0,80.579345703125,fire_only
0154_jpg.rf.8e4d280ce0c66e21f51e3513fbf27666.jpg,train,640,640,1.0,1,1,0,24.80712890625,fire_only
0155_jpg.rf.64f9197092c5284cf6e4b893c4da7d82.jpg,train,640,640,1.0,1,1,0,101.930908203125,fire_only
0155_jpg.rf.f7d6da4d911d623b03527ae0588157ac.jpg,train,640,640,1.0,1,1,0,103.314453125,fire_only
0156_jpg.rf.908684a49bcc05286797f8b7e883b300.jpg,train,640,640,1.0,2,1,1,92.375,both
0156_jpg.rf.98e27717bc608c1ba9cd2255479832e6.jpg,train,640,640,1.0,2,1,1,92.74951171875,both
0157_jpg.rf.b9ca9a98d968bb2c4b4cdb4316ce6b93.jpg,train,640,640,1.0,1,1,0,102.674560546875,fire_only
0158_jpg.rf.89509961679827ba0d3647a3715d1578.jpg,train,640,640,1.0,3,3,0,139.53125,fire_only
0160_jpg.rf.e2c6dfe645cd16d03b39198c6cf6faa2.jpg,train,640,640,1.0,1,1,0,112.76220703125,fire_only
0161_jpg.rf.3153f6068462b6efcd8c55824b96acf2.jpg,train,640,640,1.0,1,1,0,89.435791015625,fire_only
0164_jpg.rf.8e7d0a31c6095c334d5c0f4200c45f97.jpg,train,640,640,1.0,1,1,0,68.591064453125,fire_only
0166_jpg.rf.ce6f4722c8855ea1c4ec4741074e8b30.jpg,train,640,640,1.0,1,1,0,60.382568359375,fire_only
0167_jpg.rf.4b08239f21d4400e14ed57f09e45d3a5.jpg,train,640,640,1.0,1,1,0,58.634765625,fire_only
0168_jpg.rf.76af80338dd8a781a26e5482d02670f5.jpg,train,640,640,1.0,1,1,0,91.348876953125,fire_only
0168_jpg.rf.bb7e1920430bd0f442bb5ba9fc7caf61.jpg,train,640,640,1.0,1,1,0,91.179931640625,fire_only
0169_jpg.rf.247d513537c0a6c1cf55c464ca214004.jpg,train,640,640,1.0,1,1,0,70.788818359375,fire_only
0170_jpg.rf.91b4114ed0fcb98867b8b2cecddd54df.jpg,train,640,640,1.0,1,1,0,43.878662109375,fire_only
0171_jpg.rf.66f0e31fa6317abaf673156d9a54f86c.jpg,train,640,640,1.0,1,1,0,50.9296875,fire_only
0173_jpg.rf.28923a7542004068be62d824795697ed.jpg,train,640,640,1.0,1,1,0,44.547119140625,fire_only
0174_jpg.rf.dba5b4818d8e9c57652d005eabb42d41.jpg,train,640,640,1.0,4,4,0,60.0810546875,fire_only
0175_jpg.rf.f3c32427b7ff97aae42b841926ddd59b.jpg,train,640,640,1.0,5,5,0,38.738525390625,fire_only
0179_jpg.rf.463c53e115326fc445255d6bc9831bab.jpg,train,640,640,1.0,1,1,0,127.020751953125,fire_only
0180_jpg.rf.ec293a2c56d9523e04801538465b63cd.jpg,train,640,640,1.0,1,1,0,159.387451171875,fire_only
0182_jpg.rf.0a5574af0926915dab09c167f8fc55cb.jpg,train,640,640,1.0,1,1,0,115.9990234375,fire_only
0185_jpg.rf.260daf95e56331414dd974343726c5b6.jpg,train,640,640,1.0,1,1,0,119.125,fire_only
0185_jpg.rf.4eafe3f549beea7a3c2127fac1dffa59.jpg,train,640,640,1.0,1,1,0,119.182861328125,fire_only
0186_jpg.rf.b006b5bad936a9fc4bf25c1dbab2e61f.jpg,train,640,640,1.0,1,1,0,90.519775390625,fire_only
0189_jpg.rf.1b5a330cbbd28e1a82ae7a9041f5d964.jpg,train,640,640,1.0,1,1,0,108.704345703125,fire_only
0190_jpg.rf.c68ffe72c1a66c941a6a1f2c5e0012ad.jpg,train,640,640,1.0,1,1,0,129.786376953125,fire_only
0191_jpg.rf.3e6cf1f1acb63c4b71453f285c207d18.jpg,train,640,640,1.0,1,1,0,98.497314453125,fire_only
0192_jpg.rf.f3268aae5ebb1ee99fc2791aaf866b18.jpg,train,640,640,1.0,1,1,0,106.86083984375,fire_only
0193_jpg.rf.049919349277f6fee3d0d272cb729f8c.jpg,train,640,640,1.0,1,1,0,117.730712890625,fire_only
0193_jpg.rf.3c37666598b43e6a19f86b60acb3cf8f.jpg,train,640,640,1.0,1,1,0,118.004638671875,fire_only
0195_jpg.rf.a9f97c23d15e6cde80c8e70dce9a959b.jpg,train,640,640,1.0,1,1,0,87.673583984375,fire_only
0197_jpg.rf.bdfd81537d416eb673519fcbd79d13af.jpg,train,640,640,1.0,1,1,0,60.023193359375,fire_only
0198_jpg.rf.8f9aa619a268f52869da86c2cade83c6.jpg,train,640,640,1.0,2,1,1,117.79052734375,both
0199_jpg.rf.8c8fa2b707ecf101016e4163c94442dc.jpg,train,640,640,1.0,3,2,1,109.951904296875,both
0325403460c2d93c_jpg.rf.d5dd272843b34ee059a3b19c77a0cf87.jpg,train,640,640,1.0,1,1,0,49.64208984375,fire_only
04886596873b4511_jpg.rf.bc07f8f7ca067233f9df99029aa17703.jpg,train,640,640,1.0,2,2,0,29.396728515625,fire_only
084d8e970b8d456a_jpg.rf.4028c98fdcf11cf40a0642c9e21ce3f5.jpg,train,640,640,1.0,2,2,0,59.498779296875,fire_only
084d8e970b8d456a_jpg.rf.fc4ad1becbf7c54b38fd9f988a77c0c2.jpg,train,640,640,1.0,2,2,0,61.40087890625,fire_only
0cd656f34b9411f3_jpg.rf.c52a81cf8920039d4b727b06be195985.jpg,train,640,640,1.0,1,1,0,22.85791015625,fire_only
0cd656f34b9411f3_jpg.rf.d9a26b0303050f50784354e86316b962.jpg,train,640,640,1.0,1,1,0,23.396240234375,fire_only
1006_jpg.rf.b06bfe136276a272270a376fd8e33570.jpg,train,640,640,1.0,1,1,0,108.992919921875,fire_only
1021_jpg.rf.a9330bf90c1b3394157423ac87d52cf2.jpg,train,640,640,1.0,3,2,1,29.37646484375,both
1022_jpg.rf.77a4c5416fbeecca74962a3876264196.jpg,train,640,640,1.0,3,2,1,58.964111328125,both
102_jpg.rf.d2f71ad5c04af0370db52ea9f57ab3e9.jpg,train,640,640,1.0,4,2,2,68.239501953125,both
1034_jpg.rf.bb0bc8a549b47261408c945cd21f8f4c.jpg,train,640,640,1.0,2,1,1,67.880859375,both
1054_jpg.rf.757dd6f404fc1248166d310805f0ce32.jpg,train,640,640,1.0,2,1,1,100.33740234375,both
1054_jpg.rf.cd6c51bc49440eaa10ee6fe3ab05ba7c.jpg,train,640,640,1.0,2,1,1,99.358642578125,both
1055_jpg.rf.8f66282e6cb403dbf96f8fa519276b52.jpg,train,640,640,1.0,2,1,1,70.614501953125,both
1072_jpg.rf.9c872e780baff9fa85cb8fc6bc58a9f0.jpg,train,640,640,1.0,3,1,2,57.704345703125,both
1074_jpg.rf.e5c6960fae2d905e8016ec528afe4c8e.jpg,train,640,640,1.0,1,1,0,104.947021484375,fire_only
1096_jpg.rf.0d11c95ae41e461bd78a4fb79aea8797.jpg,train,640,640,1.0,5,3,2,39.852294921875,both
10_jpg.rf.2a25c1f18ff649573e138eb072e09b0d.jpg,train,640,640,1.0,1,1,0,26.963134765625,fire_only
10_jpg.rf.d3bd694758cf45bc29ca90df5dfe0bbf.jpg,train,640,640,1.0,1,0,1,174.72607421875,smoke_only
110-Copy_jpg.rf.1ab53f16b9d87a1eddc650488f0c37bb.jpg,train,640,640,1.0,1,1,0,97.520263671875,fire_only
110-Copy_jpg.rf.61e1b98b2ba77a6bdd1263540371086e.jpg,train,640,640,1.0,1,1,0,98.369384765625,fire_only
1108_jpg.rf.76b23cfeb46456dceda81d2d95c160b5.jpg,train,640,640,1.0,4,3,1,89.10107421875,both
1108_jpg.rf.84aee543dcb7f5d9074583e68a542875.jpg,train,640,640,1.0,4,3,1,88.673583984375,both
1120_jpg.rf.793f04de189a9b76bdb42805abe52eef.jpg,train,640,640,1.0,3,1,2,79.211669921875,both
1121_jpg.rf.9a13283db2a685117b7e7dc5fcfc2f35.jpg,train,640,640,1.0,2,1,1,94.9375,both
1133_jpg.rf.e0f3e6f489fbc84e792b5a011a0a6e9c.jpg,train,640,640,1.0,9,3,6,74.684814453125,both
1134_jpg.rf.8e0b2897f6b85337597e0ff88f765b30.jpg,train,640,640,1.0,1,1,0,52.23486328125,fire_only
1137_jpg.rf.797a4bdc3743a6f69e4dfbce764a1516.jpg,train,640,640,1.0,2,2,0,75.014892578125,fire_only
1137_jpg.rf.fc06fbfd7cd2c3293409b383e224d154.jpg,train,640,640,1.0,2,2,0,75.355224609375,fire_only
1147_jpg.rf.5b8eb7e4cceed9138e1476f2e34f6f51.jpg,train,640,640,1.0,1,1,0,73.41796875,fire_only
1155_jpg.rf.65594d5bfeeda84d292b56d0677c32fc.jpg,train,640,640,1.0,2,1,1,54.9794921875,both
1165_jpg.rf.4c92ae06688b35cd0dd33774cdc5c9f0.jpg,train,640,640,1.0,1,1,0,58.90576171875,fire_only
1167_jpg.rf.42863f949821de0abd41fa5bd5e5ab94.jpg,train,640,640,1.0,3,2,1,99.802734375,both
1191_jpg.rf.2c69cb8a05e6d225c1dcd1f84711c60f.jpg,train,640,640,1.0,4,3,1,93.245849609375,both
1191_jpg.rf.5178b258b1664fda40557951182acdd9.jpg,train,640,640,1.0,4,3,1,93.833251953125,both
1196_jpg.rf.2edcbaf286bf107790f766033114e1f4.jpg,train,640,640,1.0,3,2,1,67.839111328125,both
11_jpg.rf.09d5a6ae76f2d1eddbed8bca8de8f21d.jpg,train,640,640,1.0,2,2,0,58.005859375,fire_only
1206_jpg.rf.cd4d13acf06fefe4aa49b9fb78e5a1e2.jpg,train,640,640,1.0,6,3,3,81.980712890625,both
1217_jpg.rf.775bd569c8e3d976f4d50526e68ea090.jpg,train,640,640,1.0,2,2,0,57.774658203125,fire_only
1231_jpg.rf.775106225fefaa12fe882bc4391e060a.jpg,train,640,640,1.0,4,3,1,69.6064453125,both
1280_jpg.rf.12e79061b1535791c6bbb84b8028e491.jpg,train,640,640,1.0,1,1,0,78.63037109375,fire_only
1287_jpg.rf.b0c332e7ed9e9ab846691614fb7e6743.jpg,train,640,640,1.0,2,1,1,48.604248046875,both
1290_jpg.rf.1e892e396c222de28ceca109cf6ebf9b.jpg,train,640,640,1.0,5,5,0,71.661865234375,fire_only
1290_jpg.rf.d077153982c7c7a4dcd71bf07122b4f7.jpg,train,640,640,1.0,5,5,0,71.8984375,fire_only
12_jpg.rf.518616213e9fe6a859957090aae0b9db.jpg,train,640,640,1.0,1,0,1,92.58642578125,smoke_only
12_jpg.rf.f6cce967610d4f9e578ed13af2d1707d.jpg,train,640,640,1.0,2,2,0,54.869140625,fire_only
1377_jpg.rf.d204bc3d3d552e4296e80528e2917416.jpg,train,640,640,1.0,2,0,2,97.6171875,smoke_only
137b33fa7a110d65_jpg.rf.07007216e8412f7e98ebf63a21d3e279.jpg,train,640,640,1.0,1,1,0,63.156982421875,fire_only
138_jpg.rf.da3348d629349db66150911efe9938ee.jpg,train,640,640,1.0,2,1,1,46.767333984375,both
13_jpg.rf.4a72a6ba0253d56940709589709e2c2f.jpg,train,640,640,1.0,5,4,1,134.620361328125,both
13_jpg.rf.8cf69b81e246e73f6afdf1be22b7a1dd.jpg,train,640,640,1.0,1,1,0,114.665283203125,fire_only
1404_jpg.rf.a05cd38f59bed8eabdede8717e75d3ce.jpg,train,640,640,1.0,9,9,0,57.639892578125,fire_only
141_jpg.rf.45b7c4a0bcc8185c3d114f7c1e42dcc8.jpg,train,640,640,1.0,7,4,3,72.498779296875,both
144_jpg.rf.04faeab02c0e32b10991de23d76bbd4d.jpg,train,640,640,1.0,3,2,1,111.79248046875,both
15_jpg.rf.2f834534c876c32ab6915bf96a0b94b3.jpg,train,640,640,1.0,1,1,0,150.6552734375,fire_only
15_jpg.rf.ae79765d63ba1acd3a07e4d074c6d463.jpg,train,640,640,1.0,3,2,1,118.91748046875,both
1605f741c11f4bc3_jpg.rf.c6b3df6ae77b8f2cdfad518a89450f70.jpg,train,640,640,1.0,1,1,0,109.42822265625,fire_only
16_jpg.rf.324164c1d33a2c23a7541ce9e457c1e5.jpg,train,640,640,1.0,1,0,1,112.968017578125,smoke_only
174_jpg.rf.3fabd0042559c2f780f17d80e2d2845d.jpg,train,640,640,1.0,6,3,3,67.861572265625,both
174_jpg.rf.5dbe33ea6331b126b187723cffb291f9.jpg,train,640,640,1.0,6,3,3,66.93701171875,both
17_jpg.rf.651c1a26ec4c547b571bb6c613822796.jpg,train,640,640,1.0,1,1,0,88.215576171875,fire_only
1861bf1c2bbb6cfd_jpg.rf.1d92e0d163fc77db4774119bf73192cd.jpg,train,640,640,1.0,1,1,0,143.7998046875,fire_only
19_jpg.rf.bdbe817164bae2da960428a582b61107.jpg,train,640,640,1.0,1,1,0,68.880859375,fire_only
19_jpg.rf.f81cdf37b22ff627f232a72105ad33ee.jpg,train,640,640,1.0,1,0,1,120.476806640625,smoke_only
1_jpg.rf.0864290678edcad962c3aa1f455571ae.jpg,train,640,640,1.0,1,0,1,44.36962890625,smoke_only
1_jpg.rf.9463fa6c8debfb70ce2964944609fd05.jpg,train,640,640,1.0,1,0,1,44.852783203125,smoke_only
1a228a4049efc30e_jpg.rf.de404cf45c0388440932b71721965f27.jpg,train,640,640,1.0,1,1,0,58.375244140625,fire_only
211a81e1780fdb2a_jpg.rf.52fc76249b873af9bf493f0d6961b25c.jpg,train,640,640,1.0,1,1,0,62.715576171875,fire_only
217_jpg.rf.43666a88dfaad0a5500aec74b6d4bf82.jpg,train,640,640,1.0,1,1,0,34.67138671875,fire_only
217_jpg.rf.9fc01a2e4aa5528197ba88751704defc.jpg,train,640,640,1.0,1,1,0,34.67138671875,fire_only
21_jpg.rf.54ef89ab18e9542d7795f5c3531edfbc.jpg,train,640,640,1.0,1,0,1,114.338623046875,smoke_only
21_jpg.rf.d383eb5746f06bc998766bcf79d89744.jpg,train,640,640,1.0,1,1,0,90.47509765625,fire_only
22_jpg.rf.2888df1aec07d321d624b924a3a525ff.jpg,train,640,640,1.0,1,1,0,78.52734375,fire_only
22_jpg.rf.363e2965780e2384af1ff29c11f30d60.jpg,train,640,640,1.0,1,0,1,143.4091796875,smoke_only
240_jpg.rf.6099ec399355da3d5f215c3b9b104f61.jpg,train,640,640,1.0,1,1,0,41.955078125,fire_only
241_jpg.rf.f17f32eb3555d2dd0844714171fd372f.jpg,train,640,640,1.0,2,1,1,65.42578125,both
242_jpg.rf.ab1eeae12d89a5dcb5b9352719c7587d.jpg,train,640,640,1.0,3,0,3,75.193359375,smoke_only
242_jpg.rf.ea4f906d5dc459f938540f30fa28b87a.jpg,train,640,640,1.0,3,0,3,75.538818359375,smoke_only
242_jpg.rf.fef8e64166ffe2bbec8759e9f8331205.jpg,train,640,640,1.0,3,0,3,75.193359375,smoke_only
24_jpg.rf.53f633d37d34a1c41e2b95c2a6c9b067.jpg,train,640,640,1.0,1,1,0,59.50830078125,fire_only
24_jpg.rf.d9758ffd1e824dd65ebd573a9ef2e192.jpg,train,640,640,1.0,1,1,0,59.50830078125,fire_only
254_jpg.rf.ebc1d93b1aac347958686f6c363a8e85.jpg,train,640,640,1.0,4,3,1,66.4609375,both
25_jpg.rf.4579680df8b2736b48ec537ce53ebaea.jpg,train,640,640,1.0,1,0,1,116.901611328125,smoke_only
25_jpg.rf.48a0b79b48b40cabe82490e36e47540f.jpg,train,640,640,1.0,1,0,1,115.296875,smoke_only
25_jpg.rf.cca29182f9517a2c5ecc0fbc7716dff2.jpg,train,640,640,1.0,1,1,0,106.3076171875,fire_only
267_jpg.rf.855fc0d4d2caa679efeddf6b3cf53895.jpg,train,640,640,1.0,2,1,1,71.974365234375,both
26_jpg.rf.bd046dc3edcdad0a1b2b2b60a381c754.jpg,train,640,640,1.0,1,1,0,85.64599609375,fire_only
26_jpg.rf.e0da6cfdc2dc0c1b19d87732c366b2e6.jpg,train,640,640,1.0,2,1,1,122.17138671875,both
277_jpg.rf.fc2ecd95f48cf162cf06e11e02e92143.jpg,train,640,640,1.0,1,1,0,107.76171875,fire_only
278_jpg.rf.0e39aa4eed15d1318b410d4d14ba203b.jpg,train,640,640,1.0,1,1,0,34.80126953125,fire_only
27_jpg.rf.e6136452695b99d1e0f5c8d16fe6a8e3.jpg,train,640,640,1.0,1,0,1,124.45166015625,smoke_only
29_jpg.rf.3663a57797bbd83ce692bc55d7bcdcf9.jpg,train,640,640,1.0,2,2,0,64.787841796875,fire_only
29_jpg.rf.9e7c5bdffac1adeb80cd7cdad3d05619.jpg,train,640,640,1.0,2,1,1,119.956298828125,both
2_jpg.rf.a5b538ccce12d59b3c006a068febf127.jpg,train,640,640,1.0,1,0,1,164.224853515625,smoke_only
2d30fdc58f112046_jpg.rf.40fb6610729ea98236eb354eedf7c6f0.jpg,train,640,640,1.0,2,1,1,60.116943359375,both
304_jpg.rf.3207e9bd475cdcc9422b2c362ef1aa3f.jpg,train,640,640,1.0,2,1,1,73.62890625,both
31_jpg.rf.21b386a1004a99884ab35f3cebefa7a5.jpg,train,640,640,1.0,2,1,1,149.099365234375,both
31_jpg.rf.54c579167242404777792bf73445bf04.jpg,train,640,640,1.0,2,2,0,49.699951171875,fire_only
31_jpg.rf.6539ff5dff5395f16475a4a320c4a339.jpg,train,640,640,1.0,2,1,1,148.461181640625,both
31d4045ca4d5e0e9_jpg.rf.3b50adc351de701acc78600843df152c.jpg,train,640,640,1.0,1,1,0,13.931640625,fire_only
31d4045ca4d5e0e9_jpg.rf.47d6098828184d72db8cb52f226f7bd3.jpg,train,640,640,1.0,1,1,0,12.893310546875,fire_only
32-fire-in-kampong-cham_jpg.rf.d11a2b28b32bb9ce9f2a95fe6f7d16c5.jpg,train,640,640,1.0,2,1,1,86.135986328125,both
32_jpg.rf.707a8f208bf551fb3dc3fd12293a05d3.jpg,train,640,640,1.0,3,1,2,69.571533203125,both
332_jpg.rf.2b5a77349083261d1f83516ecd2fd98f.jpg,train,640,640,1.0,6,4,2,68.49609375,both
33_jpg.rf.5f79607272422cfc49499e70e698c8b5.jpg,train,640,640,1.0,1,0,1,109.8193359375,smoke_only
347_jpg.rf.150e08ae3d4cde8243832cf00ead1fe7.jpg,train,640,640,1.0,2,1,1,48.95849609375,both
34_jpg.rf.51362f3a87fd70b93284354291e0be8f.jpg,train,640,640,1.0,1,1,0,36.43994140625,fire_only
34_jpg.rf.9247697116a46c1d3b6bb23c92647ad9.jpg,train,640,640,1.0,2,2,0,109.1337890625,fire_only
351_jpg.rf.7e88c8aedaf12c59cdb02ad517bfec4f.jpg,train,640,640,1.0,4,2,2,82.39111328125,both
352_jpg.rf.1638408010e304ff098fe7dfda7d96e0.jpg,train,640,640,1.0,4,2,2,47.96240234375,both
3587d59b214a2adb_jpg.rf.6de3af85979608d0949f5c13ec555945.jpg,train,640,640,1.0,1,1,0,28.52197265625,fire_only
35_jpg.rf.12ff97802c2369b2a1b5dde4ab292a57.jpg,train,640,640,1.0,1,1,0,45.757568359375,fire_only
35_jpg.rf.81ee5a5e4d66a057eb0a97c44a9a4b88.jpg,train,640,640,1.0,4,3,1,121.793212890625,both
369_jpg.rf.deab83862e249682c1ebfb36f9bf4be6.jpg,train,640,640,1.0,3,2,1,72.4931640625,both
39_jpg.rf.2180e1527cb70e5c484a2e243c6b7bd3.jpg,train,640,640,1.0,4,2,2,137.189208984375,both
39_jpg.rf.23b36c4710d27171aad4dca7d4c53383.jpg,train,640,640,1.0,1,1,0,5.273681640625,fire_only
39_jpg.rf.56305e97513896a5d56083cfa9f80eaa.jpg,train,640,640,1.0,1,1,0,5.3515625,fire_only
39_jpg.rf.af57bb2cf9aaa3304f6432c31fecc4ac.jpg,train,640,640,1.0,1,1,0,5.3515625,fire_only
39_jpg.rf.e395f366add244fa2bd1de107fdde8c3.jpg,train,640,640,1.0,1,1,0,5.273681640625,fire_only
40_jpg.rf.8538688a31c760f68ec217dc96c6efa2.jpg,train,640,640,1.0,2,1,1,66.18798828125,both
40_jpg.rf.e05bf16dcd7ce3183af187f009f03fed.jpg,train,640,640,1.0,1,0,1,133.7060546875,smoke_only
423_jpg.rf.227516ee5298ea9fa3fcbf68e2c8d972.jpg,train,640,640,1.0,2,1,1,66.537353515625,both
43_jpg.rf.3d9ea7d9b3bc899454a919e9165f6f2a.jpg,train,640,640,1.0,1,1,0,67.75,fire_only
43_jpg.rf.97582c0eef12029a62fcc42290e1cd18.jpg,train,640,640,1.0,2,1,1,118.453369140625,both
456_jpg.rf.8f51aea858e46fb0bd14ab161b5b1901.jpg,train,640,640,1.0,4,2,2,73.486572265625,both
45_jpg.rf.c0301b7d43f074385c97f551bb3d12f9.jpg,train,640,640,1.0,2,1,1,67.65625,both
45_jpg.rf.e78884f84454d36630265bd46411cf67.jpg,train,640,640,1.0,1,1,0,74.9248046875,fire_only
46_jpg.rf.db232103ba4cf997b4f206bd2e8440f0.jpg,train,640,640,1.0,1,1,0,73.453857421875,fire_only
47_jpg.rf.e08fb174618ab4122947b1e774ecad8c.jpg,train,640,640,1.0,2,2,0,93.26025390625,fire_only
482_jpg.rf.d5177db6db7d6546a1efac529653ea86.jpg,train,640,640,1.0,5,2,3,57.991455078125,both
48_jpg.rf.4bea85f0219679736ce078bdae76ffde.jpg,train,640,640,1.0,4,1,3,89.628173828125,both
48_jpg.rf.562a3f457b5da7564def4c08b0bf770b.jpg,train,640,640,1.0,4,3,1,78.46826171875,both
48_jpg.rf.f5f9da565fa13a875637896a331b3f3a.jpg,train,640,640,1.0,4,1,3,89.628173828125,both
498_jpg.rf.0c40125a45f9756f82d997e0b5fd9786.jpg,train,640,640,1.0,3,3,0,82.819091796875,fire_only
49_jpg.rf.cfa30562fb6ace677d5e48923afc4250.jpg,train,640,640,1.0,1,0,1,92.416748046875,smoke_only
49_jpg.rf.df9ffd272840b9f39fb553117a1a4116.jpg,train,640,640,1.0,1,1,0,154.311279296875,fire_only
4_jpg.rf.98ef3de48a89bd2ac79af6d1fc915497.jpg,train,640,640,1.0,1,1,0,114.483642578125,fire_only
50_jpg.rf.07a2d23a6d0707687cf226bacd1a2f8f.jpg,train,640,640,1.0,1,1,0,117.703125,fire_only
511_jpg.rf.012df46e5de39becf348e98afb375c34.jpg,train,640,640,1.0,4,4,0,47.204345703125,fire_only
511_jpg.rf.4085ee185060718ce47fee4bda122469.jpg,train,640,640,1.0,4,4,0,44.220947265625,fire_only
52_jpg.rf.4ed3c91cf325e1db9d67a4351421973b.jpg,train,640,640,1.0,1,1,0,100.21533203125,fire_only
52_jpg.rf.8022d098d9e4a124aee0e3296ea39de3.jpg,train,640,640,1.0,1,1,0,101.3857421875,fire_only
532_jpg.rf.3574964ad5d81c505e4821a3c1e1d125.jpg,train,640,640,1.0,4,2,2,71.380615234375,both
536_jpg.rf.72236944a242bc8afb1f0cd0daea7687.jpg,train,640,640,1.0,2,1,1,84.050537109375,both
555_jpg.rf.0959996e7150d84e4f8fa1248efe5e5d.jpg,train,640,640,1.0,1,1,0,65.929443359375,fire_only
55_jpg.rf.7d7eb47cf66be7958398f38d6ae5f57f.jpg,train,640,640,1.0,1,1,0,65.818115234375,fire_only
577_jpg.rf.643090d871207b4c54ae676612fe84a7.jpg,train,640,640,1.0,1,1,0,43.063720703125,fire_only
578_jpg.rf.be5fc7ea76f70cb47c0434bb605908ff.jpg,train,640,640,1.0,5,2,3,84.330078125,both
5870742ea2f5703b_jpg.rf.fc37420a81a9f95fcd5e1d299f7a101d.jpg,train,640,640,1.0,2,2,0,71.331787109375,fire_only
588_jpg.rf.a60033b92fb02e655067ba58dad23e7c.jpg,train,640,640,1.0,1,1,0,59.423828125,fire_only
596_jpg.rf.92d037b9a10693446754f44c834c5a40.jpg,train,640,640,1.0,2,1,1,68.369873046875,both
59_jpg.rf.92751a289fca9ae1f6b2b01f17cd20a6.jpg,train,640,640,1.0,1,1,0,125.06103515625,fire_only
59d49edc7bb2768b_jpg.rf.10a019a13a004f7a3a2a86a74981fa90.jpg,train,640,640,1.0,1,1,0,72.21826171875,fire_only
5_jpg.rf.5d947f3b5cfbf07b7ff2330a1999b8c1.jpg,train,640,640,1.0,1,0,1,72.484619140625,smoke_only
5_jpg.rf.913a6a17381270ead7625b33a13f1569.jpg,train,640,640,1.0,1,1,0,87.554931640625,fire_only
603_jpg.rf.493a8646fe6d150d012e0aec0a016007.jpg,train,640,640,1.0,1,1,0,61.739501953125,fire_only
603_jpg.rf.4cab259b96addac7e87a95dcbe469654.jpg,train,640,640,1.0,1,1,0,62.997802734375,fire_only
603_jpg.rf.b67050660872f5a1f38967b4b4e59f42.jpg,train,640,640,1.0,1,1,0,62.997802734375,fire_only
61_jpg.rf.09e2f32d61eb5e26120d418bf53e1d3f.jpg,train,640,640,1.0,1,1,0,137.27880859375,fire_only
621_jpg.rf.b3dea1267a02bad6f0c21b981b52d772.jpg,train,640,640,1.0,1,1,0,79.299072265625,fire_only
62_jpg.rf.3141e89c0972d3cec6459804da6f8646.jpg,train,640,640,1.0,1,1,0,131.592041015625,fire_only
62b83c478250a39a_jpg.rf.d929b8f67a8712c3790ffbf615cac728.jpg,train,640,640,1.0,1,1,0,53.663330078125,fire_only
635_jpg.rf.9fc8ccebaede41f1e327323d729d96f2.jpg,train,640,640,1.0,1,1,0,38.39794921875,fire_only
647_jpg.rf.79014baf3d80f24e50c7e3129e5f52d4.jpg,train,640,640,1.0,2,1,1,44.37646484375,both
647_jpg.rf.e786e894c0249df4ae82a05f481377d5.jpg,train,640,640,1.0,2,1,1,43.720703125,both
64_jpg.rf.f7db07659e85c1f768e9d6fba0e05e85.jpg,train,640,640,1.0,1,1,0,98.960693359375,fire_only
65-Copy_jpg.rf.b4eb545357307dbe3df0c8f45620ec50.jpg,train,640,640,1.0,5,5,0,38.677978515625,fire_only
655_jpg.rf.19615adc24ff0263ac1a98ebb29e8435.jpg,train,640,640,1.0,2,1,1,66.54248046875,both
655_jpg.rf.fe5d0ad99ddff4b25417c875437dcbfc.jpg,train,640,640,1.0,2,1,1,66.0244140625,both
65a074a2dbfed5b6_jpg.rf.4298ef893d674938dc8a16e965621cd1.jpg,train,640,640,1.0,1,1,0,71.826416015625,fire_only
6660ead275b92c0b_jpg.rf.d11a58baf827595bf6174cd524e2a2bf.jpg,train,640,640,1.0,1,1,0,45.98828125,fire_only
668_jpg.rf.82594154fbdf6f8fd749f095ca4e2763.jpg,train,640,640,1.0,1,1,0,88.880126953125,fire_only
675_jpg.rf.b670459136ba67c824db17d8c66d7034.jpg,train,640,640,1.0,2,1,1,86.099609375,both
684_jpg.rf.4530e0923706ca92798a9f081ab85c27.jpg,train,640,640,1.0,1,1,0,80.04052734375,fire_only
684_jpg.rf.9e72466a6f74f8485de78c4b96fd4bfa.jpg,train,640,640,1.0,1,1,0,80.295654296875,fire_only
68_jpg.rf.bebc4ffb42f00f9f4e0e345d95dddb87.jpg,train,640,640,1.0,1,1,0,100.223388671875,fire_only
694_jpg.rf.cd5116e0a3231acdabe66d8e0513bfc4.jpg,train,640,640,1.0,2,1,1,45.702880859375,both
69_jpg.rf.af2eb8924cd345a55615c5167331966b.jpg,train,640,640,1.0,1,1,0,97.431640625,fire_only
6c03acbd11f6e2be_jpg.rf.78897434824fe3e0142a92bae3f9a8f2.jpg,train,640,640,1.0,1,1,0,81.44384765625,fire_only
702_jpg.rf.d8e31ee0818507761948a53d35e2107d.jpg,train,640,640,1.0,3,3,0,41.01611328125,fire_only
717_jpg.rf.08a42eed7685350d248d8ac6d5fbeb90.jpg,train,640,640,1.0,2,1,1,69.587158203125,both
71_jpg.rf.55f359135a10e0fcaf0ea1ae51b86f7c.jpg,train,640,640,1.0,1,1,0,104.976806640625,fire_only
739_jpg.rf.e939285188936c8e5c7a55a015bcb7b8.jpg,train,640,640,1.0,1,1,0,94.701904296875,fire_only
73_jpg.rf.910fbbeafbcf998232542b7823b15a4d.jpg,train,640,640,1.0,1,1,0,93.7841796875,fire_only
73_jpg.rf.e450fc0a829977afbd71e2e91aef2f81.jpg,train,640,640,1.0,1,1,0,94.31591796875,fire_only
74-Copy_jpg.rf.3294cf44c3244359d5573ae8598b8f98.jpg,train,640,640,1.0,2,1,1,93.12744140625,both
766_jpg.rf.d93cd21a72593c1d1bd857a8d782e62d.jpg,train,640,640,1.0,6,3,3,64.484375,both
770_jpg.rf.1ff6af1b8fe45304edff4a95df2fde32.jpg,train,640,640,1.0,3,2,1,59.873779296875,both
770_jpg.rf.68f65bff0016a96897b01135f58ebfc0.jpg,train,640,640,1.0,3,2,1,58.66650390625,both
773_jpg.rf.1780c6d1c410625c39c81ccffde12207.jpg,train,640,640,1.0,3,1,2,49.96435546875,both
776_jpg.rf.5eb70e4baeaa5c8ade93811fad75daf6.jpg,train,640,640,1.0,2,1,1,96.366943359375,both
781_jpg.rf.6ebb948a3aebf30a5db84611464e5d23.jpg,train,640,640,1.0,4,1,3,96.77490234375,both
785_jpg.rf.aff394e075552f3bbbfd95fa91059395.jpg,train,640,640,1.0,1,1,0,42.755859375,fire_only
78_jpg.rf.2f0ed1615d1469805cb35f874c5c27ec.jpg,train,640,640,1.0,2,2,0,91.94921875,fire_only
7_jpg.rf.23560c35f2e353c15781278ba49dad07.jpg,train,640,640,1.0,1,1,0,38.22998046875,fire_only
80-Copy_jpg.rf.89562b9238a8ea935674ed4d6a6c9f89.jpg,train,640,640,1.0,4,2,2,56.01318359375,both
80-Copy_jpg.rf.ef8eed4dbee6253c57541f3ccbf9d12c.jpg,train,640,640,1.0,3,2,1,99.108642578125,both
803_jpg.rf.52f145163117084262495386bd202a96.jpg,train,640,640,1.0,4,1,3,100.046630859375,both
805_jpg.rf.5ebdb15f8e81f5995a35251be8156c11.jpg,train,640,640,1.0,2,1,1,21.996337890625,both
805_jpg.rf.e5e88fdd5f8f7457ec554d13981f78b9.jpg,train,640,640,1.0,2,1,1,22.989013671875,both
807_jpg.rf.eb630a313fb0536cc085d82c9e1bd78b.jpg,train,640,640,1.0,3,1,2,99.9775390625,both
81-Copy_jpg.rf.1968be5db179ad11b2f72df85b5cf2a5.jpg,train,640,640,1.0,1,1,0,97.59814453125,fire_only
813_jpg.rf.829f8e1c5b48321a42b9e84875f4cb9f.jpg,train,640,640,1.0,6,5,1,88.174072265625,both
82-Copy_jpg.rf.9e11a0665f9eb6814e66060329bb0b68.jpg,train,640,640,1.0,9,4,5,126.22802734375,both
823_jpg.rf.4490785f3ed3655c47b58b7520cfd9f3.jpg,train,640,640,1.0,4,3,1,59.95458984375,both
83-59ebbe7676ecf-image_jpg.rf.9de46484d4af7f9bbdf0f14ce09c1581.jpg,train,640,640,1.0,3,2,1,55.85791015625,both
847d16a3d7db715f_jpg.rf.e6812611885266605da89fb6a0cea497.jpg,train,640,640,1.0,1,1,0,77.099853515625,fire_only
858_jpg.rf.f5d68f81beda993fe914a2bbecc757ba.jpg,train,640,640,1.0,8,3,5,68.67578125,both
859_jpg.rf.b7c6b0b0c8635940928f077d190a53ad.jpg,train,640,640,1.0,5,3,2,89.445068359375,both
85_jpg.rf.3d3736bc27a44679740d58eebdeb3100.jpg,train,640,640,1.0,1,1,0,100.92919921875,fire_only
85_jpg.rf.b33d2c218f3fede6abc8b17a3222b3cd.jpg,train,640,640,1.0,1,1,0,100.61865234375,fire_only
860_jpg.rf.e670ea9c7b669a20473ff1cb2b1e43ea.jpg,train,640,640,1.0,7,2,5,86.547119140625,both
86_jpg.rf.480e67e649d301abab850c5c176416ae.jpg,train,640,640,1.0,1,1,0,100.111083984375,fire_only
870_jpg.rf.7a41ae5d358a6151a7a9129ab42fc4e3.jpg,train,640,640,1.0,1,1,0,46.034912109375,fire_only
871_jpg.rf.360d3af766c9b36d86e5d899cee5c3f4.jpg,train,640,640,1.0,7,4,3,90.317626953125,both
874_jpg.rf.133e4d9d6dd9d27c4d6611d7ae70e3e4.jpg,train,640,640,1.0,3,1,2,79.549560546875,both
874_jpg.rf.8886a8fd3a327e2a710f2f636e531e6d.jpg,train,640,640,1.0,3,1,2,80.209228515625,both
875_jpg.rf.6ad44edfbf725f4847ffbf761ae54e01.jpg,train,640,640,1.0,2,2,0,52.031982421875,fire_only
88-Copy_jpg.rf.5ef0b6357be13241c1e1d31127c79152.jpg,train,640,640,1.0,6,5,1,120.931640625,both
88_jpg.rf.c801bdb44a1171076943d1e2dd10b877.jpg,train,640,640,1.0,1,1,0,64.093017578125,fire_only
891_jpg.rf.03454dfb682747e02435ef7a95b6dbe1.jpg,train,640,640,1.0,3,1,2,144.173095703125,both
891_jpg.rf.8d84afe9c57513a394c26c5a1ce8fc1c.jpg,train,640,640,1.0,3,1,2,142.930419921875,both
899_jpg.rf.a10f95105acb0fd2b818c27666f14e5c.jpg,train,640,640,1.0,3,1,2,65.854248046875,both
899_jpg.rf.e16ec67d1b4dd2bf5be09117e8cf4e56.jpg,train,640,640,1.0,3,1,2,66.07958984375,both
89_jpg.rf.ca1975628fa61213f19350f28dda8d61.jpg,train,640,640,1.0,1,1,0,107.73291015625,fire_only
8_jpg.rf.6d5f6fc714492dff41b408f88cd6f25c.jpg,train,640,640,1.0,1,1,0,102.25048828125,fire_only
8_jpg.rf.b6422dbc71ab07afef631f5c6c08851f.jpg,train,640,640,1.0,3,1,2,95.108642578125,both
8a90333c0cf4d06a_jpg.rf.91e2519895903c08e5991a985ef21f65.jpg,train,640,640,1.0,1,1,0,21.876953125,fire_only
908_jpg.rf.d2f4e0cc4f64102fa43d1b330f37ce86.jpg,train,640,640,1.0,2,2,0,99.509521484375,fire_only
90_jpg.rf.feb72480b0d2944278422a740a179f50.jpg,train,640,640,1.0,1,1,0,107.565185546875,fire_only
91-Copy_jpg.rf.7b4bd2dd196bbf629c486ba107918b03.jpg,train,640,640,1.0,1,1,0,49.09765625,fire_only
91-Copy_jpg.rf.a6b8c05d3e74ad59209c75c4def0d444.jpg,train,640,640,1.0,1,1,0,36.941650390625,fire_only
914_jpg.rf.0b28631ad136e15135c366e291d07eb5.jpg,train,640,640,1.0,4,1,3,77.66455078125,both
915_jpg.rf.2537c7505c9d184cb1817866537d9fa7.jpg,train,640,640,1.0,2,1,1,97.295654296875,both
91_jpg.rf.a33d93df2f3e7261793d1538e763cac4.jpg,train,640,640,1.0,2,1,1,140.447998046875,both
932_jpg.rf.a96e36a3e1ea851feeeb87143edd8dfc.jpg,train,640,640,1.0,1,1,0,75.660888671875,fire_only
932_jpg.rf.b8a4e4631b64319d3d985d9adeb522be.jpg,train,640,640,1.0,1,1,0,77.6357421875,fire_only
937_jpg.rf.cae6577fb590f90c65bd902cd88210f6.jpg,train,640,640,1.0,3,2,1,91.01318359375,both
939_jpg.rf.773a7f26a6e603a1c42e4f1eb92e3434.jpg,train,640,640,1.0,2,1,1,67.14892578125,both
93_jpg.rf.d3e9ce47f8542713d5eeeace3a2a18d3.jpg,train,640,640,1.0,1,1,0,104.0537109375,fire_only
93a66a5359bc8a17_jpg.rf.2c8ff351bc65cf8490b4a5a96b536b52.jpg,train,640,640,1.0,1,1,0,49.464599609375,fire_only
94_jpg.rf.5f00445dc0595f30b44eb66bfed561d4.jpg,train,640,640,1.0,2,1,1,111.87744140625,both
94_jpg.rf.eea73cb4120d0eeb85ccec83c147de98.jpg,train,640,640,1.0,1,1,0,100.501708984375,fire_only
95-Copy_jpg.rf.c2fe0624acc19ca39bd6d925e1044559.jpg,train,640,640,1.0,3,1,2,54.593994140625,both
95-Copy_jpg.rf.f94a91b678dd41a4493fe01e4b85664a.jpg,train,640,640,1.0,3,1,2,55.28125,both
962_jpg.rf.d53b748151c6b61bcceb85ccc8af8916.jpg,train,640,640,1.0,5,3,2,28.474853515625,both
96_jpg.rf.54c5fd7547260005341fa7e4efe71aed.jpg,train,640,640,1.0,1,1,0,107.329345703125,fire_only
97_jpg.rf.037ac2e6e384682cf5635ee9b2ef20e5.jpg,train,640,640,1.0,1,1,0,89.9794921875,fire_only
98_jpg.rf.2e853dce23647c1068539548465b3980.jpg,train,640,640,1.0,6,2,4,95.03125,both
98_jpg.rf.c0e3b27ebc1d2b500eb9a364f65ccd89.jpg,train,640,640,1.0,1,1,0,87.33984375,fire_only
99_jpg.rf.c50472896b540182d20512ed5acf9f9c.jpg,train,640,640,1.0,1,1,0,108.30615234375,fire_only
9_jpg.rf.9d9b42480e3d324089f05c42481f366b.jpg,train,640,640,1.0,1,1,0,43.653564453125,fire_only
AdobeStock_249454423-scaled_jpeg_jpg.rf.7e9ec61251d6576a727c2f30a87898c2.jpg,train,640,640,1.0,0,0,0,170.166259765625,background
Ash_Tree_-_geograph-org-uk_-_590710_jpg.rf.c6cf84ff335b3e4faeeeec0aa5249913.jpg,train,640,640,1.0,0,0,0,115.5048828125,background
BowFire_MirrorWEBSmoke2609_jpg.rf.2a45076ab07026d3ea2337c8d73ed3e2.jpg,train,640,640,1.0,4,2,2,123.874755859375,both
BowFire_NoiseWEBSmoke2607_jpg.rf.069297c91cc8e49bd4661f478574d600.jpg,train,640,640,1.0,2,1,1,47.773681640625,both
BowFire_NoiseWEBSmoke2607_jpg.rf.829901edf6a584788c599efc2b45679e.jpg,train,640,640,1.0,2,1,1,47.773681640625,both
BowFire_WEBSmoke2607_jpg.rf.3d381048c6ccf077e934705571a3ae05.jpg,train,640,640,1.0,2,1,1,35.08154296875,both
BowFire_WEBSmoke2609_jpg.rf.bd801fd8678d4ead069a105300ab99a6.jpg,train,640,640,1.0,4,2,2,123.87255859375,both
Citroen-c3-Mobile-banner_640x1120-2-_jpg.rf.64cdeb54ffbdc88000f97aebc91e4eeb.jpg,train,640,640,1.0,0,0,0,132.703857421875,background
ck0k99e6p79go0944lmxivkmv_jpeg_jpg.rf.c51abcdef0a31690d9f3bd928f0e6e55.jpg,train,640,640,1.0,1,0,1,130.023681640625,smoke_only
ck0k9dg0vjxcg0848rmqzl38w_jpeg_jpg.rf.afb9f52fa7ad10a2ea653a34d5072e08.jpg,train,640,640,1.0,1,0,1,103.15283203125,smoke_only
ck0k9dzyzirme0a46fhirxayi_jpeg_jpg.rf.49903aba702ce1a405af18f77b3d0f30.jpg,train,640,640,1.0,1,0,1,119.56787109375,smoke_only
ck0k9etuqjxhh0848k6i1mw2f_jpeg_jpg.rf.567482660315aa779eb748113c2f2e05.jpg,train,640,640,1.0,1,0,1,107.552001953125,smoke_only
ck0k9lqaz4ict0863typf3ngd_jpeg_jpg.rf.c0c3b1b6f7b5affff1873e2a8deb5e2a.jpg,train,640,640,1.0,1,0,1,105.513671875,smoke_only
ck0kcaec57i7s0944jkpjyecx_jpeg_jpg.rf.2a12098bcf674f9f2f26381da76ec09d.jpg,train,640,640,1.0,1,0,1,109.7021484375,smoke_only
ck0kcbvwl4tja0794csyimfqu_jpeg_jpg.rf.1b164aa7392f0e6680878e1f591d545e.jpg,train,640,640,1.0,1,0,1,105.756591796875,smoke_only
ck0kcju199xgd0721ljl6cd2n_jpeg_jpg.rf.0cd2960a854fb02fbb912ac02330b9ef.jpg,train,640,640,1.0,1,0,1,111.486083984375,smoke_only
ck0kck2czj0l10a46f6xkvofl_jpeg_jpg.rf.073ea8c35d4583c99e0c89ab96712628.jpg,train,640,640,1.0,1,0,1,122.18310546875,smoke_only
ck0kck2czj0l10a46f6xkvofl_jpeg_jpg.rf.a2eee920284fffa11f790d278afe24a0.jpg,train,640,640,1.0,1,0,1,122.18310546875,smoke_only
ck0kcko719xjn0721pujcl4if_jpeg_jpg.rf.343077f0c8e19a0c68a097cc61de450c.jpg,train,640,640,1.0,1,0,1,111.63134765625,smoke_only
ck0kcljocj0qo0a46rzj3y211_jpeg_jpg.rf.fb6cfef094f318708c093baebd3c203a.jpg,train,640,640,1.0,1,0,1,111.451416015625,smoke_only
ck0kcpbi29y0x0721g7dlzzcs_jpeg_jpg.rf.3ffec8195334367d6350673ddd1cea67.jpg,train,640,640,1.0,1,0,1,105.74658203125,smoke_only
ck0kcsfho4r010863q5sjbub6_jpeg_jpg.rf.e949659b9fb831097e01a3e42cf62bb9.jpg,train,640,640,1.0,1,0,1,129.45361328125,smoke_only
ck0kcso214r0r0863m2otgmja_jpeg_jpg.rf.d24077c2c9db8d959f4f73e9d512ae20.jpg,train,640,640,1.0,1,0,1,150.4287109375,smoke_only
ck0kd2lpc7kvu0944pq8xomg1_jpeg_jpg.rf.e2daf1bea3e7dfdf515284cbd6fa0473.jpg,train,640,640,1.0,1,0,1,109.98583984375,smoke_only
ck0kd4afx8g470701watkwxut_jpeg_jpg.rf.cd198b799ef4e76088c6ab5eef99eb87.jpg,train,640,640,1.0,1,0,1,105.794921875,smoke_only
ck0kd7h8nj2m70a469e4k6x92_jpeg_jpg.rf.5dc54668b226ff3258b3d2b0d7359dc3.jpg,train,640,640,1.0,1,0,1,111.75830078125,smoke_only
ck0kdeqv8a00m0721x8avt6qe_jpeg_jpg.rf.e3d122ca489030dec69feb1efed4cec3.jpg,train,640,640,1.0,1,0,1,102.856201171875,smoke_only
ck0kdgfrn7loi0944bc5njxd7_jpeg_jpg.rf.4472ffe80479521b75d7fdd8289dc496.jpg,train,640,640,1.0,1,0,1,110.405517578125,smoke_only
ck0kdgfrn7loi0944bc5njxd7_jpeg_jpg.rf.d05a362a17c98158d0a784578d922cef.jpg,train,640,640,1.0,1,0,1,110.405517578125,smoke_only
ck0kdh8yok8rw08486abmn3z3_jpeg_jpg.rf.283c35e3041642a0a6508248454d3159.jpg,train,640,640,1.0,1,0,1,110.865966796875,smoke_only
ck0kdhymna0b10721v4wntit8_jpeg_jpg.rf.326d41b25ae93a58b2b3dbb29ba55030.jpg,train,640,640,1.0,1,0,1,106.697998046875,smoke_only
ck0kdklhl8h7h07015yka75gg_jpeg_jpg.rf.baa96cc0586377144d2926b80ebde8ad.jpg,train,640,640,1.0,1,0,1,129.910888671875,smoke_only
ck0kdobka8hev07019b3gbgq6_jpeg_jpg.rf.1cb105e916753c4bfc491caa79b6bcb5.jpg,train,640,640,1.0,1,0,1,106.241943359375,smoke_only
ck0kdox8w69td0838i6leuzy9_jpeg_jpg.rf.05bc8e11826ca22f077e8f861e49966d.jpg,train,640,640,1.0,1,0,1,103.226806640625,smoke_only
ck0kdpfyk4t8v08633b9u5zhe_jpeg_jpg.rf.19e93a2c8cb41fd0bdfd47c45a3d275b.jpg,train,640,640,1.0,1,0,1,114.892822265625,smoke_only
ck0kdvg6tj4hn0a46k06job5k_jpeg_jpg.rf.f87a61fea2cbb6099fa5980ad34ae2f5.jpg,train,640,640,1.0,1,0,1,104.404541015625,smoke_only
ck0ken8886dvt0838isatschp_jpeg_jpg.rf.14e022dd0203346512b485aba6e7f136.jpg,train,640,640,1.0,1,0,1,111.80322265625,smoke_only
ck0kengxx4xiw0863hvii9d2r_jpeg_jpg.rf.f23b964c6ee95d1270f6b69b8ef57892.jpg,train,640,640,1.0,1,0,1,121.961181640625,smoke_only
ck0keo0re4xll086378211i65_jpeg_jpg.rf.90c047fbc7e264827aba46a68d75b667.jpg,train,640,640,1.0,1,0,1,111.6064453125,smoke_only
ck0keop2ya51r072149ntr73o_jpeg_jpg.rf.c1040cf774a5a00c66ea30efc205aa36.jpg,train,640,640,1.0,1,0,1,111.337890625,smoke_only
ck0kepbs9kdym0848hgpcf3y9_jpeg_jpg.rf.4bf58166068a578b8064cec992588c48.jpg,train,640,640,1.0,1,0,1,100.829345703125,smoke_only
ck0keqofqkeab0848eq712ch1_jpeg_jpg.rf.55fa815daccfe4efac84cc245132c0eb.jpg,train,640,640,1.0,1,0,1,112.707763671875,smoke_only
ck0kewjljj9q20a46zd3hi5wl_jpeg_jpg.rf.c3b28bff4458cb1023d37649c43abf73.jpg,train,640,640,1.0,1,0,1,129.111328125,smoke_only
ck0kewsaha6hh07215jgx1bp2_jpeg_jpg.rf.74a9b30ef5bbf7f6006b995514726f8f.jpg,train,640,640,1.0,1,0,1,151.044677734375,smoke_only
ck0kexd04j9w30a4628x0rzxi_jpeg_jpg.rf.0c6b8090adb214fa96fc2e3b00d8f5cb.jpg,train,640,640,1.0,1,0,1,153.220947265625,smoke_only
ck0kfljfp7vuk09441308dug1_jpeg_jpg.rf.1bdd393aa7c255a96610884ad5faa300.jpg,train,640,640,1.0,1,0,1,108.3779296875,smoke_only
ck0kfm0ie6jf7083851froruk_jpeg_jpg.rf.05310dcd949e577cd70c7a24fea6517b.jpg,train,640,640,1.0,1,0,1,104.155517578125,smoke_only
ck0kfnjva6jp60838d6vqyxq2_jpeg_jpg.rf.a33ca8de32784142d2c45bfe9e6240ac.jpg,train,640,640,1.0,1,0,1,103.60791015625,smoke_only
ck0khrpvr6w7p08381txzz4na_jpeg_jpg.rf.7e7da26e80a8f194441326749c534778.jpg,train,640,640,1.0,1,0,1,111.548828125,smoke_only
ck0khrzkh940s0701k1i2tfe3_jpeg_jpg.rf.f1ada0ca192e0259701116a3f6b28c8d.jpg,train,640,640,1.0,1,0,1,121.733642578125,smoke_only
ck0khsg8rangi07215h1hso72_jpeg_jpg.rf.40aa9b5ce2c5facc9b9bfcd2f5f0fc4c.jpg,train,640,640,1.0,1,0,1,111.37548828125,smoke_only
ck0kht0vs5k2r079428olg3jt_jpeg_jpg.rf.bf34df61048e89f9a0d146627a60c005.jpg,train,640,640,1.0,1,0,1,111.174072265625,smoke_only
ck0khu2xz94nj070165dkfirk_jpeg_jpg.rf.a463a7231746c36deda55cd4098edf68.jpg,train,640,640,1.0,1,0,1,110.507568359375,smoke_only
ck0kk7o8o5vu70794mj0deixq_jpeg_jpg.rf.db60f1556e724f9150b3e949677291d5.jpg,train,640,640,1.0,1,0,1,110.714111328125,smoke_only
ck0kkep0vb0nz0721g3sq0a4g_jpeg_jpg.rf.61f0b5033cfc72e62c726116345cfda5.jpg,train,640,640,1.0,1,0,1,117.650146484375,smoke_only
ck0kkg0u65u3q0863z6w2psqp_jpeg_jpg.rf.521bac826f26bb7728ad4c0d28535874.jpg,train,640,640,1.0,1,0,1,128.060302734375,smoke_only
ck0kkg80v5x900794hcgsb4e1_jpeg_jpg.rf.3cf38ae51c2a55899ca47e9e27c55048.jpg,train,640,640,1.0,1,0,1,103.76123046875,smoke_only
ck0kkgh0ik3y20a46kzrit8v2_jpeg_jpg.rf.d3891a6cc2af47a73b01cd42ff7e944a.jpg,train,640,640,1.0,1,0,1,117.096435546875,smoke_only
ck0kkgwvk9hhg0701edmbvr7r_jpeg_jpg.rf.02cadc37c5cbd13e004067169c5cb137.jpg,train,640,640,1.0,1,0,1,104.0615234375,smoke_only
ck0kkhi2lb1b30721f7ltwn14_jpeg_jpg.rf.dd85551f113b04a65f64fc5d549803de.jpg,train,640,640,1.0,1,0,1,116.795654296875,smoke_only
ck0kksymy5z9j0794x0i3rdvo_jpeg_jpg.rf.16efc1fbe930b1e46059f07c5caa4d40.jpg,train,640,640,1.0,1,0,1,108.66748046875,smoke_only
ck0kkta309jh807010cayyl5d_jpeg_jpg.rf.76acabf313e531ee49dcbc14412e92f5.jpg,train,640,640,1.0,1,0,1,105.59521484375,smoke_only
ck0kkthj17c9g0838c3vjfndl_jpeg_jpg.rf.88b37325d71b51b34bb1c4b8ebf26199.jpg,train,640,640,1.0,1,0,1,105.35302734375,smoke_only
ck0kkv2jf8pil09448qnz1ndu_jpeg_jpg.rf.71294b428f5096d22e662fa510b1b604.jpg,train,640,640,1.0,1,0,1,103.684814453125,smoke_only
ck0kkwqeq5zxe07942ouxkr5q_jpeg_jpg.rf.1a6d8ce9e58e2e76dc18fb0fa5331da9.jpg,train,640,640,1.0,1,0,1,111.75390625,smoke_only
ck0kkxafs5wwc08631zxdpdyd_jpeg_jpg.rf.fb80ab1674f61d7ca0664436d2372964.jpg,train,640,640,1.0,1,0,1,111.346435546875,smoke_only
ck0kkxngib3qh0721x6mgyttk_jpeg_jpg.rf.636c1fa4510cef9908eb88bf2438708a.jpg,train,640,640,1.0,1,0,1,121.7880859375,smoke_only
ck0kkywt08q2d0944abjjfi8q_jpeg_jpg.rf.246281e4bdce3ce36a335fc102c79299.jpg,train,640,640,1.0,1,0,1,111.209716796875,smoke_only
ck0kkzzufk6zy0a464la26n1c_jpeg_jpg.rf.c4ad5ede61d99d7d8e555ab6216c37ec.jpg,train,640,640,1.0,1,0,1,102.611572265625,smoke_only
ck0kl1k8d9ks80701twyaq08t_jpeg_jpg.rf.7de3c26b601dccc71f173d7d550a02bd.jpg,train,640,640,1.0,1,0,1,121.578369140625,smoke_only
ck0kl3bjt5xyz0863ru5wbw27_jpeg_jpg.rf.ddbe1491ec3f5d7e654763aebd0ce624.jpg,train,640,640,1.0,1,0,1,152.574462890625,smoke_only
ck0kl3wpd616z079452ea8lq2_jpeg_jpg.rf.07c09926aaa7ac2b4ff14f95c7c1be22.jpg,train,640,640,1.0,1,0,1,152.124755859375,smoke_only
ck0klds7p9myv07018b68zcsu_jpeg_jpg.rf.767e66a5c6b883d60186141fac189fd0.jpg,train,640,640,1.0,1,0,1,108.72216796875,smoke_only
ck0km26n78w6b0944d8vapoyy_jpeg_jpg.rf.b58a06669903d747d211dadfc057e28e.jpg,train,640,640,1.0,1,0,1,103.5771484375,smoke_only
ck0km415y8wk90944mab9i4lr_jpeg_jpg.rf.d0b1c983e85e5c4c0e3412581583a102.jpg,train,640,640,1.0,1,0,1,111.37451171875,smoke_only
ck0km4pkh640f086302no99ma_jpeg_jpg.rf.812aa88a62a3c278ac4e3e3050631ace.jpg,train,640,640,1.0,1,0,1,111.48876953125,smoke_only
ck0km4x1h672j0794gya4kfco_jpeg_jpg.rf.f46a772744954281253e6c0d6a47b16a.jpg,train,640,640,1.0,1,0,1,122.814697265625,smoke_only
ck0km5c8vke4q0a46trc774lh_jpeg_jpg.rf.e0e2180c4fa22a619b5be98746d85378.jpg,train,640,640,1.0,1,0,1,111.512939453125,smoke_only
ck0km5x3u9r910701d3yfjhtv_jpeg_jpg.rf.b78701cbe3cd6f52ef4a8f2b95ca8634.jpg,train,640,640,1.0,1,0,1,111.359375,smoke_only
ck0kmewv08ygm0944br9j606r_jpeg_jpg.rf.872b586da93e02e58208d847a723aed0.jpg,train,640,640,1.0,1,0,1,101.345947265625,smoke_only
ck0kmf5q58yik0944gdwwrqnt_jpeg_jpg.rf.b2c811f805cd4d408f08eefdb418f166.jpg,train,640,640,1.0,1,0,1,110.6923828125,smoke_only
ck0kmftzekfwv0a46aj0nh5dz_jpeg_jpg.rf.48f95ca66d5893708d8ff569b65a929c.jpg,train,640,640,1.0,1,0,1,110.484130859375,smoke_only
ck0kmgevm69ac0794mihosd3p_jpeg_jpg.rf.218f31f85353e5556810211e0ebec171.jpg,train,640,640,1.0,1,0,1,124.4814453125,smoke_only
ck0kmi067lmu70848mrnfi0rc_jpeg_jpg.rf.bd5b01be1885768d43707bf45e375de9.jpg,train,640,640,1.0,1,0,1,103.51220703125,smoke_only
ck0kmi7k47m0i08380dwkjuc1_jpeg_jpg.rf.116f4d4429525fae1fd692ef574bd6d1.jpg,train,640,640,1.0,1,0,1,116.799560546875,smoke_only
ck0kmp3qy67dy08634jubsyx8_jpeg_jpg.rf.d3104e3d408f58d9f4e18ec2a498c7f6.jpg,train,640,640,1.0,1,0,1,107.37060546875,smoke_only
ck0kmpmy67n4j08386u8554cs_jpeg_jpg.rf.03ebb2426b2c8735cd782085036a3c99.jpg,train,640,640,1.0,1,0,1,108.53857421875,smoke_only
ck0kmtk7c90w60944bjhqhm4j_jpeg_jpg.rf.7fedb2cd332932312203a56fe373fcff.jpg,train,640,640,1.0,1,0,1,108.953369140625,smoke_only
ck0kn591g92v60944tmg09bpa_jpeg_jpg.rf.31ec77ec0c7272f8719108ceff50295f.jpg,train,640,640,1.0,1,0,1,105.204833984375,smoke_only
ck0kn6a6093460944dnwl19so_jpeg_jpg.rf.13b4406a2892483ef7d6df4c09162bc5.jpg,train,640,640,1.0,1,0,1,104.77880859375,smoke_only
ck0kn6xvv6ds10794waw8k1tx_jpeg_jpg.rf.d5eef1f0edcb4c48c847164b17ad5b75.jpg,train,640,640,1.0,1,0,1,103.6318359375,smoke_only
ck0kn8y5y9y3507018k5p06ma_jpeg_jpg.rf.9239d39d54fe1ac8ad49c02abc17541e.jpg,train,640,640,1.0,1,0,1,111.405029296875,smoke_only
ck0kn966blrt008482afk6mhy_jpeg_jpg.rf.a7cbc89194408feb8fdd9510b83d9a83.jpg,train,640,640,1.0,1,0,1,122.945068359375,smoke_only
ck0koqsqta39h0701f6xas96g_jpeg_jpg.rf.d2de7d81aa0172f3c97e6226218e5fff.jpg,train,640,640,1.0,1,0,1,123.1181640625,smoke_only
ck0korwq7kq730a465vnctqhc_jpeg_jpg.rf.dd137209264898996a27104bfe67f564.jpg,train,640,640,1.0,1,0,1,129.981201171875,smoke_only
ck0kosmizkqdq0a46xgz65fgt_jpeg_jpg.rf.9d35d578db159b9d072c08ba2364a35c.jpg,train,640,640,1.0,1,0,1,152.723876953125,smoke_only
ck0kosu846k350794gya7bot0_jpeg_jpg.rf.07fb4e167de2442504e1af794eb6259b.jpg,train,640,640,1.0,1,0,1,117.638916015625,smoke_only
ck0kot81t6k5g079474qsyev2_jpeg_jpg.rf.31cdc748ea6eb75afccf2aeab5a2b47e.jpg,train,640,640,1.0,1,0,1,152.1513671875,smoke_only
ck0kotq5d99760944cc8w1pib_jpeg_jpg.rf.687c02c44c52a0e1fb0456f88d64409b.jpg,train,640,640,1.0,1,0,1,108.615234375,smoke_only
ck0kp6k1p6lxe0794by4thy6r_jpeg_jpg.rf.e3d4d3e49a717c24b60e02956f33de55.jpg,train,640,640,1.0,1,0,1,108.989501953125,smoke_only
ck0l7xwvu94160794ed6vldx0_jpeg_jpg.rf.802a4a1fc73cb524eee3f4dc23839197.jpg,train,640,640,1.0,1,0,1,105.92529296875,smoke_only
ck0l8bqss96gu0794pchtppli_jpeg_jpg.rf.683e20cc6f8cf1e812e1d223d077d82f.jpg,train,640,640,1.0,1,0,1,111.376220703125,smoke_only
ck0l8cfmgahkk0838nbgj26un_jpeg_jpg.rf.ece5eb3d9a429b37876c9b849bc2511d.jpg,train,640,640,1.0,1,0,1,120.6328125,smoke_only
ck0l8culveaqb0721xkucococ_jpeg_jpg.rf.8517c38f53ffc9fcbd36632c1b35948e.jpg,train,640,640,1.0,1,0,1,111.44921875,smoke_only
ck0l8drn7ahtr08388pnkoq7o_jpeg_jpg.rf.8c060d7b200b3571ff59dc440d050f6b.jpg,train,640,640,1.0,1,0,1,110.24267578125,smoke_only
ck0l939lbnftj0a46atyx4hh4_jpeg_jpg.rf.376352ea84936de94886d03eaf70cbb4.jpg,train,640,640,1.0,1,0,1,110.916259765625,smoke_only
ck0l95c8fegck072116xdbwp6_jpeg_jpg.rf.e54fa0a41d137588e76860abd5c259b4.jpg,train,640,640,1.0,1,0,1,110.3017578125,smoke_only
ck0l967uheggs0721rz56fgry_jpeg_jpg.rf.2d48f33e394a2f815b362a2b1928a922.jpg,train,640,640,1.0,1,0,1,120.06396484375,smoke_only
ck0l97837c0ta0944wnryuimb_jpeg_jpg.rf.dc43c24d8c5a5bd3d8b2acd299413530.jpg,train,640,640,1.0,1,0,1,130.990234375,smoke_only
ck0l9dfokcv7o07013t4kgamc_jpeg_jpg.rf.a1efdf97cfed55396be378ee5d6fba16.jpg,train,640,640,1.0,1,0,1,103.4453125,smoke_only
ck0l9j6n6oqjo0848ps5blk3b_jpeg_jpg.rf.ef2761cfa0e62ae674d32cfb86c1d184.jpg,train,640,640,1.0,1,0,1,109.4658203125,smoke_only
ck0l9xgch9grx0794i0878xu3_jpeg_jpg.rf.b80cbf1dddc948b471497c822f76efbb.jpg,train,640,640,1.0,1,0,1,106.19921875,smoke_only
ck0l9xvyaot920848tv62nd7o_jpeg_jpg.rf.6306657a774c7436d2130d2f56e09d75.jpg,train,640,640,1.0,1,0,1,109.27978515625,smoke_only
ck0l9zam2nl6c0a46g4g3m6c4_jpeg_jpg.rf.45b88e6e48d5b0cb1c76a336e76a1a81.jpg,train,640,640,1.0,1,0,1,105.740478515625,smoke_only
ck0lwextoec1a0863lou65q4l_jpeg_jpg.rf.cfc4244f4f0153c7f5b7711ed14e16df.jpg,train,640,640,1.0,1,0,1,111.307861328125,smoke_only
ck0lwfg8yjmbz07219irceyfl_jpeg_jpg.rf.c6ff6e363a20decb706172e79709b637.jpg,train,640,640,1.0,1,0,1,117.799560546875,smoke_only
ck0lwg0retsfg0848hqi60tlt_jpeg_jpg.rf.27762440b44493fc903fc2cc384764b1.jpg,train,640,640,1.0,1,0,1,111.520751953125,smoke_only
ck0lwlv9fjpfg07217xwy7qne_jpeg_jpg.rf.c136b5ac8a6421049223206f46ed5fce.jpg,train,640,640,1.0,1,0,1,115.45263671875,smoke_only
ck0lx3s62sysz0a46pq7rsuuw_jpeg_jpg.rf.4a1810b7e9503fd382b601474c9a6f7b.jpg,train,640,640,1.0,1,0,1,130.16943359375,smoke_only
ck0lx4sqkjw920721qbehquxz_jpeg_jpg.rf.2ced16ebbf30fd477691e18ead4a6af5.jpg,train,640,640,1.0,1,0,1,152.965576171875,smoke_only
ck0lx50eojwbq0721qtix2xqg_jpeg_jpg.rf.64ed6d8e2167b0d7d932b03372f9ba5a.jpg,train,640,640,1.0,1,0,1,118.486572265625,smoke_only
ck0lx5e5rhf4f0944ldgqzhf1_jpeg_jpg.rf.17b240acbc9a4ee95d485c0b9ff13ec4.jpg,train,640,640,1.0,1,0,1,153.07373046875,smoke_only
ck0lx68q2szgt0a460zlk49kf_jpeg_jpg.rf.50c246ce073b3927bbb219cdc0337a16.jpg,train,640,640,1.0,1,0,1,104.105224609375,smoke_only
ck0lx9tk9g22n0838e6v5csum_jpeg_jpg.rf.e25bb7c8c9ef2a59ceef84a313567ef6.jpg,train,640,640,1.0,1,0,1,109.50244140625,smoke_only
ck0lxa18hic880701ux5axl97_jpeg_jpg.rf.c696e888aaf5f0761d0fedac4d3e132f.jpg,train,640,640,1.0,1,0,1,105.182861328125,smoke_only
ck0lxaxgyeo150863mih7ypb7_jpeg_jpg.rf.31a69393f3aef68710aeeb8fdc5dbf03.jpg,train,640,640,1.0,1,0,1,105.6826171875,smoke_only
ck0lxcldkid0h0701q2hvnu98_jpeg_jpg.rf.980b8a7f17e24a1597bcad7b1f543eed.jpg,train,640,640,1.0,1,0,1,111.66748046875,smoke_only
ck0lxe157jywu0721jwuvnom0_jpeg_jpg.rf.38ae26c1d1d540ad4b47ac430f1f242c.jpg,train,640,640,1.0,1,0,1,120.551025390625,smoke_only
ck0lxeugahhve09449l5anbuj_jpeg_jpg.rf.6812077733b8635a722844fdc4b4a9a6.jpg,train,640,640,1.0,1,0,1,110.412353515625,smoke_only
ck0lxfa6uepfr0863exlzozuc_jpeg_jpg.rf.3cafa66ddce748f664df306b37d2e173.jpg,train,640,640,1.0,1,0,1,111.500732421875,smoke_only
ck0lxh38zu5ri0848ra81j7ne_jpeg_jpg.rf.445c92a31cfe7ec77f702fa6dbbe446f.jpg,train,640,640,1.0,1,0,1,110.107177734375,smoke_only
ck0lxhudct3ac0a46446v80ie_jpeg_jpg.rf.fcceb5d0f298244cd055c3a60434438a.jpg,train,640,640,1.0,1,0,1,111.367431640625,smoke_only
ck0lyf2lnhyy10944t8eb842u_jpeg_jpg.rf.ecc104775d3b8ba16b4ca70a41f56380.jpg,train,640,640,1.0,1,0,1,110.14794921875,smoke_only
ck0lyfhltum8h0848fs747twi_jpeg_jpg.rf.d69414a2dfb30424152428413a6b7df7.jpg,train,640,640,1.0,1,0,1,109.825927734375,smoke_only
ck0lyghgkfe8a0794h5pz92p7_jpeg_jpg.rf.15726fba229102eeee650416986bd68a.jpg,train,640,640,1.0,1,0,1,129.94091796875,smoke_only
ck0lygt2vkh030721ufglqzq9_jpeg_jpg.rf.067453ccc409fdd4eb4af41cffb905fb.jpg,train,640,640,1.0,1,0,1,106.719970703125,smoke_only
ck0lyhdgvtl1m0a46g6vawhau_jpeg_jpg.rf.736175c26c67d91b9f2524348d49e761.jpg,train,640,640,1.0,1,0,1,103.470703125,smoke_only
ck0lzxfw9iyx50944qfn9yxxl_jpeg_jpg.rf.aab1b92d63ddd9bf61a773c8f23e062b.jpg,train,640,640,1.0,1,0,1,106.98486328125,smoke_only
ck0m0dejchvnj08381f1xtpqs_jpeg_jpg.rf.0823a2b559c6ae2295b8ee0bebe1a924.jpg,train,640,640,1.0,1,0,1,105.744384765625,smoke_only
ck0m0etrphwjo0838r9wzd6ia_jpeg_jpg.rf.5f96cfac8b0435f7f37e996bb72044af.jpg,train,640,640,1.0,1,0,1,105.722900390625,smoke_only
ck0m0f8x4hwsq0838adn9hkti_jpeg_jpg.rf.b13e44e233c3e723797ae9997891a6fd.jpg,train,640,640,1.0,1,0,1,109.56982421875,smoke_only
ck0m0gpkagpzy0794ulwtreu6_jpeg_jpg.rf.7e7426d69abe0960967667b121bcf061.jpg,train,640,640,1.0,1,0,1,105.781982421875,smoke_only
ck0m0gpkagpzy0794ulwtreu6_jpeg_jpg.rf.986ebef409948ed1a4d1dea5d74f069a.jpg,train,640,640,1.0,1,0,1,105.781982421875,smoke_only
ck0m14kd9vbfd0a46f2gcpvjf_jpeg_jpg.rf.b1728320cd17f3ab980ada67d50bce41.jpg,train,640,640,1.0,1,0,1,111.63037109375,smoke_only
ck0m14sd8vbk90a461shu6qbb_jpeg_jpg.rf.e0b327bbcd75ec91e4e5650abda6069e.jpg,train,640,640,1.0,1,0,1,121.39892578125,smoke_only
ck0m15edijrbs0944olo8aqra_jpeg_jpg.rf.0d1c5907de2980cd24f6b620098579b5.jpg,train,640,640,1.0,1,0,1,111.488525390625,smoke_only
ck0m15mtdwdk30848aglnguy1_jpeg_jpg.rf.1cc52f4a9439d242a19e137c478201bf.jpg,train,640,640,1.0,1,0,1,111.020263671875,smoke_only
ck0m1643sidi5083850vpmnkb_jpeg_jpg.rf.17d892c185594f337c2abf2d3075e622.jpg,train,640,640,1.0,1,0,1,111.671142578125,smoke_only
ck0na20uvg69k0a46b7cgr9rd_jpeg_jpg.rf.993dc06023f591083bf18b741fb2eeec.jpg,train,640,640,1.0,1,0,1,129.99462890625,smoke_only
ck0na2zrshcs50848i2690yin_jpeg_jpg.rf.d896508a675676318cbc32d25fefe927.jpg,train,640,640,1.0,1,0,1,152.68017578125,smoke_only
ck0na3ee97aa6072160kaqfv8_jpeg_jpg.rf.11d9faf33ac75eafcead13a95880ad0f.jpg,train,640,640,1.0,1,0,1,120.8642578125,smoke_only
ck0na43fc1vfh0794pxban58i_jpeg_jpg.rf.4c34fb078187c7b9a2265bd8a1bbe21e.jpg,train,640,640,1.0,1,0,1,107.352783203125,smoke_only
ck0na66fi7cky0721kx2rj68t_jpeg_jpg.rf.c3fd34046914aeb76cd1305f6657d76a.jpg,train,640,640,1.0,1,0,1,105.56494140625,smoke_only
ck0na7jmkg9gj0a46p7jofg58_jpeg_jpg.rf.81c68522fd2cd6467702e358f5da5664.jpg,train,640,640,1.0,1,0,1,105.292236328125,smoke_only
ck0na8r4s7dor0721s8pn4uvo_jpeg_jpg.rf.65ea3d2b4e69eb82f6df28f4d9fc4a87.jpg,train,640,640,1.0,1,0,1,104.92529296875,smoke_only
ck0na9q14gaaa0a46ghbnn940_jpeg_jpg.rf.e735735f6e662f0fa4e06fa228a20b01.jpg,train,640,640,1.0,1,0,1,105.764892578125,smoke_only
ck0ncrfj130c40794scji9fm2_jpeg_jpg.rf.41cc9a41e8538413137bac58c5320a4a.jpg,train,640,640,1.0,1,0,1,111.562744140625,smoke_only
ck0ncrvqe47qd08384wqzjlk9_jpeg_jpg.rf.85a757cb92ec457a7e2270780f5ce6a5.jpg,train,640,640,1.0,1,0,1,121.767333984375,smoke_only
ck0nct2ia48au0838bivpmmn6_jpeg_jpg.rf.57128ad74fc8d6963dfa2235ed4331af.jpg,train,640,640,1.0,1,0,1,111.342529296875,smoke_only
ck0nctujv31lz0794ow6lj285_jpeg_jpg.rf.096bfa3587ede004316ae93f0cfe4fb3.jpg,train,640,640,1.0,1,0,1,105.2587890625,smoke_only
ck0nculry62mq0944n824zvzk_jpeg_jpg.rf.2c3e24fae78b00aaeb3de58d7559effb.jpg,train,640,640,1.0,1,0,1,110.305908203125,smoke_only
ck0ncwdaxhgtf0a46wezybiq2_jpeg_jpg.rf.7196630af49f9f7f8424e9169a2f9d1a.jpg,train,640,640,1.0,1,0,1,111.0390625,smoke_only
ck0ncye0iiouc0848ostst7bq_jpeg_jpg.rf.bc99c3523c4d33a98bdd445599ecd486.jpg,train,640,640,1.0,1,0,1,105.18115234375,smoke_only
ck0nd5l7girkp0848rd5cwpcq_jpeg_jpg.rf.78e38fe1feb83c03ea5a05060be456ae.jpg,train,640,640,1.0,1,0,1,129.022216796875,smoke_only
ck0nd5toq009k0804lhknr6zt_jpeg_jpg.rf.95da7398698006028420b9bda84a836e.jpg,train,640,640,1.0,1,0,1,105.314453125,smoke_only
ck0nd794g00mz078022z17djb_jpeg_jpg.rf.c21429548d6a3b0b7c2e1bd00a599feb.jpg,train,640,640,1.0,1,0,1,103.305908203125,smoke_only
ck0nd98ujhlfg0a46hhco18rf_jpeg_jpg.rf.a29192e79146be440f9397c4300be3b3.jpg,train,640,640,1.0,1,0,1,117.2744140625,smoke_only
ck0ndfo8l6ov10701vn095htn_jpeg_jpg.rf.d224e84fc9a43d82246f43293bec5814.jpg,train,640,640,1.0,1,0,1,106.1201171875,smoke_only
ck0ndgh043xns0863o9d4l0kk_jpeg_jpg.rf.ea0fbd1e657fb05d859c532d1739aca8.jpg,train,640,640,1.0,1,0,1,109.9423828125,smoke_only
ck0ndqvn48v820721miq46qnl_jpeg_jpg.rf.3377740a1dcf830b2dff1a224a0293bb.jpg,train,640,640,1.0,1,0,1,111.690185546875,smoke_only
ck0ndrnhi3fkn0794vbn53c08_jpeg_jpg.rf.42c527010c4225f6706974db2c7003c8.jpg,train,640,640,1.0,1,0,1,111.596923828125,smoke_only
ck0nds16a43eg08630h6n5un1_jpeg_jpg.rf.8363e19beb2d02bae50615f44b28f2bf.jpg,train,640,640,1.0,1,0,1,121.119140625,smoke_only
ck0ndu6n1059n0738t860ip47_jpeg_jpg.rf.40396e04072c46637a2bbcd4fc757a89.jpg,train,640,640,1.0,1,0,1,102.101318359375,smoke_only
ck0ndy9p207ai0738n7khflbr_jpeg_jpg.rf.21f0a955f171d9738bf42f173a12c20d.jpg,train,640,640,1.0,1,0,1,108.26953125,smoke_only
ck0nefzg24hv30863efhq3fp1_jpeg_jpg.rf.48806c1e442cfc9211dd3e4a717fdaef.jpg,train,640,640,1.0,1,0,1,128.658935546875,smoke_only
ck0negbgs3uhi0794nkdvb6zi_jpeg_jpg.rf.dff950e01f6544d24d2b4b3c034e554b.jpg,train,640,640,1.0,1,0,1,150.017578125,smoke_only
ck0negpok9ao50721aw0ozvpl_jpeg_jpg.rf.a2a79686a1439a490ce425497965ea23.jpg,train,640,640,1.0,1,0,1,116.659423828125,smoke_only
ck0neh5qnjfoh0848s35xyyj8_jpeg_jpg.rf.497c921cf2d8c43cd0efda211aa835b6.jpg,train,640,640,1.0,1,0,1,153.11279296875,smoke_only
ck0nehpd69bax0721onacbe33_jpeg_jpg.rf.2c903cafcdbcc0172c0774f998048fd1.jpg,train,640,640,1.0,1,0,1,114.6748046875,smoke_only
ck0neurvn42jv0794al16dzhw_jpeg_jpg.rf.df2acb4b22bafdea8800cee9abb40fa4.jpg,train,640,640,1.0,1,0,1,104.56396484375,smoke_only
ck0nexpddii7b0a463cb74ti7_jpeg_jpg.rf.d95ef740d9037fc26c2163196a688d14.jpg,train,640,640,1.0,1,0,1,103.624267578125,smoke_only
ck0nf44ililfz0a469cimeiu1_jpeg_jpg.rf.ee4555feeffa9094dc2eaf1d8a561666.jpg,train,640,640,1.0,1,0,1,111.65087890625,smoke_only
ck0nf4rw3093h0a886by1nwca_jpeg_jpg.rf.6aa5b2652771412972c0bef4506de41e.jpg,train,640,640,1.0,1,0,1,111.5771484375,smoke_only
ck0nf53eo78rg0944btmudhsc_jpeg_jpg.rf.4e728f92e0c0c33b8e0c4e7192e56ae8.jpg,train,640,640,1.0,1,0,1,121.199951171875,smoke_only
ck0nfms4c59l108632rf19agc_jpeg_jpg.rf.da679dd4657c51911d3318d464e1e4a8.jpg,train,640,640,1.0,1,0,1,111.623291015625,smoke_only
ck0nfnbw45srt083889319uj8_jpeg_jpg.rf.aa288ba1511a7738147fa57ab1ad99e9.jpg,train,640,640,1.0,1,0,1,111.423583984375,smoke_only
ck0nfo0y4a2a00721ek5g056r_jpeg_jpg.rf.8d3ecad776b9a1ee4574569e61cfe1ee.jpg,train,640,640,1.0,1,0,1,100.302001953125,smoke_only
ck0nfobvt4msi07944oj7bzx6_jpeg_jpg.rf.7083c495d80b2899e7646e5f0d822ae1.jpg,train,640,640,1.0,1,0,1,110.483642578125,smoke_only
ck0nfpjig5u9z0838mgcq82oz_jpeg_jpg.rf.a823895d4c69728a84746989a769d04c.jpg,train,640,640,1.0,1,0,1,110.71240234375,smoke_only
ck0nfq2hsj1ro0a46o4gncg6r_jpeg_jpg.rf.4bc875e219dd5fd0dae6f473268c9ee8.jpg,train,640,640,1.0,1,0,1,114.835205078125,smoke_only
ck0nfrec983h90701yvzbsczw_jpeg_jpg.rf.590d35f3da86fdf93dd1d2b0ad16ad62.jpg,train,640,640,1.0,1,0,1,128.741943359375,smoke_only
ck0nfsgb3a5cl0721k678jfzb_jpeg_jpg.rf.0049e750a77a902cdcde509a64449c19.jpg,train,640,640,1.0,1,0,1,104.606689453125,smoke_only
ck0nftsdy5xck0838qb0yk262_jpeg_jpg.rf.49b6c7ab6ba0ea9502006f5f2a0fc0a5.jpg,train,640,640,1.0,1,0,1,103.4443359375,smoke_only
ck0nfuci585lm0701jw9i5zhj_jpeg_jpg.rf.aac667be8ed2d3e1a223d34f453c2ed3.jpg,train,640,640,1.0,1,0,1,112.26513671875,smoke_only
ck0ng3zz98boz07013zyds00f_jpeg_jpg.rf.ac96a0125a9bdd3753177fb877261fb4.jpg,train,640,640,1.0,1,0,1,104.425537109375,smoke_only
ck0ng4fa263vn083809qkbt4y_jpeg_jpg.rf.576fca78e2bd5906ac87e85439b67160.jpg,train,640,640,1.0,1,0,1,110.1650390625,smoke_only
ck0ng5zyb5lrz086320xihwm8_jpeg_jpg.rf.e1faefd9db1cb9ee08450aef325afc90.jpg,train,640,640,1.0,1,0,1,107.6337890625,smoke_only
ck0ng67nbkhul0848gacp299b_jpeg_jpg.rf.a20e05cee1dfc6413dca332474b96056.jpg,train,640,640,1.0,1,0,1,103.62841796875,smoke_only
ck0ngm4b3jk5e0a46nplsw4xb_jpeg_jpg.rf.b482dd5ab2f8cced7b29594a1d5a8561.jpg,train,640,640,1.0,1,0,1,111.375244140625,smoke_only
ck0ngmfoyjka50a46cagrxpig_jpeg_jpg.rf.b60a2cd3960255664ca108b67a39f71f.jpg,train,640,640,1.0,1,0,1,121.7978515625,smoke_only
ck0ngmuykjkh80a46a5qzv263_jpeg_jpg.rf.57c660a097244d3206bd514b588eb02a.jpg,train,640,640,1.0,1,0,1,111.426025390625,smoke_only
ck0oukbtwsjxp083897f03qo4_jpeg_jpg.rf.de6d506678cb61cb46cc42848187aa97.jpg,train,640,640,1.0,1,0,1,111.374755859375,smoke_only
ck0oul6eyrpa408637g72xnc4_jpeg_jpg.rf.ad6485ce6d0a50363c5e65600064e685.jpg,train,640,640,1.0,1,0,1,103.896240234375,smoke_only
ck0oumds8r2ws0794yqsnls8v_jpeg_jpg.rf.cf52f835e7dbc4bc38f8151dc440226c.jpg,train,640,640,1.0,1,0,1,119.091796875,smoke_only
ck0ounp7qrrb80863c0xidr4j_jpeg_jpg.rf.52ada5d0e9491964ce25e990ffdea96f.jpg,train,640,640,1.0,1,0,1,127.805419921875,smoke_only
ck0ounuswsms108388flcbazi_jpeg_jpg.rf.f80cbbc05e5e2a8f6990925ec5e199d9.jpg,train,640,640,1.0,1,0,1,152.127197265625,smoke_only
ck0ovkzw8secm0863zxuv11su_jpeg_jpg.rf.0de183dcd8008eb3b09f4bd79ece7f73.jpg,train,640,640,1.0,1,0,1,152.55078125,smoke_only
ck0ovlupvx57v0721dn80vmur_jpeg_jpg.rf.cc6fef32f92c5914f0de8b148d05bed6.jpg,train,640,640,1.0,1,0,1,116.636962890625,smoke_only
ck0ovtzvntedo08385kjpyx6a_jpeg_jpg.rf.5eb4bdb24c48801f2d612aac0e40dab9.jpg,train,640,640,1.0,1,0,1,108.73046875,smoke_only
ck0ovvrza6e0e0a46doaio091_jpeg_jpg.rf.7bc195120e447e91d311792766651b12.jpg,train,640,640,1.0,1,0,1,105.160888671875,smoke_only
ck0ow39yt6j650a4633r8lu2g_jpeg_jpg.rf.10ccc2ad668651770fa74e807e8fcac1.jpg,train,640,640,1.0,1,0,1,107.779541015625,smoke_only
ck0ow7vs07tuz08485n4yz5si_jpeg_jpg.rf.f15dc1acdb785ea8e37f94609a22b58e.jpg,train,640,640,1.0,1,0,1,103.6162109375,smoke_only
ck0owog84vf1d0701sbf84fw6_jpeg_jpg.rf.680c1247122d882202021729c3231150.jpg,train,640,640,1.0,1,0,1,111.523193359375,smoke_only
ck0qb7h0asvnf0a46l0myka01_jpeg_jpg.rf.808c79476f4a8e91aa07b6e15dcf6503.jpg,train,640,640,1.0,1,0,1,111.47509765625,smoke_only
ck0qb8cz6tfnt0848glf38bpe_jpeg_jpg.rf.5ecf5d3e6ebe77ca189acb0434d9c041.jpg,train,640,640,1.0,1,0,1,111.41796875,smoke_only
ck0qb93azjo480721ojf86ytj_jpeg_jpg.rf.787d0238eeb6b468ea7454b18ea2e19a.jpg,train,640,640,1.0,1,0,1,111.22265625,smoke_only
ck0qba5yvh45x0944qw0oaamw_jpeg_jpg.rf.8b32d067cb54c04ff5c40805e5d19638.jpg,train,640,640,1.0,1,0,1,102.218505859375,smoke_only
ck0qbakbhjoyy0721qw4fut6n_jpeg_jpg.rf.626d82daf8213b66a0b4d80c797056ac.jpg,train,640,640,1.0,1,0,1,110.614990234375,smoke_only
ck0qbex0ljri20721b1v9gyp5_jpeg_jpg.rf.cb44fc05ccdd344df6ebbeaa0715d4be.jpg,train,640,640,1.0,1,0,1,122.8876953125,smoke_only
ck0qbn4c2to820848neklprj5_jpeg_jpg.rf.2e130d481c705d402a4b085cb9a438df.jpg,train,640,640,1.0,1,0,1,129.017822265625,smoke_only
ck0qbnoibg4ip0838na1tnqe8_jpeg_jpg.rf.6bcb8cfb0f98d165c2c8b74c71dfc214.jpg,train,640,640,1.0,1,0,1,127.227783203125,smoke_only
ck0qbnvn6hk6w0701x0mcjvq8_jpeg_jpg.rf.f1d1ef53feab86bb47869935e05f21d8.jpg,train,640,640,1.0,1,0,1,103.663818359375,smoke_only
ck0qbo5snhkcv0701pwtwt35x_jpeg_jpg.rf.898ffca622c2a9340f5a13c30b45c450.jpg,train,640,640,1.0,1,0,1,116.722900390625,smoke_only
ck0qbp5dkg5920838gygl8n4f_jpeg_jpg.rf.01e7e082daf6bf4a16bd943418e523a8.jpg,train,640,640,1.0,1,0,1,112.81103515625,smoke_only
ck0qbu8qqenrd0794vafe93ht_jpeg_jpg.rf.74ea3196c437ecb407824ab0315beed6.jpg,train,640,640,1.0,1,0,1,108.802490234375,smoke_only
ck0qbwggghon207016zt7rz5a_jpeg_jpg.rf.a47e945bb3a01918f5deff970f1d64b9.jpg,train,640,640,1.0,1,0,1,103.575927734375,smoke_only
ck0qc5zvxk5mi0721s96pwrwt_jpeg_jpg.rf.e10bf4b23272bd0be48743709794708d.jpg,train,640,640,1.0,1,0,1,111.531494140625,smoke_only
ck0qc6lwsetj70794bennfrza_jpeg_jpg.rf.b1ac1a022f1a86301c17124e7e514452.jpg,train,640,640,1.0,1,0,1,111.347412109375,smoke_only
ck0qc6vn5htmh07016mtpli3w_jpeg_jpg.rf.3072dcaf659720b0934bfa2a9ce6b274.jpg,train,640,640,1.0,1,0,1,122.03515625,smoke_only
ck0qc7df7fjr30863hqmtj5i3_jpeg_jpg.rf.c7e12850528f8a66ee721261b39bb008.jpg,train,640,640,1.0,1,0,1,111.396484375,smoke_only
ck0qc7xskeu3r07948qg5ycne_jpeg_jpg.rf.b71fd0a0805d93b9fb6aa64e0cc5351a.jpg,train,640,640,1.0,1,0,1,111.345458984375,smoke_only
ck0qd5yquiaiq07016q73qoz3_jpeg_jpg.rf.e67c6ec197f7d69cba5496a119351141.jpg,train,640,640,1.0,1,0,1,124.431884765625,smoke_only
ck0qd6v51ib0j0701sf2wolfq_jpeg_jpg.rf.3b780cdeee985ab3dceba93ab08b483d.jpg,train,640,640,1.0,1,0,1,130.16748046875,smoke_only
ck0qd7oxtgwug08385hhoh6c6_jpeg_jpg.rf.935bdd8d852cd6feb6dc98ffa5013387.jpg,train,640,640,1.0,1,0,1,152.489990234375,smoke_only
ck0qd7zf9fax10794ucj3kmt5_jpeg_jpg.rf.05e1824ee700be618d0e4607b3d38c0e.jpg,train,640,640,1.0,1,0,1,117.349609375,smoke_only
ck0qd8gs6ko7j0721x25cv4o3_jpeg_jpg.rf.6628fc712688eb5be99a68078241c5b9.jpg,train,640,640,1.0,1,0,1,151.007568359375,smoke_only
ck0qdgpy2ksso0721wbiaedz7_jpeg_jpg.rf.2fa628123b1de87fc73723293afd2209.jpg,train,640,640,1.0,1,0,1,109.09521484375,smoke_only
ck0qdhfh1uks20848pclbrty6_jpeg_jpg.rf.187452064a65e6f31e096a87eeb9cf34.jpg,train,640,640,1.0,1,0,1,105.2646484375,smoke_only
ck0rp4r7382md0721515r9ll0_jpeg_jpg.rf.a082ba23d0c71d85cbc6f08886aebdc5.jpg,train,640,640,1.0,1,0,1,103.647216796875,smoke_only
ck0rp6xx53tvu0863dmbu45el_jpeg_jpg.rf.36cad5bc7066d5f17c7b1c4e9ea7abb5.jpg,train,640,640,1.0,1,0,1,111.47216796875,smoke_only
ck0rp7n2684q30721hrzu5r15_jpeg_jpg.rf.ee0871f024084696c6414618ec3c57a1.jpg,train,640,640,1.0,1,0,1,111.48828125,smoke_only
ck0rp7ve43ul20863ldcq568m_jpeg_jpg.rf.05865cb1507840699517292ab81d08e1.jpg,train,640,640,1.0,1,0,1,122.548828125,smoke_only
ck0rp8d7p858s0721qrjixerv_jpeg_jpg.rf.0041b3d66b84b2c73ab93e6ce060f5dc.jpg,train,640,640,1.0,1,0,1,111.444091796875,smoke_only
ck0rp8yjl4f5b0838yi4z8ub1_jpeg_jpg.rf.86d2043bdb2dc2a609188db5b018b0b2.jpg,train,640,640,1.0,1,0,1,111.1728515625,smoke_only
ck0rp9zh85rbh0944g0fanl6o_jpeg_jpg.rf.46838b172b2d11e903b75930d8beab50.jpg,train,640,640,1.0,1,0,1,110.883544921875,smoke_only
ck0rpe8ja3z6m0863q1narygs_jpeg_jpg.rf.29143aa4a937a7f3d8ac5debd40991dd.jpg,train,640,640,1.0,1,0,1,110.30859375,smoke_only
ck0rpe8ja3z6m0863q1narygs_jpeg_jpg.rf.4a5e6d6f5b72479f4836587d6086c242.jpg,train,640,640,1.0,1,0,1,110.30859375,smoke_only
ck0rpemia2zhr0794cdnvuzck_jpeg_jpg.rf.d872c38fa469d5541b3e0c70fdf9caee.jpg,train,640,640,1.0,1,0,1,122.002197265625,smoke_only
ck0rpfqrnhnon0a46jv1r8s8w_jpeg_jpg.rf.ed729cc099e8e1dbe7e9c0ad2c657415.jpg,train,640,640,1.0,1,0,1,129.355224609375,smoke_only
ck0rpimt3ifig0848hijlm44t_jpeg_jpg.rf.03e32579306218fce5316e6ee59c6261.jpg,train,640,640,1.0,1,0,1,103.6865234375,smoke_only
ck0rpje8d32fg07940gwkympb_jpeg_jpg.rf.8e4c11436011fd3432b8b1516241134a.jpg,train,640,640,1.0,1,0,1,109.90185546875,smoke_only
ck0rpjxds42tv0863ke8nrsmn_jpeg_jpg.rf.bd6982acdbfe38d8ad53d705aeef4c11.jpg,train,640,640,1.0,1,0,1,105.802734375,smoke_only
ck0rqf6p055aw0838g7rq1u9v_jpeg_jpg.rf.e753ec7ee0b74e4038f123e2b36b0b3e.jpg,train,640,640,1.0,1,0,1,105.501220703125,smoke_only
ck0rqflbw4lvd0863gyi0mzp1_jpeg_jpg.rf.ff29195e8c289de8af37d1610c3b4ba9.jpg,train,640,640,1.0,1,0,1,109.218017578125,smoke_only
ck0rqfvfjizmt0848qs0rsd4l_jpeg_jpg.rf.6abdf71afb26ad9754ce7d0f76288d32.jpg,train,640,640,1.0,1,0,1,105.35400390625,smoke_only
ck0rqgv1m8wok07216g2getrt_jpeg_jpg.rf.4badbc0c3138a69fdd5869e68df725c8.jpg,train,640,640,1.0,1,0,1,105.9208984375,smoke_only
ck0rqiv7l57ak0838i1l3rovg_jpeg_jpg.rf.2a49898295722e30fbf08037ad352548.jpg,train,640,640,1.0,1,0,1,111.482666015625,smoke_only
ck0rqjda68xrv07215zq41dpi_jpeg_jpg.rf.a18d38190d79362045967c058249e693.jpg,train,640,640,1.0,1,0,1,111.400390625,smoke_only
ck0rqjl29ibr20a46351u8ys5_jpeg_jpg.rf.2c59d2ec17c5023ddfe933966a1f6df0.jpg,train,640,640,1.0,1,0,1,121.93603515625,smoke_only
ck0rqq0y3j4tu0848p884qvn1_jpeg_jpg.rf.2688e6c935f3aff9c8577ca073d2050b.jpg,train,640,640,1.0,1,0,1,118.902099609375,smoke_only
ck0rqqw9o6t8x07017cthtiom_jpeg_jpg.rf.857f54c7cf9eaa8f702ca3e1844e4b4e.jpg,train,640,640,1.0,1,0,1,129.88232421875,smoke_only
ck0rqzwam6rx20944o5eby5wd_jpeg_jpg.rf.c7ae26cffa1c4fbb78aea11d2db0b93c.jpg,train,640,640,1.0,1,0,1,153.156494140625,smoke_only
ck0rr05k797je0721hrz4bw9e_jpeg_jpg.rf.4dfb6cc5a339f4246b9f7810c2fc4242.jpg,train,640,640,1.0,1,0,1,118.87158203125,smoke_only
ck0rr0ik14xk30863c291xijp_jpeg_jpg.rf.57b30c4eb5fe6e0f1d2f71db43c407c7.jpg,train,640,640,1.0,1,0,1,152.261962890625,smoke_only
ck0rr132a3x9r0794yhwyho26_jpeg_jpg.rf.914269d40010b5ecb8bf65a47cca94b6.jpg,train,640,640,1.0,1,0,1,104.306640625,smoke_only
ck0rr6kut5kx30838ethvdv5u_jpeg_jpg.rf.23863f9db2a8f6b1ce8454a8390eecf3.jpg,train,640,640,1.0,1,0,1,105.220703125,smoke_only
ck0rr7nhf6w970944cb2nnlih_jpeg_jpg.rf.9b1334ed1153d1b983f020d65aef5461.jpg,train,640,640,1.0,1,0,1,105.803466796875,smoke_only
ck0t1qg3kyft90a46nddriu6k_jpeg_jpg.rf.2720a4447774d2cec3c1ed80af3e0675.jpg,train,640,640,1.0,1,0,1,111.35400390625,smoke_only
ck0t1r1esms8s0701jmlvghkw_jpeg_jpg.rf.0a0ceaad17263e88142b4acf4c5d076a.jpg,train,640,640,1.0,1,0,1,115.633544921875,smoke_only
ck0t1umd5jowc0794my89kbsj_jpeg_jpg.rf.e4df3ea5c1859e1b3200180997686b96.jpg,train,640,640,1.0,1,0,1,111.452880859375,smoke_only
ck0t1zwemkseu08636i7fpksi_jpeg_jpg.rf.9442ff1a3b37cdd5552d05214aee5a19.jpg,train,640,640,1.0,1,0,1,110.170654296875,smoke_only
ck0t22nfcmwoj0701cj69tol6_jpeg_jpg.rf.576065496fad8add4ff3ca9556b21c2f.jpg,train,640,640,1.0,1,0,1,111.239990234375,smoke_only
ck0t24ndxkug60863id6f8pfc_jpeg_jpg.rf.4228539d3d2e0dcc5d7d4ef0f2012671.jpg,train,640,640,1.0,1,0,1,110.11669921875,smoke_only
ck0t252udmxqz070188sd9z1u_jpeg_jpg.rf.b490e6e543488ee73b057737721e63d2.jpg,train,640,640,1.0,1,0,1,113.3564453125,smoke_only
ck0t2b97en04q0701ndyfepcr_jpeg_jpg.rf.e6e0405693886242fd01e90dc65d963b.jpg,train,640,640,1.0,1,0,1,128.8935546875,smoke_only
ck0t2fzvhlj200838b26ckwda_jpeg_jpg.rf.33bc064ec52095b6f56bd296800a5f06.jpg,train,640,640,1.0,1,0,1,103.533447265625,smoke_only
ck0t2gf1wypnz0a4651vbm3b5_jpeg_jpg.rf.26f5855ba6f0c8400f5f6c46236ee5c3.jpg,train,640,640,1.0,1,0,1,118.4638671875,smoke_only
ck0t2kogeyqy50a46u6e56yb9_jpeg_jpg.rf.f980aa7426b9b682bda3c8681b8327dd.jpg,train,640,640,1.0,1,0,1,105.446533203125,smoke_only
ck0t2z9knn3060944ppcr9fkn_jpeg_jpg.rf.0b899da072d869f429e7e2eebeb4609b.jpg,train,640,640,1.0,1,0,1,105.607666015625,smoke_only
ck0t2zodcyvqs0a46wwxb53xm_jpeg_jpg.rf.b592764fd95eafa7b8f7817c11c2803c.jpg,train,640,640,1.0,1,0,1,109.5400390625,smoke_only
ck0t2zw8elp2f0838ve84hm51_jpeg_jpg.rf.b784d312eaf57da537b847ad5ebee300.jpg,train,640,640,1.0,1,0,1,105.002685546875,smoke_only
ck0t30z1wlpg60838dc6e4lcx_jpeg_jpg.rf.2ae8e378787f9747a3a950f7e4f1452a.jpg,train,640,640,1.0,1,0,1,105.76025390625,smoke_only
ck0t3htqxn88w09443dhqtzrh_jpeg_jpg.rf.77d6ee49efba47ec127f8db73b58d776.jpg,train,640,640,1.0,1,0,1,111.722412109375,smoke_only
ck0t3kjngndaa0701i76i8q2c_jpeg_jpg.rf.82071c58642f4ee6c17a2ee12a18efe7.jpg,train,640,640,1.0,1,0,1,111.487060546875,smoke_only
ck0t40rhdz68s0a46ekx049a6_jpeg_jpg.rf.bc760b640366ad822ad5d55362a20f1b.jpg,train,640,640,1.0,1,0,1,108.60498046875,smoke_only
ck0t421swni18070115tymsht_jpeg_jpg.rf.6823ee68e566d1543ece22e52872ebe4.jpg,train,640,640,1.0,1,0,1,129.948974609375,smoke_only
ck0t45urenix00701imio8cdw_jpeg_jpg.rf.79509a2a4a4e7f3587f9f379b2e3334d.jpg,train,640,640,1.0,1,0,1,153.2626953125,smoke_only
ck0t4kdl1nlyb07011sj8qjd8_jpeg_jpg.rf.562333bb79edba4bc2a1f5aa38fe64b5.jpg,train,640,640,1.0,1,0,1,107.32666015625,smoke_only
ck0t4rrmsnjuy0944xt22ilg4_jpeg_jpg.rf.58ff7e7ec1b9e444dd266831ca1940a6.jpg,train,640,640,1.0,1,0,1,105.843505859375,smoke_only
ck0t4rrmsnjuy0944xt22ilg4_jpeg_jpg.rf.8ba8a1d9554e13dc7ac4e5899ac1505e.jpg,train,640,640,1.0,1,0,1,105.843505859375,smoke_only
ck0t4sh7pnk3v09447wbxifkk_jpeg_jpg.rf.218197f2acde8d1504d3717456985ec2.jpg,train,640,640,1.0,1,0,1,104.923828125,smoke_only
ck0t4z1yrkmfv0794t2oqhd3f_jpeg_jpg.rf.5131a01e3a71e6a8457bdd2b57113143.jpg,train,640,640,1.0,1,0,1,105.76953125,smoke_only
ck0t5243y02ss0848d4w8z1bl_jpeg_jpg.rf.db449c83c2eb4d0a7abe5cc97d93730d.jpg,train,640,640,1.0,1,0,1,111.51416015625,smoke_only
ck0t52agrlp0p0863vg9f8svy_jpeg_jpg.rf.ca4ef260c1a88b0e35c33a8639d0e706.jpg,train,640,640,1.0,1,0,1,121.9951171875,smoke_only
ck0t52natq0it07218mpku7q5_jpeg_jpg.rf.6cd4e7a82ee680eeacb79f3d7982b300.jpg,train,640,640,1.0,1,0,1,111.533447265625,smoke_only
ck0t592vckr6p07949h19oxce_jpeg_jpg.rf.9fba9e629302c8bae4ea9eaab33d341b.jpg,train,640,640,1.0,1,0,1,110.3046875,smoke_only
ck0t5nqi3zqqj0a46iyhhhw7b_jpeg_jpg.rf.83e7a4296f8c8c8c531f8dd20d4cf9cc.jpg,train,640,640,1.0,1,0,1,107.363037109375,smoke_only
ck0t5oyi1mlpd08385ihi4js3_jpeg_jpg.rf.b323d3638a1d11fb0d8b7fb10b2d15c7.jpg,train,640,640,1.0,1,0,1,105.146484375,smoke_only
ck0t5sc8zo0px0944bab8o9n5_jpeg_jpg.rf.b1e02f6fcada0ea530483e52655ee0f9.jpg,train,640,640,1.0,1,0,1,130.059326171875,smoke_only
ck0t5t7ggo1650944q3cyegrd_jpeg_jpg.rf.308482f96278f673a9c123c4dbda58d4.jpg,train,640,640,1.0,1,0,1,105.18603515625,smoke_only
ck0t5vqyazukh0a46v2hq9td6_jpeg_jpg.rf.bbcb00dc4d17810f632b3e7d5cd200b3.jpg,train,640,640,1.0,1,0,1,102.828857421875,smoke_only
ck0t5wu9ao70b0701rdv7c7af_jpeg_jpg.rf.478acc4b3be0f52a362ac1d64d54ffc2.jpg,train,640,640,1.0,1,0,1,119.081787109375,smoke_only
ck0t6flogo9bb094428fjegnm_jpeg_jpg.rf.f685ac13b8ed18ba8ddffe7ad0212147.jpg,train,640,640,1.0,1,0,1,105.51708984375,smoke_only
ck0t6nixgmcop0863zbzsc32e_jpeg_jpg.rf.3340f530abf5386c6c1145b0e9b24c33.jpg,train,640,640,1.0,1,0,1,105.18505859375,smoke_only
ck0t6o7hrlbs407944kyd1i2r_jpeg_jpg.rf.602a405a84c6199a12afd84ae76f1989.jpg,train,640,640,1.0,1,0,1,109.951904296875,smoke_only
ck0t6p0chogef0701xhns6ujk_jpeg_jpg.rf.98a3b70a93158fbd251756e024497495.jpg,train,640,640,1.0,1,0,1,104.45654296875,smoke_only
ck0t6v4mw07810a46gj9vqfvu_jpeg_jpg.rf.a8f5be6c4d6203a9ede9293f34ad1045.jpg,train,640,640,1.0,1,0,1,105.79150390625,smoke_only
ck0t6yokymh1c0863qvlkbezb_jpeg_jpg.rf.31b0ea1d1ca82c5e08c6f09d4e215981.jpg,train,640,640,1.0,1,0,1,111.906494140625,smoke_only
ck0t734s0mizv0863sujq0i7p_jpeg_jpg.rf.053f276fda136406f4f4baf21cc881af.jpg,train,640,640,1.0,1,0,1,103.92919921875,smoke_only
ck0t7cczuqxtt07212nj5eznh_jpeg_jpg.rf.e340ad545d1ea48fe979aca1ec3d51ca.jpg,train,640,640,1.0,1,0,1,129.485595703125,smoke_only
ck0t7cnx9n84208386ufrbnj2_jpeg_jpg.rf.ff0ad237d626caf67052bdc686c56cf9.jpg,train,640,640,1.0,1,0,1,149.5087890625,smoke_only
ck0t7czov10bf08489elv37go_jpeg_jpg.rf.29fcaf8eaeb9e74603f90db498e791ff.jpg,train,640,640,1.0,1,0,1,116.6044921875,smoke_only
ck0t7hsj2on2s094444drdqs0_jpeg_jpg.rf.01f79231bb7cb4cd2e85938f971dafae.jpg,train,640,640,1.0,1,0,1,153.28857421875,smoke_only
ck0t7iosiorq50701wgtb048m_jpeg_jpg.rf.2549e9395b439cf92020049aa84679de.jpg,train,640,640,1.0,1,0,1,116.629150390625,smoke_only
ck0t7yaokmuhl0863v1rlsm5p_jpeg_jpg.rf.2b165598ecaac416c8f8e0284387b094.jpg,train,640,640,1.0,1,0,1,105.720703125,smoke_only
ck0t81ysfnhui0838yucfeszk_jpeg_jpg.rf.f60db1902cff58957438359ec31f717a.jpg,train,640,640,1.0,1,0,1,110.093017578125,smoke_only
ck0tssirhrq1u0863eoicr5bp_jpeg_jpg.rf.8baaeeefba1798446867ac2679c799dc.jpg,train,640,640,1.0,1,0,1,108.097412109375,smoke_only
ck0tssirhrq1u0863eoicr5bp_jpeg_jpg.rf.e9ceb1442d315f5856745c3ac35a26d7.jpg,train,640,640,1.0,1,0,1,108.097412109375,smoke_only
ck0tstact5eu60a46dakdr243_jpeg_jpg.rf.25eb841ab69a5c766d0070cdac54fb66.jpg,train,640,640,1.0,1,0,1,108.60107421875,smoke_only
ck0tsw61gqm680794v186apwr_jpeg_jpg.rf.f31786b7d69e8b0f15aa41088a83d7ad.jpg,train,640,640,1.0,1,0,1,111.66748046875,smoke_only
ck0tswxwqqmau0794imifdgnh_jpeg_jpg.rf.5a8c424f86d2601344489189d507c7b8.jpg,train,640,640,1.0,1,0,1,111.6650390625,smoke_only
ck0tsx6f1rqmc08631bs71ker_jpeg_jpg.rf.65d3e67243b6ad9b63bc04087bb117e3.jpg,train,640,640,1.0,1,0,1,121.50732421875,smoke_only
ck0tsyvp361ow084867dinue0_jpeg_jpg.rf.d42ab180d7a99155eeacbcb2d7946483.jpg,train,640,640,1.0,1,0,1,110.428955078125,smoke_only
ck0tszlepw02k0721zr71djfj_jpeg_jpg.rf.206c5236721f18cf16711ac03edcd29c.jpg,train,640,640,1.0,1,0,1,110.71240234375,smoke_only
ck0tt0dkysbs70838q7t3vnr9_jpeg_jpg.rf.e8162f33f8850e24205a71543450b382.jpg,train,640,640,1.0,1,0,1,110.177978515625,smoke_only
ck0tt28fjsc1i0838s2ji5dhe_jpeg_jpg.rf.c40bd978fa612da9a0b4dbbff80d740e.jpg,train,640,640,1.0,1,0,1,129.144775390625,smoke_only
ck0tt2h2btoz109449lxjh5hi_jpeg_jpg.rf.c4916252d9f11e4012293b2c9c294cab.jpg,train,640,640,1.0,1,0,1,105.441650390625,smoke_only
ck0tt2r6arrbl0863z4d7kz9g_jpeg_jpg.rf.e5724f713ed0dfd7ca18aa999d706651.jpg,train,640,640,1.0,1,0,1,116.43408203125,smoke_only
ck0tt357asc4k0838zbkl0wrd_jpeg_jpg.rf.25d5fa2c3181ebfa64efcb297b0eb46c.jpg,train,640,640,1.0,1,0,1,103.265869140625,smoke_only
ck0tt3hm6tsh90701m4t0sq7e_jpeg_jpg.rf.dddaad2cf60652d43cfe2b8d7fc8764b.jpg,train,640,640,1.0,1,0,1,115.074951171875,smoke_only
ck0twef0nu7ej0701ku08izg4_jpeg_jpg.rf.67cbf13a3922624ed100e2798e63025f.jpg,train,640,640,1.0,1,0,1,108.339599609375,smoke_only
ck0twempn5ur80a462q4bosuo_jpeg_jpg.rf.add0769faf1ff726b22c4a5f814f8c04.jpg,train,640,640,1.0,1,0,1,105.8037109375,smoke_only
ck0twi6d05v8f0a469q54h3iq_jpeg_jpg.rf.9e2f0f3fbb680452c10e8e7ffdb04eff.jpg,train,640,640,1.0,1,0,1,110.083740234375,smoke_only
ck0twl6pqwg6c0721ja81m52m_jpeg_jpg.rf.f6f0fd192145901ce3b0ab42b6208457.jpg,train,640,640,1.0,1,0,1,103.590087890625,smoke_only
ck0twvs9zu5t00944ltnvijnz_jpeg_jpg.rf.97e2bd58b6db3a7f05c3bd30c10adb66.jpg,train,640,640,1.0,1,0,1,121.707275390625,smoke_only
ck0twwuxz6k9i0848br68e8wm_jpeg_jpg.rf.f9ec51e3e5bc28b66f20294ff5f40529.jpg,train,640,640,1.0,1,0,1,111.389404296875,smoke_only
ck0twxu2f5xaj0a4648ury7hi_jpeg_jpg.rf.101c286520ff3384a5d52000c7050247.jpg,train,640,640,1.0,1,0,1,111.159912109375,smoke_only
ck0twzaqtua2r0701hljesqvp_jpeg_jpg.rf.0177b2d7b1b428133adc0efe3120bc2e.jpg,train,640,640,1.0,1,0,1,105.20458984375,smoke_only
ck0tx10f0r4n40794pbbiu6iw_jpeg_jpg.rf.f8bdbae63266a421237b4c6bfc14d1d1.jpg,train,640,640,1.0,1,0,1,115.866455078125,smoke_only
ck0tx2mh0r4wk079479dvqbfl_jpeg_jpg.rf.289647a47b3335daeb1ed40b12d89383.jpg,train,640,640,1.0,1,0,1,128.822265625,smoke_only
ck0tx2twm5xya0a46rieclafo_jpeg_jpg.rf.3ed23adf0cd17f22706fba4b71eed780.jpg,train,640,640,1.0,1,0,1,151.478515625,smoke_only
ck0tx3bpm5y140a46ul6hlru8_jpeg_jpg.rf.324430c5e41a8475df682dc9ad919859.jpg,train,640,640,1.0,1,0,1,116.54638671875,smoke_only
ck0tx7k0tr5rz0794r2twuz1o_jpeg_jpg.rf.b51fb2ad416b11db4b90c88da7c33ef1.jpg,train,640,640,1.0,1,0,1,115.811279296875,smoke_only
ck0txfme8sat90863ybrk8lzv_jpeg_jpg.rf.29ab3b4f284fb69b033764eff1480de8.jpg,train,640,640,1.0,1,0,1,102.519287109375,smoke_only
ck0txg39r6n250848puinmu6k_jpeg_jpg.rf.809df458081dd76266fe37ea7d7e9340.jpg,train,640,640,1.0,1,0,1,108.644287109375,smoke_only
ck0txgdlcsvs8083883yrxqar_jpeg_jpg.rf.77b645cdc34a9873b9afef0e1967dc6c.jpg,train,640,640,1.0,1,0,1,105.710205078125,smoke_only
ck0txgnxxud4y0701d5z7lpx7_jpeg_jpg.rf.f26b40b6258d9511052adc77db4eafa5.jpg,train,640,640,1.0,1,0,1,104.473876953125,smoke_only
ck0txmpuosbkk0863coq4p42u_jpeg_jpg.rf.f7bd7fb27f3f95afe122570d3462dad8.jpg,train,640,640,1.0,1,0,1,110.166259765625,smoke_only
ck0txn3y1uaec0944bo6m4q6c_jpeg_jpg.rf.a5d2e11266d70059f10adff1080469ff.jpg,train,640,640,1.0,1,0,1,107.95703125,smoke_only
ck0txo8iyue140701jnymorwf_jpeg_jpg.rf.55445f8907d05d78993af44a56589345.jpg,train,640,640,1.0,1,0,1,107.704833984375,smoke_only
ck0txp6s8ue5b0701zx9qjwwe_jpeg_jpg.rf.9bf804ca2cf10764bc69ec3bfba2e76c.jpg,train,640,640,1.0,1,0,1,103.5712890625,smoke_only
ck0txrr4nswy40838d5s9tydp_jpeg_jpg.rf.6f5cbb5b0598c36b1ba270b296c85004.jpg,train,640,640,1.0,1,0,1,111.759521484375,smoke_only
ck0txsbnlsx040838wocuy68k_jpeg_jpg.rf.9012c3e9e1c45900ba5904dbf781c9e1.jpg,train,640,640,1.0,1,0,1,111.338623046875,smoke_only
ck0txsj116ojr0848emet52dc_jpeg_jpg.rf.8a5abac3e573f93591a76203afd0f6f7.jpg,train,640,640,1.0,1,0,1,122.083251953125,smoke_only
ck0txus39scfk0863py0w15qb_jpeg_jpg.rf.59a45edb439d3b169e6d0331572b1d9e.jpg,train,640,640,1.0,1,0,1,111.337890625,smoke_only
ck0txvaz6ub6h09447ux3qyyt_jpeg_jpg.rf.c33f06dd7a4444189ff3d21fef5ce283.jpg,train,640,640,1.0,1,0,1,111.237548828125,smoke_only
ck0txw47261iz0a46k76oyfzj_jpeg_jpg.rf.06ba78c5684bdd9a0515379d1659d377.jpg,train,640,640,1.0,1,0,1,103.17333984375,smoke_only
ck0txwcn1scmo0863p2fmcq09_jpeg_jpg.rf.f8fce670969665c91c13e958272d5847.jpg,train,640,640,1.0,1,0,1,110.489990234375,smoke_only
ck0txx0ddscoq0863bm1ntw9g_jpeg_jpg.rf.12dacba452873621ae0209f835d4acdf.jpg,train,640,640,1.0,1,0,1,110.5869140625,smoke_only
ck0txxd8f6p0l08484tupben9_jpeg_jpg.rf.8f14e5fda79a0a4b131d11acb8eab2ea.jpg,train,640,640,1.0,1,0,1,120.4453125,smoke_only
ck0ty5rb66pry08483lgrlmhz_jpeg_jpg.rf.607b725d3dd3160c9e5a344726d34500.jpg,train,640,640,1.0,1,0,1,129.633544921875,smoke_only
ck0ty797gwmyd0721weeb3b90_jpeg_jpg.rf.7dab0c1fc08c2c20999b6f9cb9ee6b66.jpg,train,640,640,1.0,1,0,1,127.4111328125,smoke_only
ck0ty7yegwn140721h5wixp2h_jpeg_jpg.rf.aa36feeeae941c953a5ee94975a0c1cb.jpg,train,640,640,1.0,1,0,1,104.080810546875,smoke_only
ck0ty9cx4r9qk0794foscpnun_jpeg_jpg.rf.5c19822f87db7c33b22ad85b209310dd.jpg,train,640,640,1.0,1,0,1,116.966796875,smoke_only
ck0tya1tfr9sz0794w5roonwp_jpeg_jpg.rf.d6b9b4015a8a6c95268889acc7b54065.jpg,train,640,640,1.0,1,0,1,105.973388671875,smoke_only
ck0tyaitfuchg0944iz87630d_jpeg_jpg.rf.66ae503cc1da3719564613dd34b469f6.jpg,train,640,640,1.0,1,0,1,112.1513671875,smoke_only
ck0tyhb0zszbr0838w1dyisjw_jpeg_jpg.rf.c886a4110db2994fb9b1b88d0f17150a.jpg,train,640,640,1.0,1,0,1,108.747314453125,smoke_only
ck0tyhipjwo1707211p8ov4bm_jpeg_jpg.rf.fd2d9577b1742eab4c4f4d86ae1f0aab.jpg,train,640,640,1.0,1,0,1,105.283203125,smoke_only
ck0tyjzuxsewd0863g6vu5zec_jpeg_jpg.rf.9eb0e3fe6fd667a03224970aec7c566f.jpg,train,640,640,1.0,1,0,1,107.70849609375,smoke_only
ck0tylooksf3f0863s6tbwxhx_jpeg_jpg.rf.6b885cd49b82793179bcb504637e9b06.jpg,train,640,640,1.0,1,0,1,111.437255859375,smoke_only
ck0tyojsawouz0721wteyaxe4_jpeg_jpg.rf.f88be528f656ee1b65e6d9103b171e4d.jpg,train,640,640,1.0,1,0,1,111.4111328125,smoke_only
ck0tyoro0uhpt0701sbzpdha0_jpeg_jpg.rf.066a702ee14dbe17c0176cee5effc329.jpg,train,640,640,1.0,1,0,1,122.5546875,smoke_only
ck0tyq31o6ryb08488lus3geb_jpeg_jpg.rf.9a4990c1447876bdafbff76e737f2959.jpg,train,640,640,1.0,1,0,1,111.370361328125,smoke_only
ck0tyt1orui7t0701sxkqcrnt_jpeg_jpg.rf.fc8e4d848dcef7186b44de0436c4868b.jpg,train,640,640,1.0,1,0,1,111.251708984375,smoke_only
ck0tyv5y2wpox0721volr4z26_jpeg_jpg.rf.a5a76703ae58d374bdd3ae295b4a7556.jpg,train,640,640,1.0,1,0,1,101.81982421875,smoke_only
ck0tywg9ruew50944r0qom5i0_jpeg_jpg.rf.4173d5f26ac85885f613ee84324d9236.jpg,train,640,640,1.0,1,0,1,110.706298828125,smoke_only
ck0tyzb4kwq9407210i0lbk6v_jpeg_jpg.rf.640f05d83f0a9c01893b09b14d86e95a.jpg,train,640,640,1.0,1,0,1,129.60693359375,smoke_only
ck0tz2vh7wqqw0721qe4odmlu_jpeg_jpg.rf.e487a915a0d6b38d7c3dea0c89d6558e.jpg,train,640,640,1.0,1,0,1,127.152587890625,smoke_only
ck0tz35vrt1xh08382lzzsg2v_jpeg_jpg.rf.8b0c31e0cb64a07982886c6ae732364f.jpg,train,640,640,1.0,1,0,1,152.7294921875,smoke_only
ck0tz3qdjt20v0838pjjz36dn_jpeg_jpg.rf.251f048f5ba177899d44981f2c5e8c41.jpg,train,640,640,1.0,1,0,1,117.286865234375,smoke_only
ck0tz4dsmshgh08637pfl2z1c_jpeg_jpg.rf.050ad61a451696bdd7bfee102304d313.jpg,train,640,640,1.0,1,0,1,152.091796875,smoke_only
ck0tz4vu9wr2707210cs2d85i_jpeg_jpg.rf.6520d2da5a9fe1fbd592c0b0f4d9b619.jpg,train,640,640,1.0,1,0,1,114.656982421875,smoke_only
ck0tzjni6sjt50863e6a6a8fl_jpeg_jpg.rf.0d0cdee96224dfc7257acbf6cd0dda18.jpg,train,640,640,1.0,1,0,1,108.8935546875,smoke_only
ck0tzkkd8ulz70701xe5upkxe_jpeg_jpg.rf.943417f3ac1b32bcffff323ec378cf22.jpg,train,640,640,1.0,1,0,1,105.374267578125,smoke_only
ck0tzmo81wtq50721yer41mgt_jpeg_jpg.rf.80530d6597fc811429d0a6b1d0cb6da3.jpg,train,640,640,1.0,1,0,1,106.001220703125,smoke_only
ck0tzncx5rg970794klhrot7p_jpeg_jpg.rf.e98217f778bc325e5a32faf2bdf28723.jpg,train,640,640,1.0,1,0,1,107.680419921875,smoke_only
ck0tznjlaumey0701fbjp1dbu_jpeg_jpg.rf.1445257053bec487c207e8a87da6b58f.jpg,train,640,640,1.0,1,0,1,103.50048828125,smoke_only
ck0tzp3rvummy07010t4dolzz_jpeg_jpg.rf.22b7a2426f7133098dfb409fe3393071.jpg,train,640,640,1.0,1,0,1,111.443359375,smoke_only
ck0tzpp8dskmt0863jjiyujwl_jpeg_jpg.rf.9471b3e7bfbce9bc8a8bf5088f58d0d4.jpg,train,640,640,1.0,1,0,1,111.40087890625,smoke_only
ck0tzpygswuae0721bhuvjofj_jpeg_jpg.rf.8198da389538705bdb73dfa32030078b.jpg,train,640,640,1.0,1,0,1,121.7724609375,smoke_only
ck0tzqdzqwucd07218blh12ir_jpeg_jpg.rf.d17355b18ef40242d39025780116307b.jpg,train,640,640,1.0,1,0,1,111.360595703125,smoke_only
ck0tzttgusl7o0863k0kfvcid_jpeg_jpg.rf.bfe0be282f8c40e5438f2025f393c851.jpg,train,640,640,1.0,1,0,1,111.280029296875,smoke_only
ck0tzvykb6xxf0848pysx89eg_jpeg_jpg.rf.5df0f0813459669e492033f18cea8f97.jpg,train,640,640,1.0,1,0,1,110.762939453125,smoke_only
ck0tzza3ut6ra0838aef1ubfa_jpeg_jpg.rf.6b5c652dc3b7df565041cc74522658b6.jpg,train,640,640,1.0,1,0,1,130.435546875,smoke_only
ck0u00h8m6yow0848u1pohlak_jpeg_jpg.rf.533d6b70e5056b6834cf9c2fa1f788cd.jpg,train,640,640,1.0,1,0,1,117.42236328125,smoke_only
ck0u00wpmuoae0701e4j4rgq4_jpeg_jpg.rf.1420186cb7e54010f2fdcd9a6b4d19f4.jpg,train,640,640,1.0,1,0,1,108.71044921875,smoke_only
ck0u01dbyuoe30701p6pfzb0q_jpeg_jpg.rf.2f9b733a892563fe307a23e1c5054d14.jpg,train,640,640,1.0,1,0,1,108.580322265625,smoke_only
ck0u02mwv6bah0a467209caub_jpeg_jpg.rf.d1974ba51de886cbf41a5ddbf9eed2ee.jpg,train,640,640,1.0,1,0,1,113.89013671875,smoke_only
ck0u07w91ulq009446ol1bta4_jpeg_jpg.rf.07cb8c5020089ec7f3a10aab153ae094.jpg,train,640,640,1.0,1,0,1,109.0107421875,smoke_only
ck0u086m36ca30a46uxou346g_jpeg_jpg.rf.9cbb9ef4023ab9c08f89e324bb720c49.jpg,train,640,640,1.0,1,0,1,105.326171875,smoke_only
ck0u095lit8ti08381w4noa0x_jpeg_jpg.rf.6e68f1d7fd41100d2e4bc598158afacc.jpg,train,640,640,1.0,1,0,1,105.8427734375,smoke_only
ck0u09p0z70h60848av5vdh7v_jpeg_jpg.rf.1f411491c8b3c9d1477e2d56cf927f56.jpg,train,640,640,1.0,1,0,1,107.901611328125,smoke_only
ck0u0dcgdwy9r072177202gnd_jpeg_jpg.rf.47e2fc0b01ad40e54db11a6ccace4e39.jpg,train,640,640,1.0,1,0,1,111.565673828125,smoke_only
ck0u0dtzbt9mu08385juqmknt_jpeg_jpg.rf.b172f951274ae685b2099df8abe8612c.jpg,train,640,640,1.0,1,0,1,111.47314453125,smoke_only
ck0u0e1zzwydk07210xx5o9vv_jpeg_jpg.rf.0e938697446ce68396bbaa74c12c85bd.jpg,train,640,640,1.0,1,0,1,122.314453125,smoke_only
ck0u0fzglungw0944luype68g_jpeg_jpg.rf.42b96b81bb635fa77d62b2ff5e1de6f0.jpg,train,640,640,1.0,1,0,1,111.41162109375,smoke_only
ck0u0jzlqsqbn0863uii3azjh_jpeg_jpg.rf.b8e10b1c9602a87dd1879a26b3cd0c37.jpg,train,640,640,1.0,1,0,1,121.00244140625,smoke_only
ck0u0muhduoik0944fwbze43u_jpeg_jpg.rf.48977a21bab3b5ed904a64af5c7df18c.jpg,train,640,640,1.0,1,0,1,153.3544921875,smoke_only
ck0u0nf3ftb7n083861jt62o2_jpeg_jpg.rf.a3f8d3f08468cd44ee0e3cc244e9697b.jpg,train,640,640,1.0,1,0,1,118.232666015625,smoke_only
ck0u0obru6f6u0a46axncdx9n_jpeg_jpg.rf.aaa14e7a275ecbea10282a2faf88f187.jpg,train,640,640,1.0,1,0,1,152.348388671875,smoke_only
ck0u0zahz74ln0848lonhk1xg_jpeg_jpg.rf.7957354ae76433e50c9c62b1501fc10a.jpg,train,640,640,1.0,1,0,1,105.271728515625,smoke_only
ck0u0znmjuuay0701hyc6trun_jpeg_jpg.rf.2ffe90a997daf99e72cc2e676f52d929.jpg,train,640,640,1.0,1,0,1,109.103271484375,smoke_only
ck0u101es74sl08484y0z9pb6_jpeg_jpg.rf.77f4a82a4616a75529e1b492c63431c3.jpg,train,640,640,1.0,1,0,1,105.423828125,smoke_only
ck0u10zeh74ym0848ow29lc1l_jpeg_jpg.rf.21bc43bc7c4844ae1eca723215b06619.jpg,train,640,640,1.0,1,0,1,105.828369140625,smoke_only
ck0u13mbhte0v0838nxz2zdkf_jpeg_jpg.rf.52a8fcbecfe5ff3ae78d71e7bf9533f7.jpg,train,640,640,1.0,1,0,1,111.374755859375,smoke_only
ck0u155em6hy90a46mm9izvjz_jpeg_jpg.rf.30017b99a7212ec29b6f670a7c1710c1.jpg,train,640,640,1.0,1,0,1,110.193115234375,smoke_only
ck0u96z1nxzlx0721hdcmet81_jpeg_jpg.rf.8ff7b61f2c0351d4340a7bea35b48b71.jpg,train,640,640,1.0,1,0,1,111.11865234375,smoke_only
ck0u98ba1xzpe0721rgjjjun5_jpeg_jpg.rf.4a8c43e8e228d8a912c05482238a8063.jpg,train,640,640,1.0,1,0,1,110.26025390625,smoke_only
ck0u98uysslwa0794bmd4n7fd_jpeg_jpg.rf.37e802347aed20706c5ce97c382aaea5.jpg,train,640,640,1.0,1,0,1,117.1494140625,smoke_only
ck0u9dw5dsmcv07947ss72195_jpeg_jpg.rf.6ec71fad654231e78e3c51a550a34c27.jpg,train,640,640,1.0,1,0,1,131.372314453125,smoke_only
ck0u9e8u77f9y0a46i2qc7hje_jpeg_jpg.rf.5f9994a15c82a124e8ee80b7f1100c96.jpg,train,640,640,1.0,1,0,1,107.523193359375,smoke_only
ck0ug2o6ku8b708632bp2y2zn_jpeg_jpg.rf.027afd79d9306b19bb53a12293225419.jpg,train,640,640,1.0,1,0,1,103.61865234375,smoke_only
ck0ug2zaqt3zf0794joucwcgf_jpeg_jpg.rf.6a1bc5a3d8b32bff589377a89b27b5d9.jpg,train,640,640,1.0,1,0,1,117.91845703125,smoke_only
ck0ug3gjz7wk00a46ikj346zv_jpeg_jpg.rf.8c2d65697bb94af51503b1bdbe0fe679.jpg,train,640,640,1.0,1,0,1,109.77197265625,smoke_only
ck0ug3zlfw61d09445i888ftl_jpeg_jpg.rf.34f93d24dd343d4a491dce7429598b8e.jpg,train,640,640,1.0,1,0,1,103.81982421875,smoke_only
ck0ujb0z98s2k08487aup4zlv_jpeg_jpg.rf.9a6445b6813f77694c296a080e662296.jpg,train,640,640,1.0,1,0,1,105.10546875,smoke_only
ck0ujedh4wiln0701x3dugshl_jpeg_jpg.rf.6b6b22d1de63acdf02dd2657d0098210.jpg,train,640,640,1.0,1,0,1,109.377197265625,smoke_only
ck0ujfqoy85bw0a46u3lgcx88_jpeg_jpg.rf.6e63ba077f34071068472c659880cc15.jpg,train,640,640,1.0,1,0,1,105.2646484375,smoke_only
ck0ujik07yqmk0721cwatmrh8_jpeg_jpg.rf.e0b53188babad67aee0810a3e8cfa498.jpg,train,640,640,1.0,1,0,1,109.43017578125,smoke_only
ck0ujirqowixt07012814w3ox_jpeg_jpg.rf.e83c8c6983e04664f072469cff7a63cc.jpg,train,640,640,1.0,1,0,1,105.7568359375,smoke_only
ck0ujkl8y85nx0a4678ht59jh_jpeg_jpg.rf.c83edfe92a9f3902a691c58f994b975f.jpg,train,640,640,1.0,1,0,1,111.778564453125,smoke_only
ck0ujle3ouhd20863udrln8yl_jpeg_jpg.rf.6806467eecb3cf78bb18c75627bf2472.jpg,train,640,640,1.0,1,0,1,121.498046875,smoke_only
ck0ujwlr98tkt0848fudx9cb3_jpeg_jpg.rf.dc68316ee897208f3a1c07c08226ae70.jpg,train,640,640,1.0,1,0,1,111.725830078125,smoke_only
ck0ujxg4qyroe0721yt57ymqa_jpeg_jpg.rf.7d68f6b281bc611223e97ce0c6c3b5f1.jpg,train,640,640,1.0,1,0,1,130.21435546875,smoke_only
ck0ujy91ete1p0794u8tbqbox_jpeg_jpg.rf.ef5920329254ae404772341416d649f8.jpg,train,640,640,1.0,1,0,1,153.078857421875,smoke_only
ck0ujzue9uicd08638rcyl1ro_jpeg_jpg.rf.0455caef135ead2e61d548611a7f92a4.jpg,train,640,640,1.0,1,0,1,107.36474609375,smoke_only
ck0uk4wf8875i0a46hztpqvip_jpeg_jpg.rf.9d6b27c625e2e7649884a4ea3b6c476d.jpg,train,640,640,1.0,1,0,1,105.6201171875,smoke_only
ck0uk5cl3877p0a468qm2bfay_jpeg_jpg.rf.97bc5eff37a6685bb5f3088afc471206.jpg,train,640,640,1.0,1,0,1,109.58349609375,smoke_only
ck0uk5rawysf20721e35n6nk5_jpeg_jpg.rf.c8bcd63fae18ce5d9ff466a83ad44ac2.jpg,train,640,640,1.0,1,0,1,105.045654296875,smoke_only
ck0uk75x5ysls0721e5a9j891_jpeg_jpg.rf.38cd2c56766a67d3708833de8a705138.jpg,train,640,640,1.0,1,0,1,105.704345703125,smoke_only
ck0ukglh8v4be0838snyl10yu_jpeg_jpg.rf.22a26a59dd1ac63a52abb724ec6aa831.jpg,train,640,640,1.0,1,0,1,111.62255859375,smoke_only
ck0ukhrm7wh9z0944dld49omk_jpeg_jpg.rf.6ddc4216ecd1dc687a2c5e028a64a3cc.jpg,train,640,640,1.0,1,0,1,122.57861328125,smoke_only
ck0uki6ppytkz0721bttibej8_jpeg_jpg.rf.0f5a7b915e15e0174d932a9e4eb87ad9.jpg,train,640,640,1.0,1,0,1,111.465576171875,smoke_only
ck0uki6ppytkz0721bttibej8_jpeg_jpg.rf.102e5482eda98cc81a503ce7ef4fa6a2.jpg,train,640,640,1.0,1,0,1,111.465576171875,smoke_only
ck0ukjupkwhfa0944r6gu3mh8_jpeg_jpg.rf.f1861c449c8fa256af209d6f4653a05a.jpg,train,640,640,1.0,1,0,1,110.179443359375,smoke_only
ck0ukkr2f8vml0848uyh1iw50_jpeg_jpg.rf.1e90881c8a3510a5ca68c8d266b53b65.jpg,train,640,640,1.0,1,0,1,111.279541015625,smoke_only
ck0uklx72wly70701px5wl6fw_jpeg_jpg.rf.5987de93526aefd444aa9481ed9ad7a9.jpg,train,640,640,1.0,1,0,1,107.17529296875,smoke_only
dumpsterfire_sstock_jpg.rf.fd27891f4d9caaa95862b312eda22362.jpg,train,640,640,1.0,1,1,0,93.638427734375,fire_only
ezgif-frame-056_jpg.rf.3ee88375b81af8379fa6d929f0170097.jpg,train,640,640,1.0,0,0,0,96.077880859375,background
ezgif-frame-058_jpg.rf.ff3fe5e4df5c5b814d7d5606bd73184c.jpg,train,640,640,1.0,0,0,0,96.587158203125,background
ezgif-frame-064_jpg.rf.4a4afeab06e435c454545eb933ea3475.jpg,train,640,640,1.0,1,1,0,105.952392578125,fire_only
ezgif-frame-064_jpg.rf.f8bb9d1249f7f429b39d6dde49d388a2.jpg,train,640,640,1.0,1,1,0,105.952392578125,fire_only
ezgif-frame-065_jpg.rf.b3b7202d7ec9f89283cb1995849dd876.jpg,train,640,640,1.0,0,0,0,102.215087890625,background
ezgif-frame-066_jpg.rf.d11518a2da937c1285da7d54398c634a.jpg,train,640,640,1.0,0,0,0,101.495361328125,background
ezgif-frame-068_jpg.rf.0bf7035c5efcb88bd2561fb3a6a98680.jpg,train,640,640,1.0,1,1,0,104.3544921875,fire_only
ezgif-frame-070_jpg.rf.2520ddd49ad87f7412840f1c35e2b332.jpg,train,640,640,1.0,1,1,0,101.1953125,fire_only
ezgif-frame-072_jpg.rf.87a031b112505f8dd6696aa715c83695.jpg,train,640,640,1.0,1,1,0,103.40576171875,fire_only
ezgif-frame-073_jpg.rf.4c15ba2d626b296996a9dd12cce5bed0.jpg,train,640,640,1.0,1,1,0,106.08251953125,fire_only
ezgif-frame-075_jpg.rf.f9739356c957cea7bac76ba18a3c564e.jpg,train,640,640,1.0,1,1,0,122.322265625,fire_only
ezgif-frame-076_jpg.rf.81146e6b0dc4c6f9385abda63897274d.jpg,train,640,640,1.0,1,1,0,118.017822265625,fire_only
ezgif-frame-077_jpg.rf.0341a72078e3c2d3661521266ffd9067.jpg,train,640,640,1.0,1,1,0,109.314453125,fire_only
ezgif-frame-078_jpg.rf.21eea5fd7fc60bf1917f85f3af6edc10.jpg,train,640,640,1.0,0,0,0,102.441162109375,background
ezgif-frame-079_jpg.rf.6eaff2846acb8bfc8a4b834a8e6979ca.jpg,train,640,640,1.0,0,0,0,100.203369140625,background
ezgif-frame-081_jpg.rf.fb95a7a7d457e322e030185eebc3531f.jpg,train,640,640,1.0,1,1,0,104.25439453125,fire_only
ezgif-frame-082_jpg.rf.ce17f35e7dc8b0cb7476539e27ccc333.jpg,train,640,640,1.0,1,1,0,107.705322265625,fire_only
ezgif-frame-083_jpg.rf.1d59d79bd04483a3f826f44236403c64.jpg,train,640,640,1.0,1,1,0,108.490966796875,fire_only
ezgif-frame-084_jpg.rf.b1fab693856d9b598019e181e15fb9a4.jpg,train,640,640,1.0,1,1,0,106.61376953125,fire_only
ezgif-frame-086_jpg.rf.38abc2d957e4542b7c7aaac947536717.jpg,train,640,640,1.0,0,0,0,99.42724609375,background
ezgif-frame-087_jpg.rf.0e3c792806ed0e62a1d9505cb0b3b44e.jpg,train,640,640,1.0,1,1,0,100.167724609375,fire_only
ezgif-frame-088_jpg.rf.6b7aed5d65529df30b1d7fa09b48cc48.jpg,train,640,640,1.0,0,0,0,100.4951171875,background
ezgif-frame-089_jpg.rf.c773d4a3aa4b8800cf238cc51651a571.jpg,train,640,640,1.0,0,0,0,99.4443359375,background
ezgif-frame-090_jpg.rf.d0871d33eae4267898210a022435e91d.jpg,train,640,640,1.0,0,0,0,100.2744140625,background
ezgif-frame-091_jpg.rf.63b7833d387e89cbe5a27349c8b87055.jpg,train,640,640,1.0,1,1,0,101.662353515625,fire_only
ezgif-frame-092_jpg.rf.0c184d47cfe986a0bdb02b5da9112b59.jpg,train,640,640,1.0,1,1,0,103.54052734375,fire_only
ezgif-frame-093_jpg.rf.2f91013b0e322beec5761ac416c49274.jpg,train,640,640,1.0,0,0,0,103.14990234375,background
ezgif-frame-094_jpg.rf.72e36758df2bf22fb3ceea008c299895.jpg,train,640,640,1.0,0,0,0,101.0791015625,background
ezgif-frame-097_jpg.rf.1d3bd09c539dc048b1a0812d016468f4.jpg,train,640,640,1.0,0,0,0,99.00048828125,background
ezgif-frame-098_jpg.rf.d45c7279ba874e69d8424190d9db1fc8.jpg,train,640,640,1.0,1,1,0,100.02734375,fire_only
ezgif-frame-101_jpg.rf.01de7c74205d05768e09c666a04f4b2c.jpg,train,640,640,1.0,1,1,0,231.380126953125,fire_only
ezgif-frame-102_jpg.rf.d1b4cd6364c844d286601b0ff26b1f50.jpg,train,640,640,1.0,1,1,0,231.102294921875,fire_only
ezgif-frame-103_jpg.rf.92c15f3f522f63a4513f8b6f0e465f3c.jpg,train,640,640,1.0,1,1,0,230.995361328125,fire_only
ezgif-frame-104_jpg.rf.37900751646c07f14f8f1a8f55a87331.jpg,train,640,640,1.0,1,1,0,225.771484375,fire_only
ezgif-frame-106_jpg.rf.65f8cf753d58ff2a1b373686a1aaf824.jpg,train,640,640,1.0,1,1,0,201.6044921875,fire_only
ezgif-frame-108_jpg.rf.4cb2c122474c7b7e0cc7df65e3457f55.jpg,train,640,640,1.0,1,1,0,90.2998046875,fire_only
ezgif-frame-110_jpg.rf.72d89922553c153d04a0a211b9da4443.jpg,train,640,640,1.0,1,1,0,149.9384765625,fire_only
ezgif-frame-111_jpg.rf.e67ffbe3a5a0fab3e2e87f84f6ec11ee.jpg,train,640,640,1.0,1,1,0,118.7080078125,fire_only
ezgif-frame-112_jpg.rf.3fe777092a5cc9932d4c47f7ced1fe6a.jpg,train,640,640,1.0,1,1,0,117.993896484375,fire_only
ezgif-frame-113_jpg.rf.d0efbb14c0997927971645bd12214e1c.jpg,train,640,640,1.0,1,1,0,101.880126953125,fire_only
ezgif-frame-114_jpg.rf.57ddc5f50c4166ad49ead4d5923b7f56.jpg,train,640,640,1.0,1,1,0,88.147705078125,fire_only
ezgif-frame-115_jpg.rf.c0683d6b0a18b5310d002e9f69309996.jpg,train,640,640,1.0,1,1,0,77.106689453125,fire_only
ezgif-frame-118_jpg.rf.a6511655f17acc4c96ae422dc26a9069.jpg,train,640,640,1.0,1,1,0,77.285400390625,fire_only
ezgif-frame-119_jpg.rf.36b395206fcb464802eb2e4b5269bdbe.jpg,train,640,640,1.0,1,1,0,111.669921875,fire_only
ezgif-frame-120_jpg.rf.9b4aa4d29df6a6da0e11402e2dd11ca9.jpg,train,640,640,1.0,1,1,0,117.260986328125,fire_only
ezgif-frame-121_jpg.rf.1f153952d7c658b8ccd07a3e2b0bc6c9.jpg,train,640,640,1.0,1,1,0,135.14501953125,fire_only
ezgif-frame-123_jpg.rf.86fe2f651f79263453db83dbdb5869d3.jpg,train,640,640,1.0,1,1,0,87.0556640625,fire_only
ezgif-frame-124_jpg.rf.1e63176517c859bad442631840b69aa7.jpg,train,640,640,1.0,1,1,0,83.118408203125,fire_only
ezgif-frame-126_jpg.rf.ca619b31b7deb20d27db43c0e0aea52c.jpg,train,640,640,1.0,1,1,0,40.6025390625,fire_only
ezgif-frame-127_jpg.rf.3474bf872420836995e0e2963c189272.jpg,train,640,640,1.0,1,1,0,24.56103515625,fire_only
ezgif-frame-128_jpg.rf.3f8db7ffe279f41cb2fc49a73c6dc902.jpg,train,640,640,1.0,1,1,0,26.18212890625,fire_only
ezgif-frame-129_jpg.rf.a648d9878169485e31a8b45e84c2a204.jpg,train,640,640,1.0,1,1,0,23.258056640625,fire_only
ezgif-frame-133_jpg.rf.6326ea3d4e1518563954d136c6f1fedf.jpg,train,640,640,1.0,1,1,0,7.809326171875,fire_only
ezgif-frame-134_jpg.rf.c390cf4b7b6eeec4105478f065916e29.jpg,train,640,640,1.0,1,1,0,13.1494140625,fire_only
ezgif-frame-135_jpg.rf.577261ece4ec3ea5d2845cb20eb41e32.jpg,train,640,640,1.0,1,1,0,16.338134765625,fire_only
fire-forest-understory-burning-vegetation-fuels-ecosystems_jpg.rf.6735b4d957ce3210b19311773f4bc667.jpg,train,640,640,1.0,1,1,0,102.564208984375,fire_only
fire1-100-_jpg.rf.85b70e9ff073bc053c93a2da511b8ffa.jpg,train,640,640,1.0,1,1,0,65.279296875,fire_only
fire1-1012-_jpg.rf.d9470364a1b71972367e45d2418d3699.jpg,train,640,640,1.0,4,3,1,115.309326171875,both
fire1-1020-_jpg.rf.ddbfc79b95b66bd41053dc6560be958c.jpg,train,640,640,1.0,2,1,1,48.302978515625,both
fire1-1024-_jpg.rf.538005abef50feb6c0c037f024ea9d04.jpg,train,640,640,1.0,1,1,0,66.636962890625,fire_only
fire1-1025-_jpg.rf.4665b0956d13b55411e15accbebfc1a1.jpg,train,640,640,1.0,6,4,2,130.810302734375,both
fire1-1026-_jpg.rf.172e70754cda177afa7f2d98d8cbfc0f.jpg,train,640,640,1.0,10,4,6,112.220458984375,both
fire1-1029-_jpg.rf.c4f8b93ad627ab9f64faa620b7cdf249.jpg,train,640,640,1.0,2,1,1,107.287353515625,both
fire1-103-_jpg.rf.75f9ba30d878042891d96497af708438.jpg,train,640,640,1.0,1,1,0,98.9931640625,fire_only
fire1-1031-_jpg.rf.cb4c54926df6884d727b017e9f00b2c3.jpg,train,640,640,1.0,1,1,0,50.8447265625,fire_only
fire1-1033-_jpg.rf.1b2192f19fd1965edd8bf009560f2559.jpg,train,640,640,1.0,5,5,0,97.26123046875,fire_only
fire1-1034-_jpg.rf.2f1b1922f97a8ee29115e0801bd2e62e.jpg,train,640,640,1.0,1,1,0,55.9384765625,fire_only
fire1-1037-_jpg.rf.5a1b43f7d10cd9a3000f5f8fe95d3b49.jpg,train,640,640,1.0,3,2,1,140.25634765625,both
fire1-1038-_jpg.rf.3a9b19aabc10eb2c6cb97316849ec488.jpg,train,640,640,1.0,3,3,0,37.6953125,fire_only
fire1-1039-_jpg.rf.fcdf629824f4ae3d3b3704daf9bfce9c.jpg,train,640,640,1.0,1,1,0,22.087646484375,fire_only
fire1-1042-_jpg.rf.6455c9637701a2628aea2e9691ee7970.jpg,train,640,640,1.0,1,1,0,28.452880859375,fire_only
fire1-1044-_jpg.rf.124b1c7f2af4ea2e3ba29760fdac307b.jpg,train,640,640,1.0,3,2,1,135.730224609375,both
fire1-1046-_jpg.rf.30809ce1da1198bec1c355e14309de8d.jpg,train,640,640,1.0,2,2,0,101.376953125,fire_only
fire1-1047-_jpg.rf.b9d50dc471bff3e5eef8ded45685c6f6.jpg,train,640,640,1.0,6,4,2,146.031494140625,both
fire1-1051-_jpg.rf.1c2b44419b2bbcef0f80850d20091066.jpg,train,640,640,1.0,1,1,0,43.288818359375,fire_only
fire1-1051-_jpg.rf.d67cb545c8a1a6e7d3fbce0ffffcdfd8.jpg,train,640,640,1.0,1,1,0,41.523681640625,fire_only
fire1-1055-_jpg.rf.1f906789cdf742b9bce67ba0e76c345e.jpg,train,640,640,1.0,8,5,3,120.93115234375,both
fire1-1056-_jpg.rf.20ca2fbd6d8a03f2aca63ba623b2b678.jpg,train,640,640,1.0,1,1,0,99.868408203125,fire_only
fire1-1059-_jpg.rf.19d6f00c43cddb93f0c6b06483fde387.jpg,train,640,640,1.0,5,4,1,81.768310546875,both
fire1-1063-_jpg.rf.e0a10522158b6d7ccb65771080971f63.jpg,train,640,640,1.0,2,1,1,115.370361328125,both
fire1-1070-_jpg.rf.16718b26da79c3b51e79f1fdeade0f94.jpg,train,640,640,1.0,13,11,2,126.79150390625,both
fire1-1073-_jpg.rf.cff9b70eccfb16a85c3170c2f5092331.jpg,train,640,640,1.0,1,1,0,59.8720703125,fire_only
fire1-1077-_jpg.rf.e46951ff5c3ffc119d009089c5e46664.jpg,train,640,640,1.0,3,3,0,91.349365234375,fire_only
fire1-1083-_jpg.rf.6611935fce6a5213ad8800805611c4c6.jpg,train,640,640,1.0,6,6,0,41.853515625,fire_only
fire1-11-_jpg.rf.12dedce46cead2c597db89d907dd8c62.jpg,train,640,640,1.0,5,4,1,97.3447265625,both
fire1-1160-_jpg.rf.f60244b266610f26f71b9ca885d9ff59.jpg,train,640,640,1.0,1,1,0,27.13818359375,fire_only
fire1-1162-_jpg.rf.46dbce0991abe63fa9dfb74d92606077.jpg,train,640,640,1.0,1,1,0,61.901611328125,fire_only
fire1-1163-_jpg.rf.35c29ae729c2dc28ed878eeb1e98d5c5.jpg,train,640,640,1.0,3,2,1,96.27978515625,both
fire1-1165-_jpg.rf.253246fb1ede6ff56fb3dc10341d565b.jpg,train,640,640,1.0,5,3,2,86.6171875,both
fire1-1165-_jpg.rf.36223feeccf160002c1d253f5b20ffa3.jpg,train,640,640,1.0,5,3,2,85.721435546875,both
fire1-1170-_jpg.rf.0e42e385a4b409cec8c18f5ba53609d6.jpg,train,640,640,1.0,2,1,1,88.63330078125,both
fire1-1170-_jpg.rf.6ee149a004c17a14ef3d534180487177.jpg,train,640,640,1.0,2,1,1,87.58349609375,both
fire1-1177-_jpg.rf.99e69f8717707edec35418bf01ca3e2f.jpg,train,640,640,1.0,2,2,0,117.480224609375,fire_only
fire1-1191-_jpg.rf.7d6b0984a08f5fbb63c1bfc37361c423.jpg,train,640,640,1.0,2,1,1,131.0751953125,both
fire1-1195-_jpg.rf.819b94e3b21b558e1cd740d8d8224935.jpg,train,640,640,1.0,1,1,0,41.311279296875,fire_only
fire1-1195-_jpg.rf.880f30ba02bf48d68ec1a96820cdd3ee.jpg,train,640,640,1.0,1,1,0,41.311279296875,fire_only
fire1-1198-_jpg.rf.8117bd1eacc93a1493379a3a6f7057d6.jpg,train,640,640,1.0,1,1,0,40.872314453125,fire_only
fire1-1199-_jpg.rf.4ee8350a7f5e1f64e340e07998ab7e83.jpg,train,640,640,1.0,7,4,3,46.7666015625,both
fire1-1203-_jpg.rf.dbd7bfefc45b7062fab7341e5496e3d7.jpg,train,640,640,1.0,1,1,0,97.204345703125,fire_only
fire1-1204-_jpg.rf.7f1ac86a3fdb6f84e632c66c4a5d7fc7.jpg,train,640,640,1.0,4,3,1,137.286865234375,both
fire1-1214-_jpg.rf.1f2ba6c516c7cc99b2f3d9bf74085702.jpg,train,640,640,1.0,6,5,1,72.75634765625,both
fire1-1214-_jpg.rf.90cfef2d20e85836c687ed073bc4548a.jpg,train,640,640,1.0,6,5,1,73.621337890625,both
fire1-1218-_jpg.rf.923e90f2e1801613de05b2f67e483a6a.jpg,train,640,640,1.0,8,6,2,98.172119140625,both
fire1-1218-_jpg.rf.9ffdd7b3c8351b5be9a278a5a2de549f.jpg,train,640,640,1.0,8,6,2,100.08251953125,both
fire1-1219-_jpg.rf.e73318581224b286fa691e73f501d4de.jpg,train,640,640,1.0,4,2,2,86.071044921875,both
fire1-1220-_jpg.rf.69b4402e777386ba46687ec437c22752.jpg,train,640,640,1.0,1,1,0,103.06787109375,fire_only
fire1-1224-_jpg.rf.28bec8296884a619959a5e6aee64bb9e.jpg,train,640,640,1.0,4,4,0,69.00341796875,fire_only
fire1-1234-_jpg.rf.91ceb76c1583ddee8ec0d033ff5d3152.jpg,train,640,640,1.0,2,1,1,77.1455078125,both
fire1-1238-_jpg.rf.9c782be49ce590b99e06017698599b20.jpg,train,640,640,1.0,12,8,4,95.402587890625,both
fire1-1239-_jpg.rf.42a1cce1380bc2610e92e440230ad5d1.jpg,train,640,640,1.0,4,3,1,85.71337890625,both
fire1-1250-_jpg.rf.8f41c08b3d1d32a4b54db182fd52236f.jpg,train,640,640,1.0,9,7,2,94.923095703125,both
fire1-1251-_jpg.rf.3503cece085c2732298d71f72a6a41e1.jpg,train,640,640,1.0,8,5,3,139.67236328125,both
fire1-1251-_jpg.rf.364e6e08a0b5670c6817b4495c3cbd8d.jpg,train,640,640,1.0,8,5,3,138.11279296875,both
fire1-1257-_jpg.rf.73174e41110cb4ffe632e7433acfaf1d.jpg,train,640,640,1.0,2,1,1,134.98291015625,both
fire1-1258-_jpg.rf.85598c70eb38cca41e06e6b57ce59c0b.jpg,train,640,640,1.0,2,1,1,57.1962890625,both
fire1-1258-_jpg.rf.c6f26596e39cc9ed88e8873765b38c39.jpg,train,640,640,1.0,2,1,1,55.55517578125,both
fire1-1259-_jpg.rf.a6e89b11d3d7ef1bd9ad85acdd1ad7e0.jpg,train,640,640,1.0,4,4,0,151.59130859375,fire_only
fire1-1261-_jpg.rf.0e3018097c15b4ebf993a3dcae7f5c68.jpg,train,640,640,1.0,8,6,2,109.260009765625,both
fire1-1261-_jpg.rf.1a5a3f512f24d6356d4c9d6fbe21d483.jpg,train,640,640,1.0,8,6,2,106.755859375,both
fire1-1269-_jpg.rf.22ff3c0c35125de821eba8a7ab8a0186.jpg,train,640,640,1.0,5,1,4,38.940185546875,both
fire1-1269-_jpg.rf.5d0daf2b521303e9805d813109732256.jpg,train,640,640,1.0,5,1,4,36.656982421875,both
fire1-1272-_jpg.rf.a1d4f39883cefda32c586fc26b6e86f3.jpg,train,640,640,1.0,3,2,1,36.889892578125,both
fire1-1275-_jpg.rf.64f54f0da7aff4f6ba84b384345b798c.jpg,train,640,640,1.0,6,6,0,103.074951171875,fire_only
fire1-1282-_jpg.rf.16ecfece5e574802d08eb67e0acf7d53.jpg,train,640,640,1.0,1,1,0,118.893798828125,fire_only
fire1-1283-_jpg.rf.93c3a6b19cb6c34717855aa0f27991c1.jpg,train,640,640,1.0,1,1,0,100.03955078125,fire_only
fire1-1285-_jpg.rf.227eb986c082b603669d201144a32bd4.jpg,train,640,640,1.0,1,1,0,106.626220703125,fire_only
fire1-1287-_jpg.rf.31d70341a831c56ea0211a2d17e382fe.jpg,train,640,640,1.0,2,2,0,56.58544921875,fire_only
fire1-1290-_jpg.rf.572ccd29b9c6d227ea93731ecb5a23e6.jpg,train,640,640,1.0,6,3,3,62.90283203125,both
fire1-1293-_jpg.rf.c14301ba7ab13c70c0d6beafaad7b9e7.jpg,train,640,640,1.0,11,9,2,130.387451171875,both
fire1-1294-_jpg.rf.75b836ae8ab40f6711462539a81a6371.jpg,train,640,640,1.0,1,1,0,115.7470703125,fire_only
fire1-1305-_jpg.rf.c3bb5a36b3f660a3dd659b968a54db66.jpg,train,640,640,1.0,1,1,0,59.265625,fire_only
fire1-1316-_jpg.rf.63e5bd1644b1ff453ea58fda623253a5.jpg,train,640,640,1.0,1,1,0,81.22412109375,fire_only
fire1-132-_jpg.rf.cee46051744d565014929b3e2f22478d.jpg,train,640,640,1.0,1,1,0,97.772705078125,fire_only
fire1-1321-_jpg.rf.5af830b63f973834172b76db757984f5.jpg,train,640,640,1.0,3,1,2,53.4052734375,both
fire1-1322-_jpg.rf.fa4c82f07a5e579114cc5ba9fff2ac5a.jpg,train,640,640,1.0,1,1,0,58.706298828125,fire_only
fire1-1323-_jpg.rf.464d893c366f11878db419e76b62606d.jpg,train,640,640,1.0,1,1,0,72.85791015625,fire_only
fire1-1324-_jpg.rf.05d209cc8652b42aaaa69ea1e6f6e1f0.jpg,train,640,640,1.0,5,2,3,97.7451171875,both
fire1-133-_jpg.rf.ad11740d34b0827a9b464192bb39481a.jpg,train,640,640,1.0,1,1,0,98.561279296875,fire_only
fire1-1335-_jpg.rf.53567ccb6f4311127f1ed4fa7d28ea64.jpg,train,640,640,1.0,6,5,1,118.087890625,both
fire1-1337-_jpg.rf.076ca72df978fd314e92e07c2a579073.jpg,train,640,640,1.0,8,6,2,89.896240234375,both
fire1-134-_jpg.rf.74d4784a829bd2f91198b0d895884572.jpg,train,640,640,1.0,1,1,0,104.415283203125,fire_only
fire1-1342-_jpg.rf.644e0817c7fcfdf8b353f7295a213c35.jpg,train,640,640,1.0,4,1,3,148.860107421875,both
fire1-1344-_jpg.rf.36f2eebc47ce09a736fd833f7739922d.jpg,train,640,640,1.0,2,1,1,88.922607421875,both
fire1-1344-_jpg.rf.cf0d546e4ba457fbfaeee005ff268414.jpg,train,640,640,1.0,2,1,1,89.593017578125,both
fire1-1347-_jpg.rf.206a14474cc39e62409b89dce71adede.jpg,train,640,640,1.0,1,1,0,90.135009765625,fire_only
fire1-1347-_jpg.rf.deb7224487aa1e66fa1e2ed8714a3b8a.jpg,train,640,640,1.0,1,1,0,89.376708984375,fire_only
fire1-135-_jpg.rf.03f7cefa87ae7375dea3722e54ec62ff.jpg,train,640,640,1.0,1,1,0,100.859619140625,fire_only
fire1-1356-_jpg.rf.19e1ab1a56348b1f6842500c7da4da05.jpg,train,640,640,1.0,1,1,0,93.356689453125,fire_only
fire1-1357-_jpg.rf.27c3c840720ae99b1b5f1f2c72ece0fd.jpg,train,640,640,1.0,7,6,1,70.74560546875,both
fire1-136-_jpg.rf.4f4d88c14566e2b15530b6588d163f5c.jpg,train,640,640,1.0,1,1,0,100.6962890625,fire_only
fire1-1361-_jpg.rf.3ef15e6c28e37028a8a5a1f2e84f1ff6.jpg,train,640,640,1.0,2,2,0,53.925048828125,fire_only
fire1-1361-_jpg.rf.e6f5c69a487cbacf988451cccb61a1ed.jpg,train,640,640,1.0,2,2,0,56.177490234375,fire_only
fire1-1363-_jpg.rf.43d5cb1056a468e2b16d400e042ed3f2.jpg,train,640,640,1.0,4,3,1,24.68798828125,both
fire1-1363-_jpg.rf.769f3d3b6f14333139d8473732304116.jpg,train,640,640,1.0,4,3,1,27.214599609375,both
fire1-1364-_jpg.rf.fa8f7993dca4f1c8b63918051249bdc7.jpg,train,640,640,1.0,6,3,3,108.498046875,both
fire1-1366-_jpg.rf.0ac48dea4a4a0b471114aac59e6f64e0.jpg,train,640,640,1.0,1,1,0,136.2568359375,fire_only
fire1-1368-_jpg.rf.066f9b534e092f847e425a4c26dcfdc2.jpg,train,640,640,1.0,1,1,0,54.77587890625,fire_only
fire1-137-_jpg.rf.24262b7d5c2829e6df0ced98fa4d32e8.jpg,train,640,640,1.0,1,1,0,110.36767578125,fire_only
fire1-1372-_jpg.rf.114780aa4b1d98fe8cff9e19fc13d955.jpg,train,640,640,1.0,1,1,0,101.717041015625,fire_only
fire1-138-_jpg.rf.c55fe1c8bf6ff7d97900053d28fc2958.jpg,train,640,640,1.0,1,1,0,98.63720703125,fire_only
fire1-1384-_jpg.rf.570b16605aa947117eb4cdf5dbd02687.jpg,train,640,640,1.0,7,5,2,46.63623046875,both
fire1-139-_jpg.rf.5c72a3bd1531780cce21888c9b24cbad.jpg,train,640,640,1.0,1,1,0,93.789306640625,fire_only
fire1-139-_jpg.rf.936861533c23970ace1b1d73db4ca936.jpg,train,640,640,1.0,1,1,0,94.427490234375,fire_only
fire1-1397-_jpg.rf.3f5dfe8b5a0abba383655147ff35cc71.jpg,train,640,640,1.0,7,6,1,48.951416015625,both
fire1-1397-_jpg.rf.e146069322759c2e6237f5d76f47c5ae.jpg,train,640,640,1.0,7,6,1,46.270263671875,both
fire1-14-_jpg.rf.b5cb109abc594ef785916c2a1e84628b.jpg,train,640,640,1.0,2,1,1,115.704833984375,both
fire1-140-_jpg.rf.6b5a6206d4fed2815e88cc35d34e4575.jpg,train,640,640,1.0,1,1,0,90.962890625,fire_only
fire1-140-_jpg.rf.6ef3d3b9a4ee7e25488b4ba1e9565089.jpg,train,640,640,1.0,1,1,0,91.440185546875,fire_only
fire1-1402-_jpg.rf.8d1cd0ce20ce6a72cc436d2f5be44ad3.jpg,train,640,640,1.0,5,1,4,99.651611328125,both
fire1-1402-_jpg.rf.b266a2c4ac9fcb79053212e59481667f.jpg,train,640,640,1.0,5,1,4,97.0400390625,both
fire1-142-_jpg.rf.cf809296dbd55ab633a4f82be02dca6a.jpg,train,640,640,1.0,1,1,0,90.692626953125,fire_only
fire1-1424-_jpg.rf.6afc90c0010a8d7f609cc5b1750c5209.jpg,train,640,640,1.0,1,1,0,18.958984375,fire_only
fire1-1424-_jpg.rf.70371e945492bd5aeef125947637574e.jpg,train,640,640,1.0,1,1,0,20.090576171875,fire_only
fire1-1435-_jpg.rf.13e224352d703528131490d20bef3ef4.jpg,train,640,640,1.0,3,3,0,104.686279296875,fire_only
fire1-144-_jpg.rf.098977a14f6cd44fa69d7c0cbb5b7c02.jpg,train,640,640,1.0,1,1,0,96.6279296875,fire_only
fire1-144-_jpg.rf.d78d84590cfad2d80bda39645eba2d80.jpg,train,640,640,1.0,1,1,0,96.080322265625,fire_only
fire1-146-_jpg.rf.634df64e76142cab0f0d45dd3e495465.jpg,train,640,640,1.0,1,1,0,97.88134765625,fire_only
fire1-147-_jpg.rf.52727b152404c7e70c262808930ae5f1.jpg,train,640,640,1.0,1,1,0,114.11474609375,fire_only
fire1-147-_jpg.rf.53b686e97959edd1119fda6136026a33.jpg,train,640,640,1.0,1,1,0,113.1591796875,fire_only
fire1-1470-_jpg.rf.535b9947fcd816f38cc416ebdb97c0b4.jpg,train,640,640,1.0,11,3,8,34.439697265625,both
fire1-148-_jpg.rf.7d4e2ce744e34e590e581a867a0937bf.jpg,train,640,640,1.0,1,1,0,119.53271484375,fire_only
fire1-1503-_jpg.rf.2eb0c6d31526fc540038a235e6da4b8b.jpg,train,640,640,1.0,9,9,0,51.4599609375,fire_only
fire1-1503-_jpg.rf.305a86ff66ac53b1f1fe5f03fd10d9ea.jpg,train,640,640,1.0,9,9,0,45.700439453125,fire_only
fire1-1519-_jpg.rf.2952e744a7c685e1e8f436cdccc1d0b8.jpg,train,640,640,1.0,1,1,0,33.0087890625,fire_only
fire1-152-_jpg.rf.41c88e9fbed075a1f19715f9aaf5ac1d.jpg,train,640,640,1.0,1,1,0,99.3056640625,fire_only
fire1-152-_jpg.rf.faa770e9b05ba1a7bd8f2843c8962983.jpg,train,640,640,1.0,1,1,0,98.736083984375,fire_only
fire1-1520-_jpg.rf.11b234d153727c1bdb64506496b54847.jpg,train,640,640,1.0,1,1,0,92.552978515625,fire_only
fire1-1520-_jpg.rf.12012b29ffe087a05e9414a983f671cc.jpg,train,640,640,1.0,1,1,0,87.758056640625,fire_only
fire1-1524-_jpg.rf.9768acb24c4d53eceba689812a0d41c0.jpg,train,640,640,1.0,3,3,0,75.5654296875,fire_only
fire1-1528-_jpg.rf.9d927ae2ae9cdbff1db13964d8e00764.jpg,train,640,640,1.0,2,1,1,116.591552734375,both
fire1-1529-_jpg.rf.01ada9fb620b3962571b4a9d715a502e.jpg,train,640,640,1.0,1,1,0,66.85400390625,fire_only
fire1-1529-_jpg.rf.d6201e42241c148f3a36cdaaa1802384.jpg,train,640,640,1.0,1,1,0,65.127685546875,fire_only
fire1-1534-_jpg.rf.24a36f3619bce3d7598b7ace2b6dbf69.jpg,train,640,640,1.0,1,1,0,105.855224609375,fire_only
fire1-1540-_jpg.rf.f8db80b7f627869fab8a0483ab6e8d53.jpg,train,640,640,1.0,1,1,0,20.4423828125,fire_only
fire1-1542-_jpg.rf.1155ae8a8ba3714d8564a7f34ed87d92.jpg,train,640,640,1.0,4,2,2,91.81787109375,both
fire1-1543-_jpg.rf.2afbeef033ef43bb3c5013b9bee2456b.jpg,train,640,640,1.0,1,1,0,123.833251953125,fire_only
fire1-1547-_jpg.rf.1486cc89b272ede229e6cc443a943ad4.jpg,train,640,640,1.0,1,1,0,48.048583984375,fire_only
fire1-1547-_jpg.rf.ef99368722711aa0ebe940a9713b0d9d.jpg,train,640,640,1.0,1,1,0,45.187744140625,fire_only
fire1-1551-_jpg.rf.db2615ec041374c9720311f8c3cef6d6.jpg,train,640,640,1.0,18,18,0,52.1181640625,fire_only
fire1-1552-_jpg.rf.0b2f48fa147e99ff481931b4f44ff21b.jpg,train,640,640,1.0,20,20,0,47.8056640625,fire_only
fire1-1552-_jpg.rf.9003038605d9fa676cce702c9f342279.jpg,train,640,640,1.0,20,20,0,50.341064453125,fire_only
fire1-1555-_jpg.rf.3e77dbf5c1d56b52af269397a34499da.jpg,train,640,640,1.0,3,2,1,38.849853515625,both
fire1-1557-_jpg.rf.4b0f6511d109851a1824972182ff0016.jpg,train,640,640,1.0,7,7,0,45.574462890625,fire_only
fire1-1558-_jpg.rf.c6de393e5cbb3c4534b0af7291cc3ab7.jpg,train,640,640,1.0,1,1,0,125.418212890625,fire_only
fire1-1558-_jpg.rf.ea4f5ccd458aacf9c793132fc4f3096a.jpg,train,640,640,1.0,1,1,0,122.137451171875,fire_only
fire1-156-_jpg.rf.3e2ad3701b7876e9a097546373e1f13f.jpg,train,640,640,1.0,1,1,0,89.50537109375,fire_only
fire1-1566-_jpg.rf.ac98df1e599027855721796a5067ad76.jpg,train,640,640,1.0,6,6,0,60.099609375,fire_only
fire1-1567-_jpg.rf.8d13b7f3adb0ddeb4df87fa9c7838671.jpg,train,640,640,1.0,9,5,4,68.318115234375,both
fire1-157-_jpg.rf.a83a7610e7fb75415fd372e26230bf46.jpg,train,640,640,1.0,1,1,0,83.593017578125,fire_only
fire1-158-_jpg.rf.38ada23dc548193267af67ce21771a29.jpg,train,640,640,1.0,1,1,0,83.565673828125,fire_only
fire1-158-_jpg.rf.598112d5a73880d638f685d4eda14447.jpg,train,640,640,1.0,1,1,0,82.697509765625,fire_only
fire1-159-_jpg.rf.b9b25e5b1f321fe240a767783c50b7cd.jpg,train,640,640,1.0,1,1,0,81.415283203125,fire_only
fire1-1593-_jpg.rf.1c40fbb621e2d6fa9ee7061b22782d01.jpg,train,640,640,1.0,5,5,0,103.96044921875,fire_only
fire1-161-_jpg.rf.59e6ea4803170b94ac453b733776f29d.jpg,train,640,640,1.0,2,2,0,84.126708984375,fire_only
fire1-1610-_jpg.rf.9c874dd9a4c2a7ddced6cc5326cfdc50.jpg,train,640,640,1.0,1,1,0,32.7470703125,fire_only
fire1-164-_jpg.rf.0ae387d92e06762f1a6d033b59d372c7.jpg,train,640,640,1.0,1,1,0,112.669189453125,fire_only
fire1-164-_jpg.rf.b7f010072973fcce2d88ddaa726ca50d.jpg,train,640,640,1.0,1,1,0,113.316162109375,fire_only
fire1-165-_jpg.rf.2c5180194ea5f9bed50862f68c838a0c.jpg,train,640,640,1.0,1,1,0,121.67236328125,fire_only
fire1-165-_jpg.rf.c014150aabf5aa17b50241dfdb1de80e.jpg,train,640,640,1.0,1,1,0,121.013671875,fire_only
fire1-166-_jpg.rf.8b16ce6b84ec60b44846e6f9e354a866.jpg,train,640,640,1.0,3,3,0,114.221435546875,fire_only
fire1-167-_jpg.rf.60831d01509eb9fbd3d4f90e26a2c723.jpg,train,640,640,1.0,2,2,0,118.109375,fire_only
fire1-168-_jpg.rf.e6bb27184757a8d5608672d49e449983.jpg,train,640,640,1.0,3,3,0,115.1279296875,fire_only
fire1-169-_jpg.rf.5f193b603e78c99b6dc0b1854f8d3853.jpg,train,640,640,1.0,2,2,0,114.852294921875,fire_only
fire1-17-_jpg.rf.5b7e941568b1dbe2f0205c8c48753289.jpg,train,640,640,1.0,2,1,1,97.501953125,both
fire1-170-_jpg.rf.6d6e0870add62b2b9e159fc94cc423ca.jpg,train,640,640,1.0,3,3,0,118.09765625,fire_only
fire1-171-_jpg.rf.427028706e467ba5e2fa2532e588b21b.jpg,train,640,640,1.0,1,1,0,116.241943359375,fire_only
fire1-171-_jpg.rf.e7a41a4a9de224077c955747cc7fdc57.jpg,train,640,640,1.0,1,1,0,115.7392578125,fire_only
fire1-172-_jpg.rf.a37ff3f505922eebeec77d1f3ee4c39e.jpg,train,640,640,1.0,3,3,0,118.19921875,fire_only
fire1-174-_jpg.rf.c0fb4cec29e30f6ec29fda22aaac1431.jpg,train,640,640,1.0,1,1,0,116.629638671875,fire_only
fire1-175-_jpg.rf.8131f7bab9b9107e0ff093bafaeeaa5d.jpg,train,640,640,1.0,1,1,0,117.5537109375,fire_only
fire1-175-_jpg.rf.c59692dab267206cb5e9a5a0897a6ef4.jpg,train,640,640,1.0,1,1,0,117.5537109375,fire_only
fire1-175-_jpg.rf.e7e4dcfeab91d9f794fd40c9d6de13a7.jpg,train,640,640,1.0,1,1,0,117.267578125,fire_only
fire1-176-_jpg.rf.ae90dd8d16e4761aed986dbc5cd150bc.jpg,train,640,640,1.0,1,1,0,114.335693359375,fire_only
fire1-178-_jpg.rf.d12886188841f9ed542e64ae94d2ac86.jpg,train,640,640,1.0,1,1,0,118.7490234375,fire_only
fire1-179-_jpg.rf.ba5823d8e8348c3a6ce0b1dd42793b0e.jpg,train,640,640,1.0,1,1,0,106.88720703125,fire_only
fire1-179-_jpg.rf.c432755bf95605cadbf7ff012da23572.jpg,train,640,640,1.0,1,1,0,107.2607421875,fire_only
fire1-180-_jpg.rf.891ac7f20c1be04c42e03c803fc008ee.jpg,train,640,640,1.0,1,1,0,114.986083984375,fire_only
fire1-181-_jpg.rf.101b84da846425327dd33a838da7caef.jpg,train,640,640,1.0,1,1,0,112.97021484375,fire_only
fire1-183-_jpg.rf.ec1bdd711d77e9e122ab324e09f25c84.jpg,train,640,640,1.0,2,2,0,112.267822265625,fire_only
fire1-185-_jpg.rf.f91c9a9bef3885529d19b804ab4ff910.jpg,train,640,640,1.0,2,2,0,119.105712890625,fire_only
fire1-186-_jpg.rf.4ee7f88b3d567f2d2982a717b1735fca.jpg,train,640,640,1.0,1,1,0,116.7353515625,fire_only
fire1-187-_jpg.rf.106120574446b58bb1805221e403804f.jpg,train,640,640,1.0,2,2,0,121.130126953125,fire_only
fire1-188-_jpg.rf.e32aff5ffc94cd09aa2d626d1e88bc92.jpg,train,640,640,1.0,2,2,0,116.36474609375,fire_only
fire1-190-_jpg.rf.a8c876fa6a0b4ebc96d6e0e1351bb3bf.jpg,train,640,640,1.0,1,1,0,114.6513671875,fire_only
fire1-193-_jpg.rf.44037b0a8a11b60de311f55a7bf93fe2.jpg,train,640,640,1.0,1,1,0,110.081787109375,fire_only
fire1-193-_jpg.rf.be68dfa53b77fcff8ac299366d0de936.jpg,train,640,640,1.0,1,1,0,110.0693359375,fire_only
fire1-197-_jpg.rf.0c0e6d3c8686d67ec92d8a511848bbfb.jpg,train,640,640,1.0,1,1,0,112.26904296875,fire_only
fire1-199-_jpg.rf.5f5aa84e82b46b53d7f44e79fe5bd7b4.jpg,train,640,640,1.0,1,1,0,112.05322265625,fire_only
fire1-2-_jpg.rf.cfbdc3f61edf83574dfa4eba81738aa0.jpg,train,640,640,1.0,2,2,0,108.353759765625,fire_only
fire1-20-_jpg.rf.4e6505db048028134e8ab0dc59f95190.jpg,train,640,640,1.0,3,2,1,111.316162109375,both
fire1-20-_jpg.rf.c386e19668370d0f5857181eb17ac948.jpg,train,640,640,1.0,3,2,1,111.127685546875,both
fire1-201-_jpg.rf.5b0da1a8320f49bed182f98febbf20eb.jpg,train,640,640,1.0,2,2,0,110.460693359375,fire_only
fire1-201-_jpg.rf.dc8b6079819c131d8723bf810ca906c1.jpg,train,640,640,1.0,2,2,0,110.21923828125,fire_only
fire1-204-_jpg.rf.4728f7df738fed0b2e74e6373e931d40.jpg,train,640,640,1.0,2,2,0,110.66650390625,fire_only
fire1-206-_jpg.rf.d1ab62fa10d464608dba3b2a18c2cf5b.jpg,train,640,640,1.0,1,1,0,111.894287109375,fire_only
fire1-206-_jpg.rf.f0e489bb33ba3c6fe1c68a5f9f9a0a7a.jpg,train,640,640,1.0,1,1,0,112.559326171875,fire_only
fire1-207-_jpg.rf.eb5fbc637fd2b9404abf2a164e1abd7a.jpg,train,640,640,1.0,2,2,0,110.16748046875,fire_only
fire1-208-_jpg.rf.89f5f2c336bf0ffb5d608a6c96adb9ec.jpg,train,640,640,1.0,2,2,0,112.972412109375,fire_only
fire1-21-_jpg.rf.773cf510a53ea7eb330ea83c07adeb7d.jpg,train,640,640,1.0,6,5,1,88.925048828125,both
fire1-210-_jpg.rf.b618a14cafd469f0c5bc62f1f4ec1872.jpg,train,640,640,1.0,2,2,0,110.08935546875,fire_only
fire1-211-_jpg.rf.1752f2e51fe5e5275eb6692c75909d4f.jpg,train,640,640,1.0,2,2,0,111.0322265625,fire_only
fire1-213-_jpg.rf.0d8d418613db6db011ae152f089cc7a4.jpg,train,640,640,1.0,2,2,0,105.948974609375,fire_only
fire1-214-_jpg.rf.7ddcf5adac65e8a36af26ce1b65b0ef6.jpg,train,640,640,1.0,2,2,0,109.62451171875,fire_only
fire1-216-_jpg.rf.186ced491c8d1b1a68774432cc0b8b55.jpg,train,640,640,1.0,1,1,0,17.48779296875,fire_only
fire1-216-_jpg.rf.61ef02eb69ca5e96ba108c695b3c56d2.jpg,train,640,640,1.0,1,1,0,18.752197265625,fire_only
fire1-218-_jpg.rf.ccc035aa82486a75b3c55ea49c877870.jpg,train,640,640,1.0,1,1,0,18.612060546875,fire_only
fire1-219-_jpg.rf.392c97b7ab2a34e094732d60933100f6.jpg,train,640,640,1.0,1,1,0,18.527099609375,fire_only
fire1-22-_jpg.rf.9ac19b828af1f2ac00e743fb5f42f374.jpg,train,640,640,1.0,5,3,2,110.851806640625,both
fire1-221-_jpg.rf.12e33711560efcfc629d7fcc018f98cd.jpg,train,640,640,1.0,1,1,0,19.605712890625,fire_only
fire1-222-_jpg.rf.8c5c37af604c1ea77e49ce8c8c3480b1.jpg,train,640,640,1.0,1,1,0,18.844970703125,fire_only
fire1-223-_jpg.rf.4c064ff54301a1aa8e379498ac7a7589.jpg,train,640,640,1.0,1,1,0,20.74169921875,fire_only
fire1-224-_jpg.rf.fc16761dbf4b511a1a5890c4b48c5b34.jpg,train,640,640,1.0,1,1,0,15.037841796875,fire_only
fire1-225-_jpg.rf.6051f25c63b89f5378f72b4955ae8f91.jpg,train,640,640,1.0,1,1,0,18.384521484375,fire_only
fire1-226-_jpg.rf.b01fb4211e3a427c79984d9d31df9d81.jpg,train,640,640,1.0,1,1,0,17.66455078125,fire_only
fire1-227-_jpg.rf.7cf179fb7ef024f5da07ae418ee497d1.jpg,train,640,640,1.0,1,1,0,20.523193359375,fire_only
fire1-228-_jpg.rf.7b662dfdb01e3fc437f1547868878b88.jpg,train,640,640,1.0,1,1,0,19.947021484375,fire_only
fire1-229-_jpg.rf.2e2b00f37a3fee184320076a2586e1b5.jpg,train,640,640,1.0,1,1,0,75.91064453125,fire_only
fire1-23-_jpg.rf.b81d4bd0a13bd7896f96e0bb38b88d45.jpg,train,640,640,1.0,6,5,1,105.410400390625,both
fire1-230-_jpg.rf.6910b13ce22c823bea0c044e1dff6fcc.jpg,train,640,640,1.0,1,1,0,66.984130859375,fire_only
fire1-231-_jpg.rf.15ae5aa8821ce54b56e5afdd259f0203.jpg,train,640,640,1.0,1,1,0,69.00244140625,fire_only
fire1-234-_jpg.rf.4a0940404cfaaad468248d837b9435f7.jpg,train,640,640,1.0,1,1,0,65.055419921875,fire_only
fire1-235-_jpg.rf.a903eae14182b31c352461512cc0cfa4.jpg,train,640,640,1.0,1,1,0,50.878173828125,fire_only
fire1-236-_jpg.rf.4d315f6e2b833583634bb54065dac797.jpg,train,640,640,1.0,1,1,0,62.731689453125,fire_only
fire1-236-_jpg.rf.db41aa23c24ca39f91c5f2f3035be4ee.jpg,train,640,640,1.0,1,1,0,63.809814453125,fire_only
fire1-237-_jpg.rf.03a82c7d49902ae9fe31bb746abf58c0.jpg,train,640,640,1.0,1,1,0,59.947265625,fire_only
fire1-238-_jpg.rf.622639bd0b70849642af6ba0edc3a3aa.jpg,train,640,640,1.0,1,1,0,56.208984375,fire_only
fire1-239-_jpg.rf.93188614e790a0e3beee082339662f14.jpg,train,640,640,1.0,1,1,0,63.341064453125,fire_only
fire1-24-_jpg.rf.619358098af1c1fb70aae106bb21341a.jpg,train,640,640,1.0,4,2,2,105.319091796875,both
fire1-240-_jpg.rf.68282f008d4d8f727266c2e03a47737d.jpg,train,640,640,1.0,1,1,0,58.42626953125,fire_only
fire1-241-_jpg.rf.a26a7a18477ccd2f66b2000014598aff.jpg,train,640,640,1.0,1,1,0,73.908203125,fire_only
fire1-242-_jpg.rf.ba80bfe706da0c7f70c78c1cc41ba1d9.jpg,train,640,640,1.0,1,1,0,54.699951171875,fire_only
fire1-243-_jpg.rf.bb5058dacaad7108430d97c482831d46.jpg,train,640,640,1.0,1,1,0,58.08642578125,fire_only
fire1-244-_jpg.rf.b6f5e96d0d04e82de8da4a08141e3060.jpg,train,640,640,1.0,1,1,0,63.7021484375,fire_only
fire1-245-_jpg.rf.05798570a51cd994ec2ae8a094bae9ee.jpg,train,640,640,1.0,1,1,0,62.554443359375,fire_only
fire1-246-_jpg.rf.ee1bf8df0e30ec7c4b2932de6a395ee8.jpg,train,640,640,1.0,1,1,0,56.71923828125,fire_only
fire1-247-_jpg.rf.0384bc727a853b226a0c9e21b6d701c4.jpg,train,640,640,1.0,1,1,0,56.9208984375,fire_only
fire1-248-_jpg.rf.8989171689208ccc7be8d33fe18644d2.jpg,train,640,640,1.0,1,1,0,56.177490234375,fire_only
fire1-249-_jpg.rf.b6053bbf08fc879e4c5ba3ea1fd4f529.jpg,train,640,640,1.0,1,1,0,60.38134765625,fire_only
fire1-25-_jpg.rf.0d5eb76ee5cd07a85dac3a47c31dc626.jpg,train,640,640,1.0,4,3,1,100.93701171875,both
fire1-250-_jpg.rf.113ac312b4986ccf7c974ec05e5f83dd.jpg,train,640,640,1.0,1,1,0,65.838623046875,fire_only
fire1-251-_jpg.rf.f58ffc96976744f33aa44ca77eba5a14.jpg,train,640,640,1.0,1,1,0,65.833984375,fire_only
fire1-252-_jpg.rf.ae24f4b3746802de62dfcbf53019de9e.jpg,train,640,640,1.0,1,1,0,61.6572265625,fire_only
fire1-253-_jpg.rf.2c5912fba81404055cf37fd0c35b083d.jpg,train,640,640,1.0,1,1,0,52.026123046875,fire_only
fire1-253-_jpg.rf.f5b381a01f63de54c5461673135f7e3b.jpg,train,640,640,1.0,1,1,0,53.2724609375,fire_only
fire1-254-_jpg.rf.ac538ae89031ac80a5e6fb8e83808193.jpg,train,640,640,1.0,1,1,0,45.034912109375,fire_only
fire1-27-_jpg.rf.3acbdc592582418c5bec65d796d4bc05.jpg,train,640,640,1.0,3,3,0,99.4296875,fire_only
fire1-28-_jpg.rf.e6c1032f5154c48b58cd2cdbb532efb5.jpg,train,640,640,1.0,4,3,1,109.58349609375,both
fire1-281-_jpg.rf.96252b0a8b193fc2fedf932baa4b97c9.jpg,train,640,640,1.0,1,1,0,60.886474609375,fire_only
fire1-282-_jpg.rf.00df34c44bf8813cece5513d8d1bc38e.jpg,train,640,640,1.0,1,1,0,75.651123046875,fire_only
fire1-282-_jpg.rf.3d65db992e05f875d370d53c54632cbb.jpg,train,640,640,1.0,1,1,0,74.48291015625,fire_only
fire1-283-_jpg.rf.e952ba946f805e99688ef57a70b146a8.jpg,train,640,640,1.0,1,1,0,69.146240234375,fire_only
fire1-284-_jpg.rf.b7f5d98e6b9c68189c7f3f21502d81b2.jpg,train,640,640,1.0,1,1,0,60.402587890625,fire_only
fire1-293-_jpg.rf.c0cdbde3fe01868f75d323c1b9cd56d4.jpg,train,640,640,1.0,1,1,0,56.898193359375,fire_only
fire1-294-_jpg.rf.8bd04d2fa074604cfdc4bc155f6418c9.jpg,train,640,640,1.0,1,1,0,67.52294921875,fire_only
fire1-294-_jpg.rf.957b1307ba0f159d901b8c1c7634d4f0.jpg,train,640,640,1.0,1,1,0,68.77587890625,fire_only
fire1-296-_jpg.rf.8c00234eea138211a50da7af5d83ad3d.jpg,train,640,640,1.0,1,1,0,82.89599609375,fire_only
fire1-297-_jpg.rf.271be4569cfb054b0e778bbbb081c028.jpg,train,640,640,1.0,1,1,0,93.456298828125,fire_only
fire1-298-_jpg.rf.61f68953fd3c3a9e05c1e1bb955ad456.jpg,train,640,640,1.0,1,1,0,65.127685546875,fire_only
fire1-299-_jpg.rf.5b11a1610d8da5bca4b0c90e69cb7d48.jpg,train,640,640,1.0,1,1,0,87.630615234375,fire_only
fire1-300-_jpg.rf.4a25ffd5530512f21c333549db6f2b5f.jpg,train,640,640,1.0,1,1,0,47.627197265625,fire_only
fire1-301-_jpg.rf.feb559d8b227279148ef195afd1a3ee0.jpg,train,640,640,1.0,1,1,0,62.206787109375,fire_only
fire1-302-_jpg.rf.35e2c9738f02384b53febc0222896b04.jpg,train,640,640,1.0,1,1,0,74.621337890625,fire_only
fire1-303-_jpg.rf.592b7e9eeb66840ea9ffa247ec44301a.jpg,train,640,640,1.0,1,1,0,96.328125,fire_only
fire1-303-_jpg.rf.c28bce92c4711b9c87f1a2ec0afff7b7.jpg,train,640,640,1.0,1,1,0,96.328125,fire_only
fire1-304-_jpg.rf.0a9eaad46242a18ddaa2dda98e1eb6cd.jpg,train,640,640,1.0,1,1,0,84.02587890625,fire_only
fire1-305-_jpg.rf.356be493a753ad54e6b8ea8ba4dc9823.jpg,train,640,640,1.0,1,1,0,38.341552734375,fire_only
fire1-305-_jpg.rf.93bacf4f7c9fd9740660fedf0d16c153.jpg,train,640,640,1.0,1,1,0,39.2470703125,fire_only
fire1-306-_jpg.rf.8a279bd3436c601d56a93f6b88ff444a.jpg,train,640,640,1.0,1,1,0,70.75537109375,fire_only
fire1-308-_jpg.rf.4ecfa64617f27beb200c5bc1102a92df.jpg,train,640,640,1.0,1,1,0,86.842529296875,fire_only
fire1-308-_jpg.rf.f223ebec0f019ed6ad9da377623bbfbb.jpg,train,640,640,1.0,1,1,0,85.40234375,fire_only
fire1-312-_jpg.rf.3591f9925717a20da942f4500616c1f6.jpg,train,640,640,1.0,1,1,0,71.910888671875,fire_only
fire1-312-_jpg.rf.6fc77694b7de9f89fd3ab0e298cbf9a7.jpg,train,640,640,1.0,1,1,0,73.2392578125,fire_only
fire1-313-_jpg.rf.8ac624dc2968b895bc3940f6ddda7091.jpg,train,640,640,1.0,1,1,0,58.118896484375,fire_only
fire1-315-_jpg.rf.3d36b595b5aa098de6af66df59741654.jpg,train,640,640,1.0,1,1,0,74.53076171875,fire_only
fire1-315-_jpg.rf.e48623dc371b89f2797dccb5afdad4c4.jpg,train,640,640,1.0,1,1,0,75.97314453125,fire_only
fire1-316-_jpg.rf.78d76f066d615bfd9256d636f56a2976.jpg,train,640,640,1.0,1,1,0,62.584716796875,fire_only
fire1-316-_jpg.rf.863904ce369f3370d9cfded4ab6e07aa.jpg,train,640,640,1.0,1,1,0,61.241943359375,fire_only
fire1-317-_jpg.rf.8f2a389a6786fb1a549374ccdf26d22e.jpg,train,640,640,1.0,1,1,0,95.342041015625,fire_only
fire1-319-_jpg.rf.1d9e8461d79bec22ff5599822c7fd5d2.jpg,train,640,640,1.0,1,1,0,65.76025390625,fire_only
fire1-32-_jpg.rf.b4b4d191daddd60dde13a8ff80f9eb4c.jpg,train,640,640,1.0,4,3,1,117.79833984375,both
fire1-320-_jpg.rf.227dc083df23ca30bfb0667cc043bede.jpg,train,640,640,1.0,1,1,0,51.095458984375,fire_only
fire1-321-_jpg.rf.35135435338c6618718db88c92fda7db.jpg,train,640,640,1.0,1,1,0,81.390625,fire_only
fire1-324-_jpg.rf.b8ab60659d40c6ffaa9b50e5342086b7.jpg,train,640,640,1.0,1,1,0,73.954345703125,fire_only
fire1-327-_jpg.rf.ee6cd6feb40ba06da336d64e17d66910.jpg,train,640,640,1.0,1,1,0,91.743896484375,fire_only
fire1-328-_jpg.rf.648ed15e0db295847e141aaeacd69b85.jpg,train,640,640,1.0,1,1,0,79.939208984375,fire_only
fire1-33-_jpg.rf.266adefeace736552867208b63e3d47a.jpg,train,640,640,1.0,7,5,2,129.425537109375,both
fire1-330-_jpg.rf.e6c28b61b8ab036a93678f339155504a.jpg,train,640,640,1.0,1,1,0,72.852294921875,fire_only
fire1-331-_jpg.rf.9255f988c6569b533e0354446fbf3896.jpg,train,640,640,1.0,1,1,0,73.18310546875,fire_only
fire1-332-_jpg.rf.48a83e2850e1223013efcb6777ec3c60.jpg,train,640,640,1.0,1,1,0,73.2099609375,fire_only
fire1-333-_jpg.rf.1cd1393ae173bb75173c20566e8a1c88.jpg,train,640,640,1.0,1,1,0,83.88818359375,fire_only
fire1-334-_jpg.rf.f0c1b8befcbb6f824f753b37c095475a.jpg,train,640,640,1.0,1,1,0,62.765380859375,fire_only
fire1-335-_jpg.rf.7e701f326611b07d3a09b84a3630e08d.jpg,train,640,640,1.0,1,1,0,99.97216796875,fire_only
fire1-336-_jpg.rf.6f937a4d2f0bd74beac8df97b221a822.jpg,train,640,640,1.0,1,1,0,85.2568359375,fire_only
fire1-337-_jpg.rf.f85125b0a5d0d6c6f965b2f466386333.jpg,train,640,640,1.0,1,1,0,79.551025390625,fire_only
fire1-34-_jpg.rf.055c9da223d568e2f301fff1e8cb6958.jpg,train,640,640,1.0,1,1,0,67.93603515625,fire_only
fire1-340-_jpg.rf.6b78fe9e9e6d8a1390826ab2f8dce326.jpg,train,640,640,1.0,1,1,0,86.42919921875,fire_only
fire1-342-_jpg.rf.ea74f3599d0660cea1bd33761160bc59.jpg,train,640,640,1.0,1,1,0,74.541259765625,fire_only
fire1-344-_jpg.rf.81b8b4e2c1833731e5f71548bc0bfd3e.jpg,train,640,640,1.0,1,1,0,74.271240234375,fire_only
fire1-345-_jpg.rf.f57b0fe6a74cbac68c2a623af7688c73.jpg,train,640,640,1.0,1,1,0,77.078369140625,fire_only
fire1-346-_jpg.rf.245ed1e7183a3a5c61724ba66e21fae7.jpg,train,640,640,1.0,2,2,0,86.116943359375,fire_only
fire1-346-_jpg.rf.ac3e97b33846e9318f3310b47cdfbcde.jpg,train,640,640,1.0,2,2,0,87.172119140625,fire_only
fire1-347-_jpg.rf.400b9717255eb903d49c6a729675ee3a.jpg,train,640,640,1.0,1,1,0,93.043212890625,fire_only
fire1-347-_jpg.rf.d4462a9b17bd83108ff4ad36ab3d6992.jpg,train,640,640,1.0,1,1,0,94.589111328125,fire_only
fire1-349-_jpg.rf.6bdf08f29c4214da0e1fdc5699555abb.jpg,train,640,640,1.0,2,2,0,67.292724609375,fire_only
fire1-35-_jpg.rf.ea836d8cfe339c8e84c76115f498a60c.jpg,train,640,640,1.0,1,1,0,65.159423828125,fire_only
fire1-35-_jpg.rf.fb420a9200db836bcf98ec360f531171.jpg,train,640,640,1.0,1,1,0,63.247802734375,fire_only
fire1-350-_jpg.rf.7f286f28ff9bdc6f6251bfe1bf3b71e6.jpg,train,640,640,1.0,2,2,0,92.119873046875,fire_only
fire1-350-_jpg.rf.ce8553932a2128a5b557aaf392adeed5.jpg,train,640,640,1.0,2,2,0,90.94384765625,fire_only
fire1-354-_jpg.rf.5d29a24b71cf9aace2fc970347986f66.jpg,train,640,640,1.0,2,2,0,79.483642578125,fire_only
fire1-355-_jpg.rf.62bcad80df5bf3484b408b18b6004c1a.jpg,train,640,640,1.0,2,2,0,72.510009765625,fire_only
fire1-357-_jpg.rf.b95cc5bff613439cc0efd20e0e896902.jpg,train,640,640,1.0,2,2,0,62.72021484375,fire_only
fire1-36-_jpg.rf.2c979880b51b9d08b0c8d88bf3bfa679.jpg,train,640,640,1.0,1,1,0,67.48779296875,fire_only
fire1-360-_jpg.rf.9e47d712512cc0a3f10b612c3173d972.jpg,train,640,640,1.0,2,2,0,72.25,fire_only
fire1-364-_jpg.rf.f49b048c289845f4463381b19cd428fe.jpg,train,640,640,1.0,1,1,0,73.637451171875,fire_only
fire1-365-_jpg.rf.71d13f2e0d56ed9884bc3547cb6a59fe.jpg,train,640,640,1.0,1,1,0,75.90966796875,fire_only
fire1-365-_jpg.rf.e52bb301a2d911db5570cddf8d1a1689.jpg,train,640,640,1.0,1,1,0,75.23388671875,fire_only
fire1-367-_jpg.rf.e0655027442279113cb6b7ba3883d665.jpg,train,640,640,1.0,1,1,0,80.375,fire_only
fire1-37-_jpg.rf.a9a479fc8f2692bc034a03f67b2d7f34.jpg,train,640,640,1.0,1,1,0,51.37255859375,fire_only
fire1-371-_jpg.rf.03573d609255d52d8f8c8a6645628774.jpg,train,640,640,1.0,1,1,0,89.09912109375,fire_only
fire1-371-_jpg.rf.675198a1c92141923a77ee319b61ba58.jpg,train,640,640,1.0,1,1,0,89.79638671875,fire_only
fire1-372-_jpg.rf.4fb3654e7c0639dcc174f0cb121e9e84.jpg,train,640,640,1.0,1,1,0,88.188720703125,fire_only
fire1-373-_jpg.rf.81a455f544dba0d1d1116249ff903adb.jpg,train,640,640,1.0,1,1,0,89.6376953125,fire_only
fire1-374-_jpg.rf.a6c2279991aa8c8b371eca9e0afcbadc.jpg,train,640,640,1.0,1,1,0,85.48974609375,fire_only
fire1-375-_jpg.rf.2f38a4b8434bc226c69c28e1427849e9.jpg,train,640,640,1.0,1,1,0,82.5634765625,fire_only
fire1-376-_jpg.rf.2581d328f97c294798614b0c9da2642b.jpg,train,640,640,1.0,1,1,0,85.56396484375,fire_only
fire1-377-_jpg.rf.6d804b96e294d503524b35ff5e692ff6.jpg,train,640,640,1.0,1,1,0,94.71533203125,fire_only
fire1-379-_jpg.rf.646eb4e915d2e2529979c8a8d1b67021.jpg,train,640,640,1.0,1,1,0,76.488525390625,fire_only
fire1-381-_jpg.rf.e7d2a993eadd536f2979b16946e491d4.jpg,train,640,640,1.0,1,1,0,83.246826171875,fire_only
fire1-382-_jpg.rf.ec36370f2f4bc928c127791e9fcbb830.jpg,train,640,640,1.0,1,1,0,80.01416015625,fire_only
fire1-383-_jpg.rf.2fdab934f16c3f1606793dfc4e3f4a05.jpg,train,640,640,1.0,1,1,0,88.62841796875,fire_only
fire1-383-_jpg.rf.fa9b6c153921de937ba3f537583a1e5e.jpg,train,640,640,1.0,1,1,0,87.77490234375,fire_only
fire1-383-_jpg.rf.ff5263a74e140ae1e93dc8dd6871eb6e.jpg,train,640,640,1.0,1,1,0,88.62841796875,fire_only
fire1-384-_jpg.rf.969012a71a46c4d948ae2cd848be3dc1.jpg,train,640,640,1.0,1,1,0,76.563720703125,fire_only
fire1-386-_jpg.rf.8d958bb9d502aebe0a174b9e01cbd3c6.jpg,train,640,640,1.0,1,1,0,82.87548828125,fire_only
fire1-386-_jpg.rf.f1ecc03e4cf030801fc98c35b7dd3aab.jpg,train,640,640,1.0,1,1,0,83.7421875,fire_only
fire1-387-_jpg.rf.7748c6ccb4fcf3440830921158e2f4bd.jpg,train,640,640,1.0,1,1,0,74.8818359375,fire_only
fire1-388-_jpg.rf.6e26cf11e5713e9ce477752691c4ff6e.jpg,train,640,640,1.0,1,1,0,79.95947265625,fire_only
fire1-389-_jpg.rf.bfdf80f216ac904e955154b32ec5d268.jpg,train,640,640,1.0,1,1,0,92.1611328125,fire_only
fire1-39-_jpg.rf.88c1839f18d96f910ec7391bd60aa8b5.jpg,train,640,640,1.0,1,1,0,66.165283203125,fire_only
fire1-392-_jpg.rf.64e433947d14596fd53c4437f4aa7dcf.jpg,train,640,640,1.0,1,1,0,98.226806640625,fire_only
fire1-393-_jpg.rf.370ed64609795570aaca4515fe944dbf.jpg,train,640,640,1.0,1,1,0,87.904541015625,fire_only
fire1-394-_jpg.rf.0ac189fff6129cda390fd98412384af1.jpg,train,640,640,1.0,1,1,0,79.111083984375,fire_only
fire1-396-_jpg.rf.db8f67f12580f601e9faf443f0e784a6.jpg,train,640,640,1.0,1,1,0,90.133544921875,fire_only
fire1-4-_jpg.rf.b72a3691f4c4bdbdaf278b767cd3e8fb.jpg,train,640,640,1.0,1,1,0,61.365966796875,fire_only
fire1-40-_jpg.rf.bfe9d5dd67f9582b3927f9d1ceb8750d.jpg,train,640,640,1.0,1,1,0,72.00732421875,fire_only
fire1-404-_jpg.rf.7850e87f7abe497a32c6ab6599e6df3f.jpg,train,640,640,1.0,1,1,0,73.911865234375,fire_only
fire1-406-_jpg.rf.3b531ca72ec27075233de896e1d4588d.jpg,train,640,640,1.0,1,1,0,74.582275390625,fire_only
fire1-407-_jpg.rf.b289e68a4d60258b4589e3b3814cd4fc.jpg,train,640,640,1.0,1,1,0,75.431396484375,fire_only
fire1-407-_jpg.rf.d70f08c4abf608f394ad024e5817de8b.jpg,train,640,640,1.0,1,1,0,77.00390625,fire_only
fire1-408-_jpg.rf.166ad4e8e21a68b0d7750378aa106439.jpg,train,640,640,1.0,1,1,0,84.862548828125,fire_only
fire1-409-_jpg.rf.434de51a8f3c3b7a641c5ef86a73d64d.jpg,train,640,640,1.0,1,1,0,77.6025390625,fire_only
fire1-41-_jpg.rf.683a1e53da4b5d3b3aeba173c52d7d9b.jpg,train,640,640,1.0,1,1,0,91.3837890625,fire_only
fire1-410-_jpg.rf.ccea03f9131130b8dc093d1ccdd5f136.jpg,train,640,640,1.0,2,2,0,76.97802734375,fire_only
fire1-411-_jpg.rf.79a7f791c1a99cd23b1123e0297c870c.jpg,train,640,640,1.0,1,1,0,81.063232421875,fire_only
fire1-412-_jpg.rf.8336b272683fba44e8823b13f462e248.jpg,train,640,640,1.0,1,1,0,76.31396484375,fire_only
fire1-412-_jpg.rf.9d9ed3930dbf94397277bb9f25f1bfa1.jpg,train,640,640,1.0,1,1,0,78.049072265625,fire_only
fire1-413-_jpg.rf.53cf8bd676d3e1f540a4132f9cfe7998.jpg,train,640,640,1.0,1,1,0,77.904052734375,fire_only
fire1-415-_jpg.rf.9ae5f1f6896739022ec13bc7ee7270bb.jpg,train,640,640,1.0,1,1,0,68.55224609375,fire_only
fire1-416-_jpg.rf.5aea314b47ece29e7cbf6ecdf94bcf97.jpg,train,640,640,1.0,1,1,0,77.417724609375,fire_only
fire1-416-_jpg.rf.a7b0652a7f88f52e077e76c699f49bac.jpg,train,640,640,1.0,1,1,0,79.53173828125,fire_only
fire1-417-_jpg.rf.92b9257ad9907f0a305edaf2ce98c4d3.jpg,train,640,640,1.0,1,1,0,67.278076171875,fire_only
fire1-418-_jpg.rf.027693382c84f7df37b539d85b48954e.jpg,train,640,640,1.0,1,1,0,79.155517578125,fire_only
fire1-419-_jpg.rf.abf9acd923760f41f0025652fcc123cc.jpg,train,640,640,1.0,1,1,0,75.676025390625,fire_only
fire1-42-_jpg.rf.be018539eff0d0ecb80c452a2e0ea1df.jpg,train,640,640,1.0,1,1,0,68.48095703125,fire_only
fire1-420-_jpg.rf.1401e583247588f986143aa9e424f95d.jpg,train,640,640,1.0,1,1,0,76.63037109375,fire_only
fire1-421-_jpg.rf.68c103d8c94b4d817229267e3629766b.jpg,train,640,640,1.0,1,1,0,61.8330078125,fire_only
fire1-421-_jpg.rf.cde13034c0377221986994904a88a83b.jpg,train,640,640,1.0,1,1,0,61.8330078125,fire_only
fire1-423-_jpg.rf.9b65079f09c5a53380a21be17c648098.jpg,train,640,640,1.0,1,1,0,71.1552734375,fire_only
fire1-424-_jpg.rf.82fce39c31e20ae2711215ea47aab74f.jpg,train,640,640,1.0,1,1,0,79.30517578125,fire_only
fire1-425-_jpg.rf.98be1f36e7f5723796b7c1dc46b1d0ac.jpg,train,640,640,1.0,1,1,0,78.19970703125,fire_only
fire1-426-_jpg.rf.79cc30d93c868c492925de124be2d270.jpg,train,640,640,1.0,1,1,0,65.1474609375,fire_only
fire1-427-_jpg.rf.1a0dfbc9ab37995f459a55a13f6c8deb.jpg,train,640,640,1.0,1,1,0,73.057373046875,fire_only
fire1-427-_jpg.rf.c64c12503eb7edcbef100abf9ec35a06.jpg,train,640,640,1.0,1,1,0,74.6689453125,fire_only
fire1-428-_jpg.rf.5a1b4cc6e92f2296cc9fad83a9a44f28.jpg,train,640,640,1.0,1,1,0,80.7373046875,fire_only
fire1-429-_jpg.rf.d900768dcdc8c7bd7899109d1f65af38.jpg,train,640,640,1.0,1,1,0,82.238525390625,fire_only
fire1-43-_jpg.rf.f5130ae621edfa6e48f735bf5fd430f3.jpg,train,640,640,1.0,1,1,0,74.0986328125,fire_only
fire1-430-_jpg.rf.cf967d20cef96dfc6d98abf93c379d38.jpg,train,640,640,1.0,1,1,0,77.065673828125,fire_only
fire1-431-_jpg.rf.12a046461d359c26c3db4c8fa8206e77.jpg,train,640,640,1.0,1,1,0,78.302734375,fire_only
fire1-431-_jpg.rf.c39d7916d4cd8f2e7483408469a11f32.jpg,train,640,640,1.0,1,1,0,79.708251953125,fire_only
fire1-432-_jpg.rf.06236711c3fb92cf4f1332f4c4b26b16.jpg,train,640,640,1.0,1,1,0,82.072998046875,fire_only
fire1-432-_jpg.rf.efffcbe21c8f9f77ccaaf0a26083fd36.jpg,train,640,640,1.0,1,1,0,83.80322265625,fire_only
fire1-435-_jpg.rf.e885f112c6cf76f4a8cf5f400ca07623.jpg,train,640,640,1.0,1,1,0,68.583740234375,fire_only
fire1-436-_jpg.rf.2d072fae53eb683c3d6612e668282e05.jpg,train,640,640,1.0,1,1,0,74.49072265625,fire_only
fire1-437-_jpg.rf.0162dcc9ec5a60607c1f23480f629aa6.jpg,train,640,640,1.0,1,1,0,80.449462890625,fire_only
fire1-437-_jpg.rf.961886e9c9035e3324b95b23bab30fce.jpg,train,640,640,1.0,1,1,0,79.128662109375,fire_only
fire1-438-_jpg.rf.ef3ce88c048a86eff0ea23cceef78568.jpg,train,640,640,1.0,1,1,0,79.682373046875,fire_only
fire1-439-_jpg.rf.1d23b7601470bab062ca55a20939f52c.jpg,train,640,640,1.0,1,1,0,85.767578125,fire_only
fire1-439-_jpg.rf.f6f83aff17a3e8ca402af0500e79bc26.jpg,train,640,640,1.0,1,1,0,85.767578125,fire_only
fire1-441-_jpg.rf.8686905ede32030cc8fc0e992b6cce14.jpg,train,640,640,1.0,1,1,0,75.62109375,fire_only
fire1-442-_jpg.rf.0cb81072a8966033a26a4d18ebb99cfe.jpg,train,640,640,1.0,1,1,0,78.7421875,fire_only
fire1-443-_jpg.rf.a248554ad1b18ea36b57f87eef1c7cbb.jpg,train,640,640,1.0,2,1,1,73.99853515625,both
fire1-445-_jpg.rf.42c08d15502ffc3cbe8b35834269b3ba.jpg,train,640,640,1.0,1,1,0,87.181396484375,fire_only
fire1-446-_jpg.rf.d93e16acbac7c1c0a53a0388a7afe2c4.jpg,train,640,640,1.0,1,1,0,79.562255859375,fire_only
fire1-447-_jpg.rf.47c265d9a3c72643312620b146441978.jpg,train,640,640,1.0,1,1,0,74.031982421875,fire_only
fire1-448-_jpg.rf.d8cac215e1e0441afa83984043f23a07.jpg,train,640,640,1.0,1,1,0,71.409423828125,fire_only
fire1-450-_jpg.rf.3eeb01e7b209a6aec1795b6ca152e744.jpg,train,640,640,1.0,1,1,0,91.98583984375,fire_only
fire1-450-_jpg.rf.a49b0fc13462b62ac4ee128cf9be8a80.jpg,train,640,640,1.0,1,1,0,90.251953125,fire_only
fire1-452-_jpg.rf.cee21c18c44ea4b13003f756b33e4bad.jpg,train,640,640,1.0,1,1,0,72.12939453125,fire_only
fire1-453-_jpg.rf.8352c812f2c202f20fa1f30227400133.jpg,train,640,640,1.0,1,1,0,89.39404296875,fire_only
fire1-455-_jpg.rf.b3a10e26c216e5c7e7b7800297d1bdeb.jpg,train,640,640,1.0,1,1,0,75.76806640625,fire_only
fire1-456-_jpg.rf.7cf1a7c43b4fc60cd274e188b010aadd.jpg,train,640,640,1.0,1,1,0,91.31396484375,fire_only
fire1-456-_jpg.rf.f4889266dc6a3955e655455ca0a1f166.jpg,train,640,640,1.0,1,1,0,93.00439453125,fire_only
fire1-457-_jpg.rf.cf6fe26ee6118745edd09c9fa0dd3f0f.jpg,train,640,640,1.0,1,1,0,76.9736328125,fire_only
fire1-458-_jpg.rf.f31ac08d1e3e3699e0d94440bf9c816c.jpg,train,640,640,1.0,1,1,0,72.740478515625,fire_only
fire1-459-_jpg.rf.d881a9165c5380c31bbbcfbb417823f6.jpg,train,640,640,1.0,1,1,0,93.538330078125,fire_only
fire1-460-_jpg.rf.9e50f3a1cabaf222cede76131c8e95ed.jpg,train,640,640,1.0,1,1,0,78.405517578125,fire_only
fire1-461-_jpg.rf.6c656bb5758fe68b80f95844632918ed.jpg,train,640,640,1.0,1,1,0,72.390625,fire_only
fire1-462-_jpg.rf.222bb88b04bbf1057308cc856c320261.jpg,train,640,640,1.0,1,1,0,78.20458984375,fire_only
fire1-463-_jpg.rf.6b3a987635bd267b439dfda1c2221a85.jpg,train,640,640,1.0,1,1,0,74.001953125,fire_only
fire1-464-_jpg.rf.24b19f0960e4a83e59769f732b6ab9c6.jpg,train,640,640,1.0,1,1,0,82.954833984375,fire_only
fire1-466-_jpg.rf.496073b4186601e7dd5f10614db403a9.jpg,train,640,640,1.0,1,1,0,78.562744140625,fire_only
fire1-467-_jpg.rf.7631ee713ae28adc4ff957bda78d59e8.jpg,train,640,640,1.0,1,1,0,79.290771484375,fire_only
fire1-467-_jpg.rf.bd1ae842d606540e70c448c26cb1dcde.jpg,train,640,640,1.0,1,1,0,77.423583984375,fire_only
fire1-468-_jpg.rf.8eb55e3363e67ad645731c7a7045ee86.jpg,train,640,640,1.0,1,1,0,75.93017578125,fire_only
fire1-469-_jpg.rf.0af9e063584cbe3d621bbecbfdfd9739.jpg,train,640,640,1.0,1,1,0,79.282958984375,fire_only
fire1-469-_jpg.rf.214359670ee698311f81f7f4f6049e43.jpg,train,640,640,1.0,1,1,0,81.0244140625,fire_only
fire1-470-_jpg.rf.4abba2554d6f781310d21319ea586429.jpg,train,640,640,1.0,2,1,1,61.877197265625,both
fire1-470-_jpg.rf.56d6e72acc34c882634c72954cf6929f.jpg,train,640,640,1.0,2,1,1,61.51611328125,both
fire1-472-_jpg.rf.989b4f1e1c23e909cbd9fdd2920b8d41.jpg,train,640,640,1.0,8,5,3,71.412109375,both
fire1-473-_jpg.rf.152a43e007d49c8b79db61baef635ad1.jpg,train,640,640,1.0,1,1,0,55.236572265625,fire_only
fire1-473-_jpg.rf.a053a7a9aead7417d5247969588a178f.jpg,train,640,640,1.0,1,1,0,53.88916015625,fire_only
fire1-474-_jpg.rf.2a3e196197fd03ba0ccb5e989ff05896.jpg,train,640,640,1.0,8,3,5,53.528564453125,both
fire1-474-_jpg.rf.2aecea64a8ebbd49057b0496c0cfd380.jpg,train,640,640,1.0,8,3,5,51.97216796875,both
fire1-476-_jpg.rf.8a925a5b7643ebff8938c05d3090cd07.jpg,train,640,640,1.0,1,1,0,51.044921875,fire_only
fire1-477-_jpg.rf.2ab49f74077b18d4b26745715af11ca2.jpg,train,640,640,1.0,1,1,0,54.70458984375,fire_only
fire1-479-_jpg.rf.276a4f40e992b2ab1961062b4164642b.jpg,train,640,640,1.0,1,1,0,55.306396484375,fire_only
fire1-480-_jpg.rf.f16cba99fafa6b9f2e3836cc1ce23a9b.jpg,train,640,640,1.0,1,1,0,55.39013671875,fire_only
fire1-481-_jpg.rf.63bed263b6011740d99b9a003b2d956e.jpg,train,640,640,1.0,1,1,0,58.269287109375,fire_only
fire1-482-_jpg.rf.d08a1811c7b0479b0bb821b9f0415393.jpg,train,640,640,1.0,1,1,0,57.852294921875,fire_only
fire1-484-_jpg.rf.a9e95466eb80d5907eb83487633fd7b0.jpg,train,640,640,1.0,1,1,0,56.2216796875,fire_only
fire1-486-_jpg.rf.f24eee876b102183d691266ad8d22d9d.jpg,train,640,640,1.0,1,1,0,50.453125,fire_only
fire1-487-_jpg.rf.c72d458692c51178738b8f6baa7087d6.jpg,train,640,640,1.0,1,1,0,49.86181640625,fire_only
fire1-488-_jpg.rf.d50bec81893c5b6640d638300d74f072.jpg,train,640,640,1.0,1,1,0,47.072998046875,fire_only
fire1-491-_jpg.rf.fc4cdb0be6714963f44d3422d24022cf.jpg,train,640,640,1.0,1,1,0,47.364990234375,fire_only
fire1-492-_jpg.rf.4641f94b85aa59cd1af94588ec6a00e3.jpg,train,640,640,1.0,1,1,0,48.2958984375,fire_only
fire1-493-_jpg.rf.ffa3ca50e4276b69bb18e7b8e1e1b849.jpg,train,640,640,1.0,1,1,0,42.70361328125,fire_only
fire1-495-_jpg.rf.b8ea0ae275b4fe0ed8017802707f92c5.jpg,train,640,640,1.0,1,1,0,51.442138671875,fire_only
fire1-497-_jpg.rf.574b5a20f210397875aa440e48b02fb1.jpg,train,640,640,1.0,1,1,0,47.156494140625,fire_only
fire1-497-_jpg.rf.c64ba66923dd2f6bc6e9694737829355.jpg,train,640,640,1.0,1,1,0,45.70263671875,fire_only
fire1-498-_jpg.rf.9e3521ef6c0c7ed39a14297e75ef1e87.jpg,train,640,640,1.0,1,1,0,51.373779296875,fire_only
fire1-50-_jpg.rf.9eee96c3bd19fcf76aeb886935a2c5cf.jpg,train,640,640,1.0,1,1,0,62.0546875,fire_only
fire1-501-_jpg.rf.2fb9fe65c4a792ec152730d11be6b96a.jpg,train,640,640,1.0,2,2,0,46.124267578125,fire_only
fire1-503-_jpg.rf.9b03348855e7239d475d5ac3eab6de00.jpg,train,640,640,1.0,1,1,0,55.377685546875,fire_only
fire1-504-_jpg.rf.28a0605e3e20bf2322fcb1b372aca76e.jpg,train,640,640,1.0,1,1,0,56.3232421875,fire_only
fire1-507-_jpg.rf.6190ee34a1c9536865deee0e2a7ef9ea.jpg,train,640,640,1.0,1,1,0,50.156494140625,fire_only
fire1-51-_jpg.rf.08ea590efe202e46004f4ab9ab64eb14.jpg,train,640,640,1.0,1,1,0,84.501708984375,fire_only
fire1-510-_jpg.rf.42c04385884fde857ba0bd118ae496b5.jpg,train,640,640,1.0,2,2,0,55.638916015625,fire_only
fire1-511-_jpg.rf.f4c02290190ddb8eb33e20a97d0af418.jpg,train,640,640,1.0,2,2,0,54.49658203125,fire_only
fire1-513-_jpg.rf.efa8ce350733ed903d20e97e632c7d61.jpg,train,640,640,1.0,1,1,0,45.64208984375,fire_only
fire1-516-_jpg.rf.fc352bc2a4d3e0fb5ba2e9cb6823994d.jpg,train,640,640,1.0,2,2,0,53.846435546875,fire_only
fire1-518-_jpg.rf.17124a99803121df0f8d26d8563ee609.jpg,train,640,640,1.0,1,1,0,47.46923828125,fire_only
fire1-518-_jpg.rf.ebd4a217a410416fc5cc1914fed3f9ee.jpg,train,640,640,1.0,1,1,0,48.31298828125,fire_only
fire1-52-_jpg.rf.500750fd9ba1f1fed7aa44377187fd2b.jpg,train,640,640,1.0,1,1,0,76.390625,fire_only
fire1-520-_jpg.rf.35fc8eb5c25ee6ba185a0dae392d8fcf.jpg,train,640,640,1.0,1,1,0,46.800048828125,fire_only
fire1-522-_jpg.rf.902a9334a967d9499be5c29d362ceeb6.jpg,train,640,640,1.0,2,2,0,54.57958984375,fire_only
fire1-523-_jpg.rf.e95e03a0593081079270af7be30eb9cf.jpg,train,640,640,1.0,2,2,0,51.429931640625,fire_only
fire1-526-_jpg.rf.b2891b68e3530fa5f5b578f4044ac6d2.jpg,train,640,640,1.0,3,3,0,42.917236328125,fire_only
fire1-528-_jpg.rf.3d3f8ccca86dad608504e00d252d5bca.jpg,train,640,640,1.0,1,1,0,46.974365234375,fire_only
fire1-529-_jpg.rf.90996929ddb0ba66448be6b1bf29dcd9.jpg,train,640,640,1.0,1,1,0,54.541259765625,fire_only
fire1-532-_jpg.rf.f8de5991824784857635e901e83d9677.jpg,train,640,640,1.0,1,1,0,50.440185546875,fire_only
fire1-533-_jpg.rf.a24f9fe845db032533c4c7e237e08d42.jpg,train,640,640,1.0,1,1,0,54.29052734375,fire_only
fire1-534-_jpg.rf.beacf81072f1f32f2e9bc39a84b37155.jpg,train,640,640,1.0,1,1,0,52.19873046875,fire_only
fire1-535-_jpg.rf.16737d6382fc7f9fb88ce29730d601b6.jpg,train,640,640,1.0,1,1,0,54.28271484375,fire_only
fire1-536-_jpg.rf.54fc562a482497f4f32a17402a3cf025.jpg,train,640,640,1.0,1,1,0,53.66845703125,fire_only
fire1-536-_jpg.rf.ca1202aeadc466d71e0ddec6d5324fb1.jpg,train,640,640,1.0,1,1,0,52.735107421875,fire_only
fire1-538-_jpg.rf.cfeb5905d38509411e76b4ba9ab064ca.jpg,train,640,640,1.0,1,1,0,54.84716796875,fire_only
fire1-546-_jpg.rf.3890841495429e3c13026654039cf3d4.jpg,train,640,640,1.0,1,1,0,52.935791015625,fire_only
fire1-546-_jpg.rf.5ad188386770166c03cf071a6c25417c.jpg,train,640,640,1.0,1,1,0,52.935791015625,fire_only
fire1-546-_jpg.rf.d79806aa77685c05f8ca5db5bed60724.jpg,train,640,640,1.0,1,1,0,53.926025390625,fire_only
fire1-547-_jpg.rf.427e46ef32396a942685dbf6b68b9fa3.jpg,train,640,640,1.0,1,1,0,55.707275390625,fire_only
fire1-549-_jpg.rf.a5b70f4fd8727b7575208068ad87dbdd.jpg,train,640,640,1.0,1,1,0,51.643798828125,fire_only
fire1-553-_jpg.rf.fc2befdfa650e722b1002e2aac59ae0f.jpg,train,640,640,1.0,1,1,0,46.865234375,fire_only
fire1-554-_jpg.rf.81205fe1306b9f430a9e25595f5f9878.jpg,train,640,640,1.0,1,1,0,49.553466796875,fire_only
fire1-554-_jpg.rf.8cd0207dc7bd4cad707f20433790383f.jpg,train,640,640,1.0,1,1,0,50.5126953125,fire_only
fire1-56-_jpg.rf.d4935aa0b9df24541147920a78592912.jpg,train,640,640,1.0,1,1,0,81.434326171875,fire_only
fire1-57-_jpg.rf.23a4f82757bd4d99cd5a244c4c9e9de4.jpg,train,640,640,1.0,1,1,0,75.064208984375,fire_only
fire1-595-_jpg.rf.402e6383aaa015ad8cc0367ddc85b3f8.jpg,train,640,640,1.0,1,1,0,31.11181640625,fire_only
fire1-595-_jpg.rf.524f6880894696096ce933128e4086ca.jpg,train,640,640,1.0,1,1,0,29.83447265625,fire_only
fire1-596-_jpg.rf.42f6a9ad6054f103464740cb284e9bd3.jpg,train,640,640,1.0,3,2,1,80.834228515625,both
fire1-597-_jpg.rf.7f4d7b3f73a64ee565df654c729a0abd.jpg,train,640,640,1.0,1,1,0,70.40869140625,fire_only
fire1-60-_jpg.rf.a06e0107d37668c4ee0842ffddf56143.jpg,train,640,640,1.0,1,1,0,66.57177734375,fire_only
fire1-602-_jpg.rf.b5751311b9635b1b3f7e22424bb87a7b.jpg,train,640,640,1.0,1,1,0,26.906494140625,fire_only
fire1-602-_jpg.rf.d4214526bcd3409e6a91a5729705e284.jpg,train,640,640,1.0,1,1,0,28.412353515625,fire_only
fire1-603-_jpg.rf.c281ec0f7c25cdb1a33b0856a78dc2f6.jpg,train,640,640,1.0,3,1,2,117.91650390625,both
fire1-61-_jpg.rf.c18ae55d8ba998d6103a2ba860cbf890.jpg,train,640,640,1.0,1,1,0,71.74951171875,fire_only
fire1-63-_jpg.rf.886b38c345fd3c09928e274b78e5bc01.jpg,train,640,640,1.0,1,1,0,71.078857421875,fire_only
fire1-690-_jpg.rf.ba029f715a96917403e2a35522d3a4c1.jpg,train,640,640,1.0,1,1,0,24.410400390625,fire_only
fire1-692-_jpg.rf.253cf8b8fa2a1e537ab01b4501fe41c5.jpg,train,640,640,1.0,6,4,2,83.905517578125,both
fire1-692-_jpg.rf.8852ea5503881b77b4bdd94799d060d0.jpg,train,640,640,1.0,6,4,2,83.905517578125,both
fire1-694-_jpg.rf.0b4b457d731c44c41998a3ac65c0827f.jpg,train,640,640,1.0,1,1,0,63.57080078125,fire_only
fire1-7-_jpg.rf.4bd9fc314c51665789e6770f51685100.jpg,train,640,640,1.0,5,3,2,97.12060546875,both
fire1-702-_jpg.rf.7ad26455ce20442c9cab0c50d8f71c3b.jpg,train,640,640,1.0,4,2,2,63.87109375,both
fire1-704-_jpg.rf.5c92f0d6c09212fb0db6b585836f64a9.jpg,train,640,640,1.0,4,1,3,92.20751953125,both
fire1-705-_jpg.rf.f652d2522a00d2f4fe81ac43a1319901.jpg,train,640,640,1.0,4,2,2,93.05712890625,both
fire1-708-_jpg.rf.72bcc9325041a6f3fbfc7f7170b2b613.jpg,train,640,640,1.0,1,1,0,20.870849609375,fire_only
fire1-71-_jpg.rf.b23fdb328375cf982fba93c7bcffdc8e.jpg,train,640,640,1.0,1,1,0,62.655029296875,fire_only
fire1-711-_jpg.rf.a2f3daa1717680d868c25c5f64b58284.jpg,train,640,640,1.0,2,1,1,138.513427734375,both
fire1-712-_jpg.rf.e8bb2c5006534474633cef2d911d4554.jpg,train,640,640,1.0,8,5,3,105.430908203125,both
fire1-713-_jpg.rf.f3fdd43780fbed2d15710052ba83459f.jpg,train,640,640,1.0,4,4,0,62.788330078125,fire_only
fire1-720-_jpg.rf.372e6d86fd390d8e4d7b98a6f135cdb0.jpg,train,640,640,1.0,6,5,1,117.807861328125,both
fire1-720-_jpg.rf.49bbe602d00dd77e2e895915c3163eca.jpg,train,640,640,1.0,6,5,1,119.47119140625,both
fire1-721-_jpg.rf.251798c253f86f802bd74db4c7c34230.jpg,train,640,640,1.0,3,2,1,69.247314453125,both
fire1-73-_jpg.rf.7ed1b9ad5e0d921d45a3cfec42de6df7.jpg,train,640,640,1.0,1,1,0,68.442138671875,fire_only
fire1-73-_jpg.rf.a12d8627a71dbccec488a6a84657280d.jpg,train,640,640,1.0,1,1,0,67.21728515625,fire_only
fire1-736-_jpg.rf.c33aee88b0b35e469ab15add054d1bd6.jpg,train,640,640,1.0,5,2,3,96.408447265625,both
fire1-739-_jpg.rf.2feb47dd2f124a709a8d443f8a47ba0c.jpg,train,640,640,1.0,4,1,3,125.82177734375,both
fire1-74-_jpg.rf.ab7f41e1e4d9348b8329eec04c8c0613.jpg,train,640,640,1.0,1,1,0,70.43310546875,fire_only
fire1-74-_jpg.rf.ec1528dc60c5d05531c67a0c18bbd958.jpg,train,640,640,1.0,1,1,0,71.63623046875,fire_only
fire1-740-_jpg.rf.abec23aa75990dff2ff3fb62108d44d0.jpg,train,640,640,1.0,5,4,1,100.314208984375,both
fire1-742-_jpg.rf.dc8db7d8e3e7b49673ef88737fcefeb6.jpg,train,640,640,1.0,3,2,1,65.46630859375,both
fire1-750-_jpg.rf.c9ee66cd682b6b0541806f983d99913e.jpg,train,640,640,1.0,8,5,3,126.126220703125,both
fire1-753-_jpg.rf.456cc7af47e2caa65985152d9f554c21.jpg,train,640,640,1.0,4,0,4,78.84228515625,smoke_only
fire1-755-_jpg.rf.492f135dc4a190b2451957b174b87f5f.jpg,train,640,640,1.0,1,1,0,31.56689453125,fire_only
fire1-760-_jpg.rf.41f48aaf428a53a9fc5781a6a9a19384.jpg,train,640,640,1.0,2,1,1,141.91357421875,both
fire1-760-_jpg.rf.f06940a58464275b8a8adf0f35def917.jpg,train,640,640,1.0,2,1,1,142.986083984375,both
fire1-767-_jpg.rf.d69b2b525ffd715c8c69240550fea3bc.jpg,train,640,640,1.0,1,1,0,51.438720703125,fire_only
fire1-77-_jpg.rf.7992e2a9ab31bae9b9f52f3790359568.jpg,train,640,640,1.0,1,1,0,83.15087890625,fire_only
fire1-771-_jpg.rf.dd4270a8dfebe5749caa0b81791170af.jpg,train,640,640,1.0,2,1,1,85.32177734375,both
fire1-778-_jpg.rf.b31fe0659ff28e7bd5d7b7f05baf12e1.jpg,train,640,640,1.0,1,1,0,43.108154296875,fire_only
fire1-78-_jpg.rf.f17628aca777e8e628590aa635db27bc.jpg,train,640,640,1.0,1,1,0,65.548095703125,fire_only
fire1-795-_jpg.rf.d5e808c9f2e6c0bb1927d4fbc810bb94.jpg,train,640,640,1.0,7,5,2,165.546142578125,both
fire1-799-_jpg.rf.9e2f3cd41a933d79588a13563fec6790.jpg,train,640,640,1.0,1,1,0,77.271728515625,fire_only
fire1-799-_jpg.rf.a563a07a99a26a294d8152392aa68366.jpg,train,640,640,1.0,1,1,0,78.0205078125,fire_only
fire1-8-_jpg.rf.22e0b075ef663f0e0025fb07f3d1dfa4.jpg,train,640,640,1.0,6,4,2,106.95263671875,both
fire1-80-_jpg.rf.b29899c427130e182fbeca246f14891c.jpg,train,640,640,1.0,1,1,0,72.05712890625,fire_only
fire1-801-_jpg.rf.195867c5b5c637af613b9d2b65cd5e21.jpg,train,640,640,1.0,1,1,0,130.666259765625,fire_only
fire1-813-_jpg.rf.4b1af0821be3b03d70261d8782c08f5c.jpg,train,640,640,1.0,1,1,0,49.456787109375,fire_only
fire1-815-_jpg.rf.50cf78ca948ed041c28cb1e95f951f32.jpg,train,640,640,1.0,1,1,0,74.424560546875,fire_only
fire1-816-_jpg.rf.a86856fbab2533152d2d1bc3e848b16f.jpg,train,640,640,1.0,1,1,0,73.917236328125,fire_only
fire1-817-_jpg.rf.d5e2c8ecaff443eaf4283571c3f3fffc.jpg,train,640,640,1.0,1,1,0,35.845947265625,fire_only
fire1-818-_jpg.rf.2b845b12207a3704808c672406d15f8e.jpg,train,640,640,1.0,1,1,0,19.3349609375,fire_only
fire1-819-_jpg.rf.77726aa6a553761261a10676a2698a1f.jpg,train,640,640,1.0,2,1,1,20.8623046875,both
fire1-82-_jpg.rf.e02b357df0800b44bd70e3b72e99cb68.jpg,train,640,640,1.0,1,1,0,84.78564453125,fire_only
fire1-820-_jpg.rf.3ee46f70319cf0736db7b9d21da15275.jpg,train,640,640,1.0,1,1,0,48.66796875,fire_only
fire1-821-_jpg.rf.e70cffc2464dbe8d5ad926c77c7c8902.jpg,train,640,640,1.0,1,1,0,77.663818359375,fire_only
fire1-822-_jpg.rf.e9e010a192b2a4cd1be963af5afaf153.jpg,train,640,640,1.0,1,1,0,85.84326171875,fire_only
fire1-824-_jpg.rf.7d7217c61f18ff76a8cdf979988006b5.jpg,train,640,640,1.0,1,1,0,35.785400390625,fire_only
fire1-824-_jpg.rf.e5a9931948a1575effb73f33431a5175.jpg,train,640,640,1.0,1,1,0,38.521240234375,fire_only
fire1-825-_jpg.rf.10ec3bdb806fa0735d758b580432d0f1.jpg,train,640,640,1.0,3,2,1,84.67333984375,both
fire1-826-_jpg.rf.c03af9ad114f422da390a53db6fb28d2.jpg,train,640,640,1.0,4,4,0,38.74853515625,fire_only
fire1-827-_jpg.rf.ea61cd12f4759c1f0545bf9bb764bbf4.jpg,train,640,640,1.0,1,1,0,28.906494140625,fire_only
fire1-829-_jpg.rf.6b465dc2931ffb49e96e1c1e29b52fda.jpg,train,640,640,1.0,1,1,0,32.705322265625,fire_only
fire1-83-_jpg.rf.27b3b37ce6b4ddddcac85cca3f489896.jpg,train,640,640,1.0,1,1,0,71.392822265625,fire_only
fire1-830-_jpg.rf.0e8e90c3e19e8b52fd1237bf3e255caa.jpg,train,640,640,1.0,1,1,0,31.904296875,fire_only
fire1-835-_jpg.rf.4ee323813607b65988d0e260b60ee863.jpg,train,640,640,1.0,1,1,0,29.786376953125,fire_only
fire1-837-_jpg.rf.5cadcb76c6714db8e5c848a4de80dbda.jpg,train,640,640,1.0,1,1,0,36.871337890625,fire_only
fire1-84-_jpg.rf.c32710ea41ffa6735cad1d69ba177898.jpg,train,640,640,1.0,1,1,0,69.51025390625,fire_only
fire1-841-_jpg.rf.f8972d4faf5b6e44ffd82eb480a0dcf1.jpg,train,640,640,1.0,1,1,0,40.41650390625,fire_only
fire1-842-_jpg.rf.978d6f60f69c2823955210193394bd65.jpg,train,640,640,1.0,1,1,0,34.9140625,fire_only
fire1-845-_jpg.rf.2c7b30380e79a030b8d5ac3339720a09.jpg,train,640,640,1.0,1,1,0,62.01611328125,fire_only
fire1-847-_jpg.rf.27d11e316bf9fb108bf935a6e870f635.jpg,train,640,640,1.0,5,5,0,94.28955078125,fire_only
fire1-848-_jpg.rf.029c3e8ab55e9233e123e0fa72b21d03.jpg,train,640,640,1.0,2,2,0,91.80029296875,fire_only
fire1-85-_jpg.rf.13d732a01bc3173766cc95cb756811f1.jpg,train,640,640,1.0,1,1,0,76.7958984375,fire_only
fire1-850-_jpg.rf.76e28605f8b4a87db6ec24767b3913fb.jpg,train,640,640,1.0,1,1,0,52.25732421875,fire_only
fire1-851-_jpg.rf.faf12755c3230b90e7631830f84d460b.jpg,train,640,640,1.0,1,1,0,39.8037109375,fire_only
fire1-854-_jpg.rf.fdf7d5f3269a2a7ef5a329cf4e2d54fb.jpg,train,640,640,1.0,2,2,0,121.886474609375,fire_only
fire1-855-_jpg.rf.c96ed17f0027ef8bb3cbcf8ebf83f652.jpg,train,640,640,1.0,7,4,3,61.049072265625,both
fire1-856-_jpg.rf.7d39053ff3a87b2e6396a226e328e6aa.jpg,train,640,640,1.0,1,1,0,22.025390625,fire_only
fire1-857-_jpg.rf.f9943f4dd79f3fdfab3160e4ca2a5799.jpg,train,640,640,1.0,6,4,2,109.6787109375,both
fire1-858-_jpg.rf.70895673730eafc4f50e9a93c7e62c3c.jpg,train,640,640,1.0,2,2,0,13.67919921875,fire_only
fire1-860-_jpg.rf.522ea880595242b740257d9f1f903d2a.jpg,train,640,640,1.0,1,1,0,16.625244140625,fire_only
fire1-861-_jpg.rf.bae8c33b8c6ffc22a0d9f362269cb1b2.jpg,train,640,640,1.0,1,1,0,44.660888671875,fire_only
fire1-863-_jpg.rf.2efed40736e6c30f05a717d35c65bb44.jpg,train,640,640,1.0,1,1,0,39.910400390625,fire_only
fire1-866-_jpg.rf.da34ee348174a640e8526fce57a32b4d.jpg,train,640,640,1.0,1,1,0,65.76171875,fire_only
fire1-867-_jpg.rf.d0fe1eb1d97039122f753832e37dad1f.jpg,train,640,640,1.0,1,1,0,64.135009765625,fire_only
fire1-868-_jpg.rf.5ff747ba5340f60ceb4e607084416871.jpg,train,640,640,1.0,1,1,0,47.958740234375,fire_only
fire1-870-_jpg.rf.0556d806bf53e5ae89aeb8a7af552164.jpg,train,640,640,1.0,3,2,1,125.045166015625,both
fire1-871-_jpg.rf.152a9a4fce959c32a22677cf75ae7ea1.jpg,train,640,640,1.0,1,1,0,62.8720703125,fire_only
fire1-872-_jpg.rf.c1fe46650ad04ff1f40af4fecc094d78.jpg,train,640,640,1.0,1,1,0,47.017822265625,fire_only
fire1-873-_jpg.rf.01779548ea9b24f75c90642a142e840a.jpg,train,640,640,1.0,1,1,0,13.36376953125,fire_only
fire1-875-_jpg.rf.3b7476bdd1ed7f7154a2955ce039af02.jpg,train,640,640,1.0,1,1,0,70.055419921875,fire_only
fire1-877-_jpg.rf.65bdde2616beddef9f080fff78806993.jpg,train,640,640,1.0,5,2,3,32.974853515625,both
fire1-877-_jpg.rf.c3ef52865d6598b5dac3d4318cc760b5.jpg,train,640,640,1.0,5,2,3,32.15966796875,both
fire1-879-_jpg.rf.7a38a9b8ed8cfafc7b4318f04ffba3b9.jpg,train,640,640,1.0,5,3,2,108.045654296875,both
fire1-88-_jpg.rf.23364d6957c1ab2ce3b2a3fd999a35fa.jpg,train,640,640,1.0,1,1,0,66.302490234375,fire_only
fire1-880-_jpg.rf.0fa22148cff18026acb142f3bcce3d5f.jpg,train,640,640,1.0,1,1,0,29.849365234375,fire_only
fire1-889-_jpg.rf.7c621ba7313ec823759fd1397ac89129.jpg,train,640,640,1.0,5,4,1,128.338623046875,both
fire1-890-_jpg.rf.0bce841d304ae21d0726bc70d1f5004e.jpg,train,640,640,1.0,1,1,0,77.34326171875,fire_only
fire1-893-_jpg.rf.433f57c414e11ea77274440b3891a0c8.jpg,train,640,640,1.0,1,1,0,26.92041015625,fire_only
fire1-894-_jpg.rf.2452bea9e8e6436870be4b032d4094b9.jpg,train,640,640,1.0,1,1,0,62.040771484375,fire_only
fire1-895-_jpg.rf.1c86ff3a025ee49b82edfb8da3967873.jpg,train,640,640,1.0,1,1,0,29.124267578125,fire_only
fire1-896-_jpg.rf.6b0a31bb09c2b3e26adcf37854391e71.jpg,train,640,640,1.0,1,1,0,66.164794921875,fire_only
fire1-897-_jpg.rf.ce4035d1525e28c2ecbe0f6b229fb3fe.jpg,train,640,640,1.0,1,1,0,78.4677734375,fire_only
fire1-901-_jpg.rf.5113cb52fb17fe6b3a54a60d05897f92.jpg,train,640,640,1.0,1,1,0,75.830322265625,fire_only
fire1-901-_jpg.rf.c6eb894ff7a8c97bed39180f6db22ce3.jpg,train,640,640,1.0,1,1,0,78.305908203125,fire_only
fire1-903-_jpg.rf.0a6cd70ed8110c99cebb51e28e744c22.jpg,train,640,640,1.0,1,1,0,60.62158203125,fire_only
fire1-903-_jpg.rf.96753db28aea6dd3553d3465ad8f54c4.jpg,train,640,640,1.0,1,1,0,58.85302734375,fire_only
fire1-905-_jpg.rf.1f0d89db9699ec7259839a5479ba3137.jpg,train,640,640,1.0,1,1,0,71.754150390625,fire_only
fire1-907-_jpg.rf.1a2b539143ba9b45a445d1fa367db538.jpg,train,640,640,1.0,1,1,0,21.903076171875,fire_only
fire1-909-_jpg.rf.adad86517e0e466eaba41ad72cd432f0.jpg,train,640,640,1.0,1,1,0,15.722900390625,fire_only
fire1-910-_jpg.rf.229aa92f3deeef3df831fac528e24716.jpg,train,640,640,1.0,1,1,0,84.677490234375,fire_only
fire1-910-_jpg.rf.7ca164f0644f02e1ccfc1cdb682f9456.jpg,train,640,640,1.0,1,1,0,83.370849609375,fire_only
fire1-911-_jpg.rf.37e1ee0a3ed06d210bccbead47d1556c.jpg,train,640,640,1.0,1,1,0,65.850341796875,fire_only
fire1-912-_jpg.rf.7b27b011d31aa49e94d819f08beb3972.jpg,train,640,640,1.0,1,1,0,16.768310546875,fire_only
fire1-913-_jpg.rf.0875bc34161988e899bf9967f0f3ab67.jpg,train,640,640,1.0,4,2,2,42.436279296875,both
fire1-914-_jpg.rf.4ce8cadf154345b555cb91aec8c4f629.jpg,train,640,640,1.0,1,1,0,26.7626953125,fire_only
fire1-915-_jpg.rf.b06d6c67503d87126959fe75665333d3.jpg,train,640,640,1.0,1,1,0,80.095703125,fire_only
fire1-916-_jpg.rf.2f916fb179c2c51365d745862c713f95.jpg,train,640,640,1.0,1,1,0,19.30322265625,fire_only
fire1-916-_jpg.rf.d387010bcf3eb38a57381b128558dc9f.jpg,train,640,640,1.0,1,1,0,21.08740234375,fire_only
fire1-917-_jpg.rf.87a1367957ac577662fe97834d40809f.jpg,train,640,640,1.0,1,1,0,37.49267578125,fire_only
fire1-919-_jpg.rf.706e8bd364b499a096489258d1d75c5f.jpg,train,640,640,1.0,1,1,0,68.37158203125,fire_only
fire1-925-_jpg.rf.0ce3a0a10504408491b525fd59516202.jpg,train,640,640,1.0,1,1,0,12.280517578125,fire_only
fire1-927-_jpg.rf.1412916f7a4fa2bf76da5485ec432e36.jpg,train,640,640,1.0,1,1,0,83.335693359375,fire_only
fire1-928-_jpg.rf.a8c94dabda0bd505dec386e507671a18.jpg,train,640,640,1.0,2,2,0,29.1328125,fire_only
fire1-93-_jpg.rf.79b062cd7f28cd90817c95a94f406518.jpg,train,640,640,1.0,1,1,0,81.18310546875,fire_only
fire1-930-_jpg.rf.116024d2022dfb42a0053a72910ddda4.jpg,train,640,640,1.0,1,1,0,60.74609375,fire_only
fire1-931-_jpg.rf.a29999213d64cb4977d581afbdffe81c.jpg,train,640,640,1.0,1,1,0,16.14453125,fire_only
fire1-932-_jpg.rf.887ec0a629c1817a0c1203d1d51a71c2.jpg,train,640,640,1.0,2,2,0,53.3330078125,fire_only
fire1-932-_jpg.rf.fdcb2437fc87ceba14cd4535d1a6801d.jpg,train,640,640,1.0,2,2,0,49.023681640625,fire_only
fire1-933-_jpg.rf.44a5761bdcd6ddc9c2cff27006236502.jpg,train,640,640,1.0,1,1,0,70.59326171875,fire_only
fire1-933-_jpg.rf.83e44c7ae60efa93b334485422de60fb.jpg,train,640,640,1.0,1,1,0,70.59326171875,fire_only
fire1-933-_jpg.rf.92b0a5422893a07b34433f9921b45c4e.jpg,train,640,640,1.0,1,1,0,68.65478515625,fire_only
fire1-937-_jpg.rf.4ccf189890ed99ff939c6caf795b5b8d.jpg,train,640,640,1.0,1,1,0,40.26904296875,fire_only
fire1-937-_jpg.rf.c4d3c4e16399873cb47797494fcdfde3.jpg,train,640,640,1.0,1,1,0,38.9599609375,fire_only
fire1-938-_jpg.rf.c83aedc5dd48fb1653d37f6952985472.jpg,train,640,640,1.0,2,1,1,110.99169921875,both
fire1-939-_jpg.rf.84f056e2f35ab13db4f6fa78476723d1.jpg,train,640,640,1.0,3,3,0,42.886474609375,fire_only
fire1-945-_jpg.rf.5bf86c7173fa3f76e69adc09555c231f.jpg,train,640,640,1.0,1,1,0,45.046875,fire_only
fire1-947-_jpg.rf.c0e2d9e8fdcb3bff5ec07360d4133fe7.jpg,train,640,640,1.0,8,5,3,94.09423828125,both
fire1-947-_jpg.rf.fc9ed0ff8aca37a5211de5b4cc544580.jpg,train,640,640,1.0,8,5,3,92.7275390625,both
fire1-95-_jpg.rf.0631d2311cedf547554010cf136aa881.jpg,train,640,640,1.0,1,1,0,68.8837890625,fire_only
fire1-951-_jpg.rf.6356c9944f721247759de0b10a29688f.jpg,train,640,640,1.0,7,5,2,107.484619140625,both
fire1-951-_jpg.rf.97c71201a9c754de7f235d70349100b4.jpg,train,640,640,1.0,7,5,2,109.351318359375,both
fire1-952-_jpg.rf.665b73bbe58220c9f85f7f2e7c0ef8ca.jpg,train,640,640,1.0,8,6,2,86.283203125,both
fire1-954-_jpg.rf.563388173d9bf1e3529e188173bdc07b.jpg,train,640,640,1.0,1,1,0,48.44677734375,fire_only
fire1-954-_jpg.rf.8cd2a45d05ed4bb0177e42a5ca2a0553.jpg,train,640,640,1.0,1,1,0,46.032470703125,fire_only
fire1-957-_jpg.rf.ee833156ed4b7b25dd7f0115c3401385.jpg,train,640,640,1.0,4,3,1,89.496826171875,both
fire1-963-_jpg.rf.cb575e30554d9f272c72d9090bb056cc.jpg,train,640,640,1.0,4,3,1,73.949462890625,both
fire1-967-_jpg.rf.0565eb543325edd3db51485e645c0092.jpg,train,640,640,1.0,1,1,0,72.91015625,fire_only
fire1-968-_jpg.rf.6e8d25a12bc4ffaaf1e8b2b0f44bbb65.jpg,train,640,640,1.0,1,1,0,22.295654296875,fire_only
fire1-973-_jpg.rf.722bddc83d19bfb6e9895d3114c794a3.jpg,train,640,640,1.0,6,4,2,34.501708984375,both
fire1-974-_jpg.rf.7d98633295af7f1f8b8d16c98483db39.jpg,train,640,640,1.0,1,1,0,50.909423828125,fire_only
fire1-974-_jpg.rf.cc9a646df82d1a509a482a971a622c4f.jpg,train,640,640,1.0,1,1,0,50.909423828125,fire_only
fire1-975-_jpg.rf.1a21d58b409077efc8bd90a59bed562b.jpg,train,640,640,1.0,4,1,3,111.896240234375,both
fire1-975-_jpg.rf.4ec50dad3f39afa0577b11b50c1c96c7.jpg,train,640,640,1.0,4,1,3,112.9267578125,both
fire1-978-_jpg.rf.e218c0fc08e4a8f82fbeeef301c4f1c9.jpg,train,640,640,1.0,3,3,0,104.2373046875,fire_only
fire1-979-_jpg.rf.34b7be6335b5d575bac1419b04d49853.jpg,train,640,640,1.0,7,4,3,113.306396484375,both
fire1-98-_jpg.rf.37b4f1f81b89ed33a5b38221cdab427d.jpg,train,640,640,1.0,1,1,0,69.86181640625,fire_only
fire1-98-_jpg.rf.840b3f690eed14c51b162afaf8b73ddb.jpg,train,640,640,1.0,1,1,0,71.123779296875,fire_only
fire1-980-_jpg.rf.53cb4ee3adcc43638e6c14f46b486f76.jpg,train,640,640,1.0,8,6,2,91.134521484375,both
fire1-981-_jpg.rf.58b691abccf84eb314b197c2960ca494.jpg,train,640,640,1.0,5,3,2,87.92333984375,both
fire1-982-_jpg.rf.300e9fcabbacdd6d726b92ebf81b4ad1.jpg,train,640,640,1.0,2,1,1,72.013916015625,both
fire1-984-_jpg.rf.76bfd761a15b797af2fd9d35e79c48ed.jpg,train,640,640,1.0,8,4,4,69.623046875,both
fire1-988-_jpg.rf.d407b0630ef3cda6c341387302624105.jpg,train,640,640,1.0,8,7,1,92.21630859375,both
fire1-996-_jpg.rf.a7d27e95c7859b25989e87892fd53a85.jpg,train,640,640,1.0,1,1,0,18.935546875,fire_only
fire1-997-_jpg.rf.adcb92df2abc85be3af8a29ed79cb7bc.jpg,train,640,640,1.0,6,6,0,105.02294921875,fire_only
fire1-998-_jpg.rf.f0f719a4ff65619e79ea42cb7fcdf532.jpg,train,640,640,1.0,3,2,1,123.259765625,both
fire1-999-_jpg.rf.512dcfe2faf036015805e8d995f17f14.jpg,train,640,640,1.0,3,1,2,131.27490234375,both
FireDetectionImage_MirrorWEBFire088_jpg.rf.5e7a6ed66906405aaad1000c5b2f857d.jpg,train,640,640,1.0,2,2,0,91.256591796875,fire_only
FireDetectionImage_MirrorWEBFire099_jpg.rf.72102f11f23bdb332466b86e5282195e.jpg,train,640,640,1.0,6,4,2,109.666259765625,both
FireDetectionImage_MirrorWEBFire1049_jpg.rf.67a86a4e873669e57ceaa6e251435a6b.jpg,train,640,640,1.0,5,3,2,56.0029296875,both
FireDetectionImage_MirrorWEBFire1137_jpg.rf.f01196ca17679a860c2bc22abf355efb.jpg,train,640,640,1.0,2,2,0,36.7802734375,fire_only
FireDetectionImage_NoiseWEBFire066_jpg.rf.c28f77cb212f59db1167aca41cf9dec6.jpg,train,640,640,1.0,5,4,1,75.654296875,both
FireDetectionImage_NoiseWEBFire088_jpg.rf.b8c7f9e30979e37a7e7eac859e7ed9ac.jpg,train,640,640,1.0,2,2,0,99.871337890625,fire_only
FireDetectionImage_NoiseWEBFire090_jpg.rf.805ffc7266b41458d4bc4ffa9badf6c5.jpg,train,640,640,1.0,3,1,2,113.787841796875,both
FireDetectionImage_NoiseWEBFire099_jpg.rf.97692a2cc3d544365c47934513064880.jpg,train,640,640,1.0,6,4,2,110.04833984375,both
FireDetectionImage_NoiseWEBFire1137_jpg.rf.70cf8f5c776867bca6543ff7f9724810.jpg,train,640,640,1.0,2,2,0,51.606689453125,fire_only
FireDetectionImage_NoiseWEBFire133_jpg.rf.43bdf9904d99fd4c830ea8cfd6562c09.jpg,train,640,640,1.0,6,5,1,90.909912109375,both
FireDetectionImage_NoiseWEBFire1346_jpg.rf.d9936e8ddbfc217ca7f1e280b8eac8e1.jpg,train,640,640,1.0,1,1,0,53.3935546875,fire_only
FireDetectionImage_NoiseWEBFire136_jpg.rf.bf410a2e1e684a4ba9b49fa41b678135.jpg,train,640,640,1.0,5,4,1,63.8916015625,both
FireDetectionImage_NoiseWEBFire950_jpg.rf.45e4f56c4c477ecf823d9f939a9e2e29.jpg,train,640,640,1.0,6,6,0,34.208740234375,fire_only
FireDetectionImage_NoiseWEBFire950_jpg.rf.53447a1700f69b78f9911120980e5143.jpg,train,640,640,1.0,6,6,0,33.4599609375,fire_only
FireDetectionImage_WEBFire090_jpg.rf.a1360beff9445c1c06ffe52a686de125.jpg,train,640,640,1.0,3,1,2,107.546142578125,both
FireDetectionImage_WEBFire099_jpg.rf.c2a71e933038565542e9d38a0687f7ab.jpg,train,640,640,1.0,6,4,2,109.62646484375,both
FireDetectionImage_WEBFire1137_jpg.rf.f08dc5632fd62841753736d8d539183e.jpg,train,640,640,1.0,2,2,0,35.20361328125,fire_only
FireDetectionImage_WEBFire1346_jpg.rf.6d0f7fdce35461516382739138401293.jpg,train,640,640,1.0,1,1,0,43.620849609375,fire_only
FireDetectionImage_WEBFire136_jpg.rf.573e38b2b0bdb5c8fb03ba2b9fd70292.jpg,train,640,640,1.0,5,4,1,54.460205078125,both
GettyImages-1228574257_Bobcat-Fire_Sept-2020_web_jpg.rf.6fa9cce8cc749f7bcc3aa83d95a54ccf.jpg,train,640,640,1.0,6,3,3,62.613525390625,both
Img_1135_jpg.rf.268100ee23b18f441ad9a40356de29a0.jpg,train,640,640,1.0,0,0,0,87.343017578125,background
Img_1135_jpg.rf.e9c40010b68e69537ddef28f694d65f9.jpg,train,640,640,1.0,0,0,0,87.215576171875,background
Img_1136_jpg.rf.642f69b2ca58f4a415bc90aea788cf44.jpg,train,640,640,1.0,0,0,0,87.816650390625,background
Img_1136_jpg.rf.b879df5fb426e1c9084c0c2bc05a0763.jpg,train,640,640,1.0,0,0,0,87.757080078125,background
Img_1137_jpg.rf.675d9e5dcb53e750630ba05f04ff479f.jpg,train,640,640,1.0,0,0,0,88.56689453125,background
Img_1137_jpg.rf.6dfc8e56be63d46274d1e2568252fb5c.jpg,train,640,640,1.0,0,0,0,88.52294921875,background
Img_1138_jpg.rf.54e1d910ce68958768eed57464a19d31.jpg,train,640,640,1.0,0,0,0,88.71533203125,background
Img_1138_jpg.rf.f95fa5a785f2209de8e52a5d2805ef77.jpg,train,640,640,1.0,0,0,0,88.71533203125,background
Img_1139_jpg.rf.0d0d8d1bda53f4295afcfce05a771a85.jpg,train,640,640,1.0,0,0,0,89.26318359375,background
Img_1140_jpg.rf.f65991dd363056fa15f76fd164cc6a72.jpg,train,640,640,1.0,0,0,0,89.8134765625,background
Img_1141_jpg.rf.ac27ce1cdc00d6e629ac1d1a058e170a.jpg,train,640,640,1.0,0,0,0,89.517578125,background
Img_1141_jpg.rf.ae7a9f52c23b927cca02ca9c03e4a32d.jpg,train,640,640,1.0,0,0,0,89.4150390625,background
Img_1142_jpg.rf.6bad1805d2ec0307967963834d64dcca.jpg,train,640,640,1.0,0,0,0,89.575927734375,background
Img_1142_jpg.rf.7a7c79f17002efc3d488fe5931d5751e.jpg,train,640,640,1.0,0,0,0,89.557373046875,background
Img_1144_jpg.rf.3e3506c003466b35d2cdcc4c80cd3127.jpg,train,640,640,1.0,0,0,0,88.6630859375,background
Img_1144_jpg.rf.b326d33f75ede2c03c9c0adb6c5d72d9.jpg,train,640,640,1.0,0,0,0,88.56689453125,background
Img_1145_jpg.rf.84a8fcf30ce97a0c27cca303369659e3.jpg,train,640,640,1.0,0,0,0,88.18701171875,background
Img_1145_jpg.rf.91f0b62a3ef36a9ea4bee9e167eedeaa.jpg,train,640,640,1.0,0,0,0,88.17431640625,background
Img_1146_jpg.rf.5df20ca76af381dfd415cae9354b3329.jpg,train,640,640,1.0,0,0,0,88.467041015625,background
Img_1148_jpg.rf.02d27c415d3a55d8dcf80db7c75a380a.jpg,train,640,640,1.0,0,0,0,87.970703125,background
Img_1149_jpg.rf.a1e7dbf5d06aafa21b8c2f168224ffd8.jpg,train,640,640,1.0,0,0,0,88.259033203125,background
Img_1149_jpg.rf.cd3252b051c1438b23a756aaba08fc89.jpg,train,640,640,1.0,0,0,0,88.190673828125,background
Img_1150_jpg.rf.11283e25dd3d15df9ff970a304c0f211.jpg,train,640,640,1.0,0,0,0,89.09228515625,background
Img_1152_jpg.rf.85be03c48f9766ec989ce75b222c9425.jpg,train,640,640,1.0,0,0,0,88.60205078125,background
Img_1152_jpg.rf.ef08986d77206783fcf8cb768cb807d4.jpg,train,640,640,1.0,0,0,0,88.57080078125,background
Img_1153_jpg.rf.34148feef47e62d181e9ba423aca3b0f.jpg,train,640,640,1.0,0,0,0,88.438720703125,background
Img_1154_jpg.rf.ae6fdf208f9f753ebb0f240774699a68.jpg,train,640,640,1.0,0,0,0,88.21142578125,background
Img_1155_jpg.rf.6796a80f8b842c064711ec937ffb262f.jpg,train,640,640,1.0,0,0,0,87.897216796875,background
Img_1155_jpg.rf.9d42474e2863bf069bf2b2fab4a7ab85.jpg,train,640,640,1.0,0,0,0,87.9130859375,background
Img_1155_jpg.rf.e8ff541419dfbb60804033b7ab7d012f.jpg,train,640,640,1.0,0,0,0,87.9130859375,background
Img_1156_jpg.rf.124dd79c6fd0ebccf2f3f0286ccd54eb.jpg,train,640,640,1.0,0,0,0,88.002197265625,background
Img_1157_jpg.rf.e004c5050bf4a0ededd725c36b5432fd.jpg,train,640,640,1.0,0,0,0,88.7060546875,background
Img_1158_jpg.rf.7ea364083c702745d40633e3f21a0474.jpg,train,640,640,1.0,0,0,0,88.29931640625,background
Img_1158_jpg.rf.a008c8fdc6b60b13bb79a1345e7ee942.jpg,train,640,640,1.0,0,0,0,88.310791015625,background
Img_1159_jpg.rf.31b3cdf214adced5bdd2579b5d15f4a9.jpg,train,640,640,1.0,0,0,0,88.54541015625,background
Img_1159_jpg.rf.3a8624de3e75d6d408a72474eb913306.jpg,train,640,640,1.0,0,0,0,88.48291015625,background
Img_1159_jpg.rf.934acc23c46d0e2aeafcd1e863652831.jpg,train,640,640,1.0,0,0,0,88.482666015625,background
Img_1160_jpg.rf.4aaa97f95beaadee2471713696aaecc2.jpg,train,640,640,1.0,0,0,0,88.61181640625,background
Img_1161_jpg.rf.e15b58c2e31ada059b04eee5bd7e4827.jpg,train,640,640,1.0,0,0,0,88.5,background
Img_1163_jpg.rf.1216bb7af578f3f43c01b6f70def293f.jpg,train,640,640,1.0,0,0,0,88.649169921875,background
Img_1164_jpg.rf.8f8a55fefb835232f8172c64a2c10b6b.jpg,train,640,640,1.0,0,0,0,88.485595703125,background
Img_1164_jpg.rf.c34ff4339f3a836a9aea40b28abbc629.jpg,train,640,640,1.0,0,0,0,88.40869140625,background
Img_1165_jpg.rf.9acd53d77276306a79b62545283da9ab.jpg,train,640,640,1.0,0,0,0,89.1103515625,background
Img_1165_jpg.rf.bbdb694ee05c602191580c78d8b29f8b.jpg,train,640,640,1.0,0,0,0,89.0869140625,background
Img_1165_jpg.rf.fab589505eeb451dda30ef705b3e1eb5.jpg,train,640,640,1.0,0,0,0,89.1103515625,background
Img_1166_jpg.rf.1176ebdb7542b0dd0144a50709cb3519.jpg,train,640,640,1.0,0,0,0,89.1220703125,background
Img_1166_jpg.rf.3ec54469da1143affe6576521ffc235e.jpg,train,640,640,1.0,0,0,0,89.146728515625,background
Img_1166_jpg.rf.e1ec9273d8379bbb5b4f335b760b6f4e.jpg,train,640,640,1.0,0,0,0,89.18115234375,background
Img_1167_jpg.rf.d1587262ae42ddffbf3addec2ab012be.jpg,train,640,640,1.0,0,0,0,89.16455078125,background
Img_1168_jpg.rf.5481c7650dc5287f9faa6ea6935a0e28.jpg,train,640,640,1.0,0,0,0,89.669677734375,background
Img_1168_jpg.rf.706427c5b7b6865b286b2efc08ac7c2b.jpg,train,640,640,1.0,0,0,0,89.669677734375,background
Img_1169_jpg.rf.0449f5d4afe5a08edf6c1e6b94e82248.jpg,train,640,640,1.0,0,0,0,89.142822265625,background
Img_1169_jpg.rf.4a4e30c5804a031aa69d953ee8abc60f.jpg,train,640,640,1.0,0,0,0,89.193359375,background
Img_1169_jpg.rf.8b7386a6663b825589957a9896f2fdd0.jpg,train,640,640,1.0,0,0,0,89.14111328125,background
Img_1171_jpg.rf.15c77fb72e52932be892fa8719fced8c.jpg,train,640,640,1.0,0,0,0,91.235595703125,background
Img_1171_jpg.rf.9305c9a373f461557e93748414049cb8.jpg,train,640,640,1.0,0,0,0,91.250244140625,background
Img_1171_jpg.rf.960dbd243e86e9727ad7791ff37a4f5f.jpg,train,640,640,1.0,0,0,0,90.993408203125,background
Img_1174_jpg.rf.2b1861aa8cc56ff1649949b01d063c02.jpg,train,640,640,1.0,0,0,0,92.071044921875,background
Img_1174_jpg.rf.ec25155492fb0424e0d3f27939b55db4.jpg,train,640,640,1.0,0,0,0,91.828125,background
Img_1175_jpg.rf.9f5e893c7ecb1de843ce2635d42d36b5.jpg,train,640,640,1.0,0,0,0,85.730712890625,background
Img_1175_jpg.rf.ec347ef23e5da1f67c72b58a66c3d5fe.jpg,train,640,640,1.0,0,0,0,85.760986328125,background
Img_1176_jpg.rf.24d8934d5878e4dad7269b7056003593.jpg,train,640,640,1.0,0,0,0,84.7255859375,background
Img_1176_jpg.rf.4fbff9a71bdbcd35e3416ab8104dc992.jpg,train,640,640,1.0,0,0,0,84.84228515625,background
Img_1177_jpg.rf.8e096fa816277c611e22fd872e356405.jpg,train,640,640,1.0,0,0,0,84.075927734375,background
Img_1177_jpg.rf.ec651f9b70594ae4108f9d1955cfbcd6.jpg,train,640,640,1.0,0,0,0,84.051513671875,background
Img_1179_jpg.rf.d4d24bb366d3589743696cc0a7e7ef37.jpg,train,640,640,1.0,0,0,0,85.41748046875,background
Img_1180_jpg.rf.6670820aec865c48f7689370eb361dfa.jpg,train,640,640,1.0,0,0,0,86.777099609375,background
Img_1180_jpg.rf.c045c6fcc03a7759b01698b0a470102d.jpg,train,640,640,1.0,0,0,0,86.632568359375,background
Img_1182_jpg.rf.fdaa66afe256c6a8146c8ba043e03e3d.jpg,train,640,640,1.0,0,0,0,88.017333984375,background
Img_1183_jpg.rf.2e795ef8e5782cf2dfe6885cfa638258.jpg,train,640,640,1.0,0,0,0,87.956787109375,background
Img_1183_jpg.rf.49313be5cf58aa0a9a0637a543c0a79c.jpg,train,640,640,1.0,0,0,0,88.001953125,background
Img_1183_jpg.rf.54d17b9b0af8eac93df48a466ec2d6ee.jpg,train,640,640,1.0,0,0,0,87.847412109375,background
Img_1184_jpg.rf.ab558b4a9eac5e3aeefee8a004141c99.jpg,train,640,640,1.0,0,0,0,87.17041015625,background
Img_1185_jpg.rf.582a458b7d1e13bf3230a79911f03df7.jpg,train,640,640,1.0,0,0,0,86.479248046875,background
Img_1185_jpg.rf.6af4455e5b751c01d31f5f77465a35a8.jpg,train,640,640,1.0,0,0,0,86.479248046875,background
Img_1186_jpg.rf.1e56e686a53f26634b185ffd32b21375.jpg,train,640,640,1.0,0,0,0,86.43798828125,background
Img_1186_jpg.rf.48e698d5c95f4c90a24ee954cbfcce77.jpg,train,640,640,1.0,0,0,0,86.419189453125,background
Img_1187_jpg.rf.a66d1e56d293de73e59de073a53b9389.jpg,train,640,640,1.0,0,0,0,86.6552734375,background
Img_1188_jpg.rf.0985bf6386acbf22c450e1381c6ee470.jpg,train,640,640,1.0,0,0,0,85.837158203125,background
Img_1188_jpg.rf.2f01c388d5537714f4cb2506c69b02d2.jpg,train,640,640,1.0,0,0,0,85.940673828125,background
Img_1190_jpg.rf.5b964b358c56e34917522c02c826b7aa.jpg,train,640,640,1.0,0,0,0,83.974853515625,background
Img_1191_jpg.rf.45cc39c5fa3bda87a385a8ed0fe80ac4.jpg,train,640,640,1.0,0,0,0,83.45751953125,background
Img_1193_jpg.rf.93c3326fff6c291cffe37f641ab99281.jpg,train,640,640,1.0,0,0,0,83.832275390625,background
Img_1194_jpg.rf.28b30280b1746311a02bf278f67a9b73.jpg,train,640,640,1.0,0,0,0,84.328125,background
Img_1195_jpg.rf.aade93f44c977d9d92e987da2e6fccb4.jpg,train,640,640,1.0,0,0,0,82.8017578125,background
Img_1195_jpg.rf.ba5eced2151dcdfcd7a235d5aeeaa246.jpg,train,640,640,1.0,0,0,0,82.757080078125,background
Img_1195_jpg.rf.dfeadf2d94a8dd17bf590b93bd80420b.jpg,train,640,640,1.0,0,0,0,82.773681640625,background
Img_1196_jpg.rf.ab6d580a0cd53eb62750a9a011982bad.jpg,train,640,640,1.0,0,0,0,82.638916015625,background
Img_1196_jpg.rf.bf89626644745592fe868eb0c2200689.jpg,train,640,640,1.0,0,0,0,82.59033203125,background
Img_1197_jpg.rf.2554cf005ebb5f3bd697e00a2a9517f3.jpg,train,640,640,1.0,0,0,0,82.53173828125,background
Img_1197_jpg.rf.76f27ecf72525488a9be8473b76de602.jpg,train,640,640,1.0,0,0,0,82.40380859375,background
Img_1197_jpg.rf.cddf1124b14109a072e828004b6ada27.jpg,train,640,640,1.0,0,0,0,82.314453125,background
Img_1199_jpg.rf.3c51c45047be21cecb1cde044a4120fe.jpg,train,640,640,1.0,0,0,0,80.74609375,background
Img_1199_jpg.rf.a69b4c0b72905fc934d89e03e29c1ae9.jpg,train,640,640,1.0,0,0,0,80.843994140625,background
Img_1200_jpg.rf.2f0de59628d5053979ad7e7434e972b1.jpg,train,640,640,1.0,0,0,0,80.5908203125,background
Img_1201_jpg.rf.dafc9be108610139084087a41a3f8479.jpg,train,640,640,1.0,0,0,0,80.01025390625,background
Img_1203_jpg.rf.c96daf09e8c9209e30f25e000a5793e5.jpg,train,640,640,1.0,0,0,0,79.961669921875,background
Img_1204_jpg.rf.c8e5a74e0565c9094844a995f066c5cf.jpg,train,640,640,1.0,0,0,0,81.222900390625,background
Img_1204_jpg.rf.d462fa4663211dca3ce29c8303989932.jpg,train,640,640,1.0,0,0,0,81.329345703125,background
Img_1205_jpg.rf.18c8941eec87fb6c17f2663da8861a6c.jpg,train,640,640,1.0,0,0,0,82.5107421875,background
Img_1206_jpg.rf.e0b3103e26168f25750b5d5cf5223a78.jpg,train,640,640,1.0,0,0,0,82.070556640625,background
Img_1206_jpg.rf.f3ca255aa0dcaac6ec6fec05dd2634ea.jpg,train,640,640,1.0,0,0,0,82.08447265625,background
Img_1207_jpg.rf.0e5105c3363dde10bb2bdbe33ea7f0cb.jpg,train,640,640,1.0,0,0,0,82.45458984375,background
Img_1207_jpg.rf.d06f5f1c94e5125ff4ef0951c963c89e.jpg,train,640,640,1.0,0,0,0,82.380615234375,background
Img_1208_jpg.rf.30ec1aa484b9f6d93e2c67d87f1299b7.jpg,train,640,640,1.0,0,0,0,81.940673828125,background
Img_1208_jpg.rf.4d12aab29da2a7b30b9d466ac93b4b56.jpg,train,640,640,1.0,0,0,0,82.17333984375,background
Img_1209_jpg.rf.04667ebf08e0630c387001a5db11fb2b.jpg,train,640,640,1.0,0,0,0,80.632568359375,background
Img_1209_jpg.rf.13ac58be39969f8cd3af0a172135262f.jpg,train,640,640,1.0,0,0,0,80.6728515625,background
Img_1210_jpg.rf.1c2f96f4f29132797ba4771849b88c97.jpg,train,640,640,1.0,0,0,0,80.486328125,background
Img_1212_jpg.rf.243b59886b0d10d5e2f10b3a8c80a1cf.jpg,train,640,640,1.0,0,0,0,80.13720703125,background
Img_1214_jpg.rf.67eb197b2209dd770269dd0563c0d569.jpg,train,640,640,1.0,0,0,0,81.993896484375,background
Img_1214_jpg.rf.b773babf8c6a4ba2f2d66417d2724154.jpg,train,640,640,1.0,0,0,0,81.927490234375,background
Img_1215_jpg.rf.018bc81b2381cbace1dcfcb202f8d02f.jpg,train,640,640,1.0,0,0,0,84.329833984375,background
Img_1215_jpg.rf.53a3dd8add04d93b76ce1875b2f22764.jpg,train,640,640,1.0,0,0,0,84.199462890625,background
Img_1216_jpg.rf.512ef60fe0463ce7de92bac89c71c74a.jpg,train,640,640,1.0,0,0,0,85.604736328125,background
Img_1216_jpg.rf.b30269daff6628785df4a8464b7ec0ab.jpg,train,640,640,1.0,0,0,0,85.801025390625,background
Img_1217_jpg.rf.00452497950881ecdf3e0a621496c2d8.jpg,train,640,640,1.0,0,0,0,86.4931640625,background
Img_1217_jpg.rf.2e38eb66e098470987b8ff9b07b34f07.jpg,train,640,640,1.0,0,0,0,86.278564453125,background
Img_1217_jpg.rf.fe554f4af6e3bfb22351f0fc05e7c414.jpg,train,640,640,1.0,0,0,0,86.40771484375,background
Img_1218_jpg.rf.3daa55ab36f27ec46a1db10a1694ac3d.jpg,train,640,640,1.0,0,0,0,86.095947265625,background
Img_1218_jpg.rf.db3e61e543a2dafad97c383d5c4b18cb.jpg,train,640,640,1.0,0,0,0,86.164306640625,background
Img_1219_jpg.rf.59675c916b45561d5175a063aad207d0.jpg,train,640,640,1.0,0,0,0,86.060791015625,background
Img_1219_jpg.rf.db2d77810b7b3cfebf4ea6ea35293d58.jpg,train,640,640,1.0,0,0,0,85.934326171875,background
Img_1221_jpg.rf.b73418ab073feb84eef17d3ae49f1452.jpg,train,640,640,1.0,0,0,0,87.725341796875,background
Img_1222_jpg.rf.fc213ab258f78b4d28575dca174678a9.jpg,train,640,640,1.0,0,0,0,87.364990234375,background
Img_1223_jpg.rf.148582510a5122a29b16c78300633437.jpg,train,640,640,1.0,0,0,0,87.501220703125,background
Img_1223_jpg.rf.1b10f9bd7c55e7d5759ddf7b71ae0218.jpg,train,640,640,1.0,0,0,0,87.48291015625,background
Img_1226_jpg.rf.63b2a7c0b34f5c9056eb34769298e0a0.jpg,train,640,640,1.0,0,0,0,114.976318359375,background
Img_1226_jpg.rf.758b9dcc0f02192595e90f751a4bd357.jpg,train,640,640,1.0,0,0,0,114.902099609375,background
Img_1228_jpg.rf.64a8e9e4451ef48d354db152533be1ce.jpg,train,640,640,1.0,0,0,0,117.3623046875,background
Img_1229_jpg.rf.aa7797d95d5c9e9fd3b7ef520ec18237.jpg,train,640,640,1.0,0,0,0,119.491455078125,background
Img_1229_jpg.rf.dd3884238fb6ce652eede7c36986f8d5.jpg,train,640,640,1.0,0,0,0,119.46337890625,background
Img_1230_jpg.rf.9e0e01f4ca6f36169b6a076e3372c8a0.jpg,train,640,640,1.0,0,0,0,122.37744140625,background
Img_1230_jpg.rf.e29bee926e0bab0358831d242f374e0d.jpg,train,640,640,1.0,0,0,0,122.472412109375,background
Img_1230_jpg.rf.ea7c2fc2dd4193bcaff3717d07d5af4a.jpg,train,640,640,1.0,0,0,0,122.544921875,background
Img_1231_jpg.rf.cb3b4afcfdacd9dc610992df80168b16.jpg,train,640,640,1.0,0,0,0,104.81103515625,background
Img_1233_jpg.rf.969e78cd1425fcbd928c96204c983441.jpg,train,640,640,1.0,0,0,0,111.653564453125,background
Img_1236_jpg.rf.36d8ad487251f89d02412f7f226e3780.jpg,train,640,640,1.0,0,0,0,113.9462890625,background
Img_1236_jpg.rf.94e8d7f42f9ac261fac8b69f8d7b990c.jpg,train,640,640,1.0,0,0,0,113.9775390625,background
Img_1240_jpg.rf.78ae90dc411de44523180ca2b051e5f8.jpg,train,640,640,1.0,0,0,0,99.37353515625,background
Img_1241_jpg.rf.6d9aaed6645947aec4085e683e35e557.jpg,train,640,640,1.0,0,0,0,75.09326171875,background
Img_1242_jpg.rf.ae3eacbd372bf4d84336b47714c86a4e.jpg,train,640,640,1.0,0,0,0,81.3525390625,background
Img_1245_jpg.rf.04bf803aabed96561daf172095237c81.jpg,train,640,640,1.0,0,0,0,102.815673828125,background
Img_1245_jpg.rf.50cdf6d0cbdcb34fdd7b5884d0dfc3f6.jpg,train,640,640,1.0,0,0,0,102.89794921875,background
Img_1247_jpg.rf.bc761415fe04a3cf2a762e2f9d56c222.jpg,train,640,640,1.0,0,0,0,93.957275390625,background
Img_1249_jpg.rf.9f49831ecdb5fbb348ddc8b8527b0f1d.jpg,train,640,640,1.0,0,0,0,120.3359375,background
Img_1249_jpg.rf.e6feb59c973eb956d3478ecfff40a83b.jpg,train,640,640,1.0,0,0,0,120.34521484375,background
Img_1251_jpg.rf.345aa12cf9e2e1bebac0c1711426ac59.jpg,train,640,640,1.0,0,0,0,115.869140625,background
Img_1253_jpg.rf.0c53fa352764dca99c1356c99fc65536.jpg,train,640,640,1.0,0,0,0,118.26513671875,background
Img_1253_jpg.rf.e834276f59b95e2936cfd0077afdada4.jpg,train,640,640,1.0,0,0,0,118.23388671875,background
Img_1257_jpg.rf.4dab9c9d05fac7156e956a5a4f050259.jpg,train,640,640,1.0,0,0,0,98.390625,background
Img_1257_jpg.rf.5e1ce8b320f5a45e15255d7fb44e4579.jpg,train,640,640,1.0,0,0,0,98.762939453125,background
Img_1257_jpg.rf.e90e80c7a4cd88336b13ddb6fb4e5765.jpg,train,640,640,1.0,0,0,0,98.540283203125,background
Img_1258_jpg.rf.9047ffc65028163b4402fb25ce7b04db.jpg,train,640,640,1.0,0,0,0,86.4560546875,background
Img_1259_jpg.rf.0072e8f037864acfcc006f01f6cda831.jpg,train,640,640,1.0,0,0,0,95.346435546875,background
Img_1259_jpg.rf.f4efb89575734411794f9dedb1e3815c.jpg,train,640,640,1.0,0,0,0,95.267822265625,background
Img_1259_jpg.rf.fe8c215c84714445191d76a975891107.jpg,train,640,640,1.0,0,0,0,95.111083984375,background
Img_1260_jpg.rf.2484f751ac24dcd44ca3424101bd07ba.jpg,train,640,640,1.0,0,0,0,105.80322265625,background
Img_1261_jpg.rf.2dc441c76c10822f05e3414923734b7a.jpg,train,640,640,1.0,0,0,0,119.013427734375,background
Img_1261_jpg.rf.7a1071c3602ccf5affc390ae60d52b92.jpg,train,640,640,1.0,0,0,0,119.017578125,background
Img_1263_jpg.rf.ad737f4c5852fcda1a8c1e0b7266e2f7.jpg,train,640,640,1.0,0,0,0,113.476318359375,background
Img_1264_jpg.rf.7ae5055a4a45312e2f249c497e3d92c4.jpg,train,640,640,1.0,0,0,0,112.905029296875,background
Img_1265_jpg.rf.02688baad929338e9a87dfb978865756.jpg,train,640,640,1.0,0,0,0,112.400390625,background
Img_1265_jpg.rf.c6c255e6a743eb867beb969e0da43d5a.jpg,train,640,640,1.0,0,0,0,112.415771484375,background
Img_1266_jpg.rf.04d0dbd0bd84a979ffc3d1888a348303.jpg,train,640,640,1.0,0,0,0,112.92333984375,background
Img_1267_jpg.rf.feaa0ac980c3d8df6db2e2bec3c67548.jpg,train,640,640,1.0,0,0,0,118.685302734375,background
Img_1271_jpg.rf.182a0180c78fd2ed2565afb907f6541b.jpg,train,640,640,1.0,0,0,0,116.66162109375,background
Img_1275_jpg.rf.7c05f2d3ce908fde7ebaf6063713caeb.jpg,train,640,640,1.0,0,0,0,91.213134765625,background
Img_1275_jpg.rf.d3f5a0cb31c2d151fde2d2c939b35352.jpg,train,640,640,1.0,0,0,0,91.191162109375,background
Img_1276_jpg.rf.c33d27e8c2607206550dbd2db7709c42.jpg,train,640,640,1.0,0,0,0,97.18505859375,background
Img_1278_jpg.rf.5113c9ddb8f1622d68f6493f82f8c75b.jpg,train,640,640,1.0,0,0,0,99.954345703125,background
Img_1279_jpg.rf.372b2b00977e013ae5854cd957ea5f2d.jpg,train,640,640,1.0,0,0,0,99.84326171875,background
Img_1279_jpg.rf.8ed7bbd6a526a03f6d3fac348f636219.jpg,train,640,640,1.0,0,0,0,99.947998046875,background
Img_1280_jpg.rf.186d9889cdd3b74d339ba126f7b9e67e.jpg,train,640,640,1.0,0,0,0,99.837890625,background
Img_1281_jpg.rf.eab39ca0e5c3aec0035e2c385c9791fd.jpg,train,640,640,1.0,0,0,0,98.81640625,background
Img_1282_jpg.rf.4f279aa686af478d4d2c815cf5ca3f5c.jpg,train,640,640,1.0,0,0,0,97.315673828125,background
Img_1283_jpg.rf.03e491f667f13a72bcc030367603a521.jpg,train,640,640,1.0,0,0,0,96.546875,background
Img_1284_jpg.rf.6fe0f2420e7262e60c32dada4c72bb7c.jpg,train,640,640,1.0,0,0,0,96.38623046875,background
Img_1285_jpg.rf.1c65b93e54430c2a21c96a835efff465.jpg,train,640,640,1.0,0,0,0,96.50244140625,background
Img_1286_jpg.rf.d8d91147e51ab46a095e501c741deec1.jpg,train,640,640,1.0,0,0,0,96.4130859375,background
Img_1290_jpg.rf.5656a0b861e573d9b60410ad58cbc737.jpg,train,640,640,1.0,0,0,0,94.46484375,background
Img_1290_jpg.rf.8b8e7a35e8debe251349273b74203fb4.jpg,train,640,640,1.0,0,0,0,94.429931640625,background
Img_1291_jpg.rf.3bb930968a4c5b1aa03dc68e25202daa.jpg,train,640,640,1.0,0,0,0,95.63818359375,background
Img_1291_jpg.rf.adb741b06f949273ab4fa85afc1c4b07.jpg,train,640,640,1.0,0,0,0,95.562255859375,background
Img_1292_jpg.rf.98048085b789688b5d73782d8b73b4b3.jpg,train,640,640,1.0,0,0,0,97.913330078125,background
Img_1293_jpg.rf.02efcaeee2534741232e7539525abfe1.jpg,train,640,640,1.0,0,0,0,97.944091796875,background
Img_1293_jpg.rf.52145ca3ca21fe6957ad8b1c0cfdb38b.jpg,train,640,640,1.0,0,0,0,98.023193359375,background
Img_1294_jpg.rf.c8966b5625774eb25e11b8f8a85a31e4.jpg,train,640,640,1.0,0,0,0,97.7275390625,background
Img_1295_jpg.rf.8e716b9f67f99c40dfa3b1b09bf6872e.jpg,train,640,640,1.0,0,0,0,98.513671875,background
Img_1296_jpg.rf.16c999568c06477e4fc0e8abf7378a3b.jpg,train,640,640,1.0,0,0,0,97.62890625,background
Img_1296_jpg.rf.6c73242b37840e1369eb56c772814be4.jpg,train,640,640,1.0,0,0,0,97.672119140625,background
Img_1298_jpg.rf.720411476236492a57814eb25789d2e4.jpg,train,640,640,1.0,0,0,0,98.93408203125,background
Img_1298_jpg.rf.7804c91c37dff449c8a1cf8da28747d0.jpg,train,640,640,1.0,0,0,0,98.874755859375,background
Img_1299_jpg.rf.3b2bcd350016e6d09e380ed10db63621.jpg,train,640,640,1.0,0,0,0,98.680908203125,background
Img_1299_jpg.rf.8ba5bca8a84634289e3d8511cbee91d7.jpg,train,640,640,1.0,0,0,0,98.846923828125,background
Img_1299_jpg.rf.fed0331dbed5ac29d1143c12f44f338e.jpg,train,640,640,1.0,0,0,0,98.779052734375,background
Img_12_jpg.rf.1e4eafe4bddc12910463c2456cac52d6.jpg,train,640,640,1.0,0,0,0,108.131103515625,background
Img_1300_jpg.rf.bddc294a970d7c1990569cb710f8aac0.jpg,train,640,640,1.0,0,0,0,96.543212890625,background
Img_1300_jpg.rf.f9f358f01677d2218552ef96cb6a920f.jpg,train,640,640,1.0,0,0,0,96.42724609375,background
Img_1302_jpg.rf.2271980e1c61479ad91c75fcad1baf34.jpg,train,640,640,1.0,0,0,0,94.192138671875,background
Img_1302_jpg.rf.36974b113dba72639306a0f214c936b4.jpg,train,640,640,1.0,0,0,0,94.23193359375,background
Img_1302_jpg.rf.ca5b46dd7a960f05ea5aa197e80c34f9.jpg,train,640,640,1.0,0,0,0,94.19287109375,background
Img_1303_jpg.rf.45d25fca64f3dbd205108ed596e7388e.jpg,train,640,640,1.0,0,0,0,93.83349609375,background
Img_1305_jpg.rf.3365d74e5ab65731fa2473cb7eb24440.jpg,train,640,640,1.0,0,0,0,92.401611328125,background
Img_1305_jpg.rf.9a4d47fd0ad1abfd64563d04a756b5ad.jpg,train,640,640,1.0,0,0,0,92.385009765625,background
Img_1305_jpg.rf.fff543d5d8e42a18433e2ee8e43b7f96.jpg,train,640,640,1.0,0,0,0,92.37255859375,background
Img_1310_jpg.rf.dfa24181b6c793edaa82dbdbd454bcd4.jpg,train,640,640,1.0,0,0,0,95.54638671875,background
Img_1310_jpg.rf.e40e677dfaf5dd5223c52d94281e390f.jpg,train,640,640,1.0,0,0,0,95.65625,background
Img_1311_jpg.rf.373c3e428809396a5a62b76f63687537.jpg,train,640,640,1.0,0,0,0,96.1494140625,background
Img_1312_jpg.rf.9851029aa342dc1a8440e2bbf11b9e0c.jpg,train,640,640,1.0,0,0,0,96.03369140625,background
Img_1313_jpg.rf.bbda4a7aceb367f3f7630fe18bec84ce.jpg,train,640,640,1.0,0,0,0,96.18994140625,background
Img_1314_jpg.rf.1e391edc1f0a32a416350dd140ca348e.jpg,train,640,640,1.0,0,0,0,96.035888671875,background
Img_1314_jpg.rf.747dc63e5a2dc65e5fa2d0ea985bad79.jpg,train,640,640,1.0,0,0,0,96.031005859375,background
Img_1314_jpg.rf.e96de2f198d628961ca65b4e3bb7ac16.jpg,train,640,640,1.0,0,0,0,96.06884765625,background
Img_1315_jpg.rf.018a39afdb07a7bdd73ed53745a0ce88.jpg,train,640,640,1.0,0,0,0,95.533203125,background
Img_1315_jpg.rf.eaa60d78a2c988d9e8986bb0d06ff10e.jpg,train,640,640,1.0,0,0,0,95.602294921875,background
Img_1316_jpg.rf.b785175f8b4437cfc6ba3691d70b6bae.jpg,train,640,640,1.0,0,0,0,94.415283203125,background
Img_1316_jpg.rf.d504bc005a3a2b338ed5e6284961c7e9.jpg,train,640,640,1.0,0,0,0,94.3740234375,background
Img_1317_jpg.rf.1806002e2ee2df8f28b5838bf0d06b89.jpg,train,640,640,1.0,0,0,0,93.5009765625,background
Img_1317_jpg.rf.53daf592bb87fba8bf041b7a7802bfa6.jpg,train,640,640,1.0,0,0,0,93.5791015625,background
Img_1317_jpg.rf.6789a6f4857e25ba203ae705b8a61e31.jpg,train,640,640,1.0,0,0,0,93.592529296875,background
Img_1318_jpg.rf.15bfa0927f8a6c86236dea7e156fdd64.jpg,train,640,640,1.0,0,0,0,91.054443359375,background
Img_1321_jpg.rf.dca83914dd1ff1a0510a3c913d088370.jpg,train,640,640,1.0,0,0,0,111.59423828125,background
Img_1322_jpg.rf.1d8f07f262b57aaddbb09bed5d1ccdb1.jpg,train,640,640,1.0,0,0,0,111.453369140625,background
Img_1322_jpg.rf.e5c7dffe353a3bf6be57eeeda0a2668b.jpg,train,640,640,1.0,0,0,0,111.506591796875,background
Img_1323_jpg.rf.136d3f3247be7ca7156b27f94c420e08.jpg,train,640,640,1.0,0,0,0,111.29931640625,background
Img_1323_jpg.rf.ba9d4f769d847cfe17f936cfbbff1626.jpg,train,640,640,1.0,0,0,0,111.199462890625,background
Img_1324_jpg.rf.9c616391627b78a4a06da0305c2ebe4b.jpg,train,640,640,1.0,0,0,0,111.177490234375,background
Img_1324_jpg.rf.b473ab512c7e5b386683d8f4aca5131f.jpg,train,640,640,1.0,0,0,0,111.068115234375,background
Img_1325_jpg.rf.750997264325013743cc4b46c893d27e.jpg,train,640,640,1.0,0,0,0,111.38720703125,background
Img_1327_jpg.rf.6ccd67efefaeec8dbc02f7798f992cb0.jpg,train,640,640,1.0,0,0,0,111.148681640625,background
Img_1327_jpg.rf.baca0ed4cd53da24da0779e8d261ad17.jpg,train,640,640,1.0,0,0,0,111.052490234375,background
Img_1330_jpg.rf.353a1f6a0ab352392dffeec02ed716f6.jpg,train,640,640,1.0,0,0,0,112.35498046875,background
Img_1330_jpg.rf.cbb01faec6e6d041ea4721011ec63650.jpg,train,640,640,1.0,0,0,0,112.35498046875,background
Img_1331_jpg.rf.60758e4d6355fda6f9db2e44736e759b.jpg,train,640,640,1.0,0,0,0,112.281494140625,background
Img_1333_jpg.rf.2de9b8323e7e2e7e1418c89415500fb6.jpg,train,640,640,1.0,0,0,0,112.188720703125,background
Img_1333_jpg.rf.92a551b3ecb06e5ca508eda1a91ba946.jpg,train,640,640,1.0,0,0,0,112.085693359375,background
Img_1334_jpg.rf.0004b1c1f5b6161682d0314337452a9c.jpg,train,640,640,1.0,0,0,0,111.99853515625,background
Img_1334_jpg.rf.4822f8dd7c10d64baed3b944193f12c2.jpg,train,640,640,1.0,0,0,0,112.16845703125,background
Img_1334_jpg.rf.c5f3bd0777a1471ddcd6837c900f6e34.jpg,train,640,640,1.0,0,0,0,112.01318359375,background
Img_1335_jpg.rf.7d536a4fc21f6950606c932f8b7f0051.jpg,train,640,640,1.0,0,0,0,112.153076171875,background
Img_1337_jpg.rf.21d83571d35d56bc01498d4c0e057812.jpg,train,640,640,1.0,0,0,0,112.74755859375,background
Img_1337_jpg.rf.bff57f8ee2da39e7657b372824986dd6.jpg,train,640,640,1.0,0,0,0,112.20166015625,background
Img_1339_jpg.rf.1bc2adc26eb145f9a67a679399d85a47.jpg,train,640,640,1.0,0,0,0,112.49267578125,background
Img_1340_jpg.rf.fcd6964f7de3c99e5afcad543408df76.jpg,train,640,640,1.0,0,0,0,112.50244140625,background
Img_1341_jpg.rf.2260ecb2dd753df17ee142cc9ab5001a.jpg,train,640,640,1.0,0,0,0,112.011474609375,background
Img_1341_jpg.rf.3fc664b82887cd2af8d3424c405d5bc3.jpg,train,640,640,1.0,0,0,0,111.945556640625,background
Img_1341_jpg.rf.8e6970bdb5d395c871f1ff35b3f35d4a.jpg,train,640,640,1.0,0,0,0,111.892822265625,background
Img_1343_jpg.rf.64299ecfaad433b3db35965a855f5899.jpg,train,640,640,1.0,0,0,0,112.053955078125,background
Img_1343_jpg.rf.a12c4844b6f2e9ae5bc12fa5a5116b65.jpg,train,640,640,1.0,0,0,0,112.091552734375,background
Img_1344_jpg.rf.47f835c7e485b080a4a147f012601b94.jpg,train,640,640,1.0,0,0,0,112.232421875,background
Img_1344_jpg.rf.4c9cdd3d8595c8afcb85aec92297c2dc.jpg,train,640,640,1.0,0,0,0,112.281005859375,background
Img_1344_jpg.rf.d38bb4b2366ba87cb5f670f19ef3c186.jpg,train,640,640,1.0,0,0,0,112.25146484375,background
Img_1345_jpg.rf.0bc0d2b3a31d89db6dd02d8ee1406072.jpg,train,640,640,1.0,0,0,0,112.318359375,background
Img_1345_jpg.rf.1661e53ffaab57b16d8a0842f25eabbf.jpg,train,640,640,1.0,0,0,0,112.393798828125,background
Img_1345_jpg.rf.201d47bff92b3ab3123425e7e0b2ac85.jpg,train,640,640,1.0,0,0,0,112.4296875,background
Img_1346_jpg.rf.0bd4f3663dae7feab146ec75f5b57756.jpg,train,640,640,1.0,0,0,0,112.966552734375,background
Img_1347_jpg.rf.0fbd5d82492d727fd83f08d12a3f6ed3.jpg,train,640,640,1.0,0,0,0,112.654052734375,background
Img_1347_jpg.rf.12845760298f9ebcc27d29c7fbda68a2.jpg,train,640,640,1.0,0,0,0,112.565185546875,background
Img_1347_jpg.rf.e4c33de0cc63bc7f418cc7871cefae86.jpg,train,640,640,1.0,0,0,0,112.651611328125,background
Img_1348_jpg.rf.fbf0c1479ecaa9ed69bf8c10bead40ea.jpg,train,640,640,1.0,0,0,0,112.867919921875,background
Img_1349_jpg.rf.2574477f0fb57c521df552ac04b901f1.jpg,train,640,640,1.0,0,0,0,113.5751953125,background
Img_1350_jpg.rf.7ead547ec787343b0d1eb943d8affa3d.jpg,train,640,640,1.0,0,0,0,113.876220703125,background
Img_1351_jpg.rf.8abbc80b7890343aa9b5af9d6bd9c1f3.jpg,train,640,640,1.0,0,0,0,113.76171875,background
Img_1353_jpg.rf.035320eaa257010adfe4a0d0dc9a3062.jpg,train,640,640,1.0,0,0,0,112.84716796875,background
Img_1353_jpg.rf.9e882ce9537354fabed9150baf39ccc4.jpg,train,640,640,1.0,0,0,0,112.89599609375,background
Img_1354_jpg.rf.b355786e0139ade71434e08f9f3834b1.jpg,train,640,640,1.0,0,0,0,111.899169921875,background
Img_1355_jpg.rf.cf53eb667fc4e03328b3ed884f265a04.jpg,train,640,640,1.0,0,0,0,111.41259765625,background
Img_1356_jpg.rf.6ccc6018d4127e321f772d7ec24833d3.jpg,train,640,640,1.0,0,0,0,110.65673828125,background
Img_1358_jpg.rf.c35ef9dc5b670321153a854d868df589.jpg,train,640,640,1.0,0,0,0,109.71142578125,background
Img_1359_jpg.rf.63b2c055974c0902ec54675339b6b2a8.jpg,train,640,640,1.0,0,0,0,109.92822265625,background
Img_1360_jpg.rf.40203dd51ac05d6452859fe068f84b71.jpg,train,640,640,1.0,0,0,0,109.357666015625,background
Img_1360_jpg.rf.70dad1b5b2035eb4e14a4b549054b456.jpg,train,640,640,1.0,0,0,0,109.348876953125,background
Img_1361_jpg.rf.5b8e89ee55e5915baafaeaefae1e1a9f.jpg,train,640,640,1.0,0,0,0,109.415771484375,background
Img_1361_jpg.rf.7ef0d239fbbb09fda1138c8b1eaaa7fa.jpg,train,640,640,1.0,0,0,0,109.384765625,background
Img_13_jpg.rf.045d8f0912d0b519e38bff141202aba2.jpg,train,640,640,1.0,0,0,0,107.855224609375,background
Img_1407_jpg.rf.9584beb292e2e6a2b222d82f72b5b357.jpg,train,640,640,1.0,0,0,0,122.78857421875,background
Img_1407_jpg.rf.ed9e77f70c60a1dccd3689ff9ef28e36.jpg,train,640,640,1.0,0,0,0,122.967041015625,background
Img_1408_jpg.rf.d685bf54232d04c2341e70b9b1a599b7.jpg,train,640,640,1.0,0,0,0,121.01806640625,background
Img_1409_jpg.rf.5b6e18a13d5de3f6e22f763d162fdbd8.jpg,train,640,640,1.0,0,0,0,120.887451171875,background
Img_1409_jpg.rf.9cf09469a5847b755e42cb5da7d7537b.jpg,train,640,640,1.0,0,0,0,121.18798828125,background
Img_1410_jpg.rf.e33771d6140443c9dc457070e23cd6f4.jpg,train,640,640,1.0,0,0,0,120.876708984375,background
Img_1412_jpg.rf.27288d7fee24d7c8b219a13b81e50f29.jpg,train,640,640,1.0,0,0,0,121.354736328125,background
Img_1413_jpg.rf.c1235a6d904be9b0e54add582aa1c5b3.jpg,train,640,640,1.0,0,0,0,121.101806640625,background
Img_1413_jpg.rf.cec2b699b79d0106116056aae0c02b50.jpg,train,640,640,1.0,0,0,0,121.2978515625,background
Img_1413_jpg.rf.d423f3b3b94f67751a44f5b28f842b00.jpg,train,640,640,1.0,0,0,0,121.60400390625,background
Img_1415_jpg.rf.0756c6b8bdc5de7e3c131c0211c2dbf0.jpg,train,640,640,1.0,0,0,0,121.00341796875,background
Img_1415_jpg.rf.d6fcf2a54133e0161219d9c426768bda.jpg,train,640,640,1.0,0,0,0,120.903076171875,background
Img_1416_jpg.rf.2e4f91842cd0be13e8a4a22e526959d4.jpg,train,640,640,1.0,0,0,0,120.904296875,background
Img_1420_jpg.rf.a1e1b0de841201f98c00750405d57ba3.jpg,train,640,640,1.0,0,0,0,120.86962890625,background
Img_1420_jpg.rf.ead684142a56db07697929f7f1aa2a0e.jpg,train,640,640,1.0,0,0,0,121.130615234375,background
Img_1421_jpg.rf.bb126af166feb72a8f602aede50cbaf6.jpg,train,640,640,1.0,0,0,0,120.654296875,background
Img_1421_jpg.rf.effb918822e32f7aa735c059dbbd2284.jpg,train,640,640,1.0,0,0,0,120.857421875,background
Img_1422_jpg.rf.707f5456bec13858fcfe80a01093b3e4.jpg,train,640,640,1.0,0,0,0,120.8505859375,background
Img_1423_jpg.rf.617a06477571fa91bd1bc68a81ab4a53.jpg,train,640,640,1.0,0,0,0,120.645263671875,background
Img_1423_jpg.rf.838fb76c2723b7fddc48716cdd399a01.jpg,train,640,640,1.0,0,0,0,120.4638671875,background
Img_1424_jpg.rf.3f90d0abe58e24e625379a000a801bc7.jpg,train,640,640,1.0,0,0,0,120.923095703125,background
Img_1426_jpg.rf.f524dcbfd642f69f53851e964cdf51f6.jpg,train,640,640,1.0,0,0,0,120.679443359375,background
Img_1427_jpg.rf.28f9c205782a1ee5601ad4eb1f541a6e.jpg,train,640,640,1.0,0,0,0,120.21875,background
Img_1427_jpg.rf.be4d27d77e17f8c16f387b1444568652.jpg,train,640,640,1.0,0,0,0,120.019287109375,background
Img_1427_jpg.rf.efe33f7004adfe3ea89d2cfe808776f9.jpg,train,640,640,1.0,0,0,0,120.07177734375,background
Img_1428_jpg.rf.23f30c71b3a6f5444fb4783d0d6a8a94.jpg,train,640,640,1.0,0,0,0,120.832763671875,background
Img_1428_jpg.rf.4144a9f42d418e8864d6790278151b9e.jpg,train,640,640,1.0,0,0,0,121.02978515625,background
Img_1428_jpg.rf.b7b71e9c7be87cfaa9161f0b05608544.jpg,train,640,640,1.0,0,0,0,120.6845703125,background
Img_1429_jpg.rf.7993255e8ecd660a63095ab62d2f3731.jpg,train,640,640,1.0,0,0,0,121.3623046875,background
Img_1431_jpg.rf.8b2abc1337006cc37dd1b7b975fa4648.jpg,train,640,640,1.0,0,0,0,121.08154296875,background
Img_1431_jpg.rf.a05f0c549ad2132dee0582b98bcdd033.jpg,train,640,640,1.0,0,0,0,121.281982421875,background
Img_1432_jpg.rf.8a5ac29ac44c12e86f1cb6b6c58e758f.jpg,train,640,640,1.0,0,0,0,120.702880859375,background
Img_1432_jpg.rf.9123bffb9c8113de8971827fce296ace.jpg,train,640,640,1.0,0,0,0,120.921630859375,background
Img_1433_jpg.rf.5f3b96c1ab0c6ce6ab55fb740cfba9c8.jpg,train,640,640,1.0,0,0,0,121.0068359375,background
Img_1434_jpg.rf.543d3a50fd8311fdb414bc1085acf66f.jpg,train,640,640,1.0,0,0,0,121.531494140625,background
Img_1435_jpg.rf.ad85a8e15f16dd9e1bccb7ac2527fabd.jpg,train,640,640,1.0,0,0,0,121.01904296875,background
Img_1436_jpg.rf.01ea66bffc63172d28aa553b13a9dbc1.jpg,train,640,640,1.0,0,0,0,121.40380859375,background
Img_1436_jpg.rf.caa6ccf165b96b347a362d04fa4f1e35.jpg,train,640,640,1.0,0,0,0,121.495849609375,background
Img_1437_jpg.rf.1a567c8b8e01daa20271df036986a06d.jpg,train,640,640,1.0,0,0,0,121.502685546875,background
Img_1437_jpg.rf.23e63ebc053b5b569c03cd65c1a720dc.jpg,train,640,640,1.0,0,0,0,121.521728515625,background
Img_1438_jpg.rf.282b21018f5238e6537a548f47249a7a.jpg,train,640,640,1.0,0,0,0,121.3037109375,background
Img_1438_jpg.rf.cb853c553bf2ff9e7dc9f3431f42cecd.jpg,train,640,640,1.0,0,0,0,121.4921875,background
Img_1439_jpg.rf.16d3b78de01a0f0570ba55bca842eb34.jpg,train,640,640,1.0,0,0,0,121.047119140625,background
Img_1440_jpg.rf.08fbf999647489e225c8301a9b37bc3a.jpg,train,640,640,1.0,0,0,0,120.80908203125,background
Img_1440_jpg.rf.cc70eeff4ff1e8c41a31ec65134a5663.jpg,train,640,640,1.0,0,0,0,120.790771484375,background
Img_1440_jpg.rf.ea30ae0cdd9932d0617c7247ed2b0b8f.jpg,train,640,640,1.0,0,0,0,120.879150390625,background
Img_1441_jpg.rf.9b3e90867fa787a514b0d68bb9bf3c5e.jpg,train,640,640,1.0,0,0,0,120.90673828125,background
Img_1442_jpg.rf.1296ac8a85ed59d5b478f432649528bf.jpg,train,640,640,1.0,0,0,0,120.334716796875,background
Img_1442_jpg.rf.24e6880dbf475cbd8eb4fcb45b99b748.jpg,train,640,640,1.0,0,0,0,120.3837890625,background
Img_1442_jpg.rf.ef71f237659e9bde50f1a6c8af3be90d.jpg,train,640,640,1.0,0,0,0,120.913818359375,background
Img_1443_jpg.rf.17598e99466e10c4637a1ab373f3c77d.jpg,train,640,640,1.0,0,0,0,120.415771484375,background
Img_1443_jpg.rf.1c4ed2e5be45bae43958c6da0f3e062d.jpg,train,640,640,1.0,0,0,0,120.844970703125,background
Img_1444_jpg.rf.2e666ae248d84842a039b1d28efdc4ae.jpg,train,640,640,1.0,0,0,0,120.81298828125,background
Img_1444_jpg.rf.38f548471acce83283aad6f6d84570c5.jpg,train,640,640,1.0,0,0,0,120.732177734375,background
Img_1445_jpg.rf.060094a6a35ae1ec95e96a1857bfda6c.jpg,train,640,640,1.0,0,0,0,120.46728515625,background
Img_1445_jpg.rf.2536b9c8d4c298131440ddb577c16548.jpg,train,640,640,1.0,0,0,0,120.90478515625,background
Img_1448_jpg.rf.7c8b8f51feabe2410409f55b315c2196.jpg,train,640,640,1.0,0,0,0,119.808837890625,background
Img_1448_jpg.rf.bcfd21cfc6b7a4d9508a6e891ad50ed3.jpg,train,640,640,1.0,0,0,0,119.6943359375,background
Img_1448_jpg.rf.f9638f29dc58f9c207b6a3769a492c40.jpg,train,640,640,1.0,0,0,0,120.017578125,background
Img_1449_jpg.rf.f4c977a29d27e0302cb5f05ba97366c5.jpg,train,640,640,1.0,0,0,0,119.90771484375,background
Img_1450_jpg.rf.8ee541443a3c504a3519ad1064d87bab.jpg,train,640,640,1.0,0,0,0,120.378173828125,background
Img_1451_jpg.rf.76089269ea4821130702f2183e2122f1.jpg,train,640,640,1.0,0,0,0,120.685791015625,background
Img_1451_jpg.rf.bde0841e75ca2c20a08b53fdf9017086.jpg,train,640,640,1.0,0,0,0,121.021484375,background
Img_1452_jpg.rf.e6aa0950ae98028259a49e64e038c6f9.jpg,train,640,640,1.0,0,0,0,121.05712890625,background
Img_1453_jpg.rf.1547b6588bc2c3eb90ed039ff4c1ff45.jpg,train,640,640,1.0,0,0,0,120.72509765625,background
Img_1454_jpg.rf.adbc6aefe9ebfd8d9298837fe4aef826.jpg,train,640,640,1.0,0,0,0,121.3505859375,background
Img_1455_jpg.rf.9df3003b5ef99e20b2572aac297251de.jpg,train,640,640,1.0,0,0,0,121.561279296875,background
Img_1455_jpg.rf.ce834b95bf648b59c9026c98de8011c8.jpg,train,640,640,1.0,0,0,0,121.7314453125,background
Img_1456_jpg.rf.e5dee35bf2f41b2ed0b65c5702d09a55.jpg,train,640,640,1.0,0,0,0,121.455810546875,background
Img_1457_jpg.rf.6207f22298518c5fb5e33545706d156c.jpg,train,640,640,1.0,0,0,0,122.451904296875,background
Img_1458_jpg.rf.6400d998e65d9f58738948009a146093.jpg,train,640,640,1.0,0,0,0,121.0771484375,background
Img_1458_jpg.rf.a2bc81881ef0302e73e817967c308fc9.jpg,train,640,640,1.0,0,0,0,121.478515625,background
Img_1458_jpg.rf.e2f024eb6caaf9598cb76c7d5fc489ae.jpg,train,640,640,1.0,0,0,0,121.45263671875,background
Img_1460_jpg.rf.03de6f9c8d3f5bbc87045a6d316ac361.jpg,train,640,640,1.0,0,0,0,121.032958984375,background
Img_1460_jpg.rf.93cb6d47d365438d02e8af70a67b9aa5.jpg,train,640,640,1.0,0,0,0,121.03369140625,background
Img_1460_jpg.rf.a857a615a9beacbc68478a33a4520d67.jpg,train,640,640,1.0,0,0,0,121.059326171875,background
Img_1462_jpg.rf.173faadfcde1862f896179d3ef25f7d4.jpg,train,640,640,1.0,0,0,0,123.61376953125,background
Img_1462_jpg.rf.6c4841cdd8764b0c5275935ea377fbbe.jpg,train,640,640,1.0,0,0,0,123.52197265625,background
Img_1463_jpg.rf.a618c47ca73c1aa91fce66b9c2a30bad.jpg,train,640,640,1.0,0,0,0,121.433837890625,background
Img_1464_jpg.rf.2b990587d9697c60d8a8cc4705e120b0.jpg,train,640,640,1.0,0,0,0,121.482421875,background
Img_1464_jpg.rf.e7172588acbb135f5c31a222311c4ab9.jpg,train,640,640,1.0,0,0,0,121.72802734375,background
Img_1465_jpg.rf.2ef9e53ccd70fd9f6f0e6a1588d6fdcd.jpg,train,640,640,1.0,0,0,0,121.597900390625,background
Img_1465_jpg.rf.6acf028039b9a322f2c409449d0bbe8b.jpg,train,640,640,1.0,0,0,0,121.55810546875,background
Img_1466_jpg.rf.d80a45dbc50c0395199fc3bcd5771419.jpg,train,640,640,1.0,0,0,0,122.840087890625,background
Img_1467_jpg.rf.09cc203223841f5dcce36e6a3847a5c7.jpg,train,640,640,1.0,0,0,0,120.790283203125,background
Img_1467_jpg.rf.74cf61d24816e527319339ab36476abd.jpg,train,640,640,1.0,0,0,0,120.88232421875,background
Img_1469_jpg.rf.22ab16da5e1dab06fc01ea40695e5ddb.jpg,train,640,640,1.0,0,0,0,122.486083984375,background
Img_1469_jpg.rf.8cb1f32e4aa5da6774dca6d3c255deed.jpg,train,640,640,1.0,0,0,0,122.44140625,background
Img_1470_jpg.rf.60b9f8241bc96d09a50f8730f2eba97a.jpg,train,640,640,1.0,0,0,0,122.065185546875,background
Img_1471_jpg.rf.7bcd526529421d996b58d182a8d2b0f4.jpg,train,640,640,1.0,0,0,0,121.28857421875,background
Img_1472_jpg.rf.3f5bbcd309b6cfffd3cd066fe4a2cc5e.jpg,train,640,640,1.0,0,0,0,122.07861328125,background
Img_1473_jpg.rf.d88f86f611a9af325456045081aabf05.jpg,train,640,640,1.0,0,0,0,121.901611328125,background
Img_1474_jpg.rf.8c4e83891cb60ef730a9abade38f4166.jpg,train,640,640,1.0,0,0,0,123.064453125,background
Img_1475_jpg.rf.49eb969930853ad3ee0ecbab2f4bca2d.jpg,train,640,640,1.0,0,0,0,120.927490234375,background
Img_1475_jpg.rf.724deede5b049f5390d051735946a5ac.jpg,train,640,640,1.0,0,0,0,120.85302734375,background
Img_1476_jpg.rf.b63c78384f769956c093cb8b5edf43eb.jpg,train,640,640,1.0,0,0,0,122.576416015625,background
Img_1476_jpg.rf.f4b5ace14342b7e4632a0f92724ee748.jpg,train,640,640,1.0,0,0,0,122.455810546875,background
Img_1477_jpg.rf.08b9b8358b77deeb155f0f1ce55ac1b5.jpg,train,640,640,1.0,0,0,0,122.48388671875,background
Img_1477_jpg.rf.8aa1725a7d45f64c0975ed6b5eff7188.jpg,train,640,640,1.0,0,0,0,122.661376953125,background
Img_1477_jpg.rf.afdbf9581159ce224a34520f9682f602.jpg,train,640,640,1.0,0,0,0,122.80615234375,background
Img_1478_jpg.rf.2771ce22cc21f1c659b5067784be06c3.jpg,train,640,640,1.0,0,0,0,121.6796875,background
Img_1478_jpg.rf.a618678b9e8fac77c701e7089a11a3b2.jpg,train,640,640,1.0,0,0,0,121.293701171875,background
Img_1479_jpg.rf.77a6ceff15d33dbd20196aab7f5c5347.jpg,train,640,640,1.0,0,0,0,122.452880859375,background
Img_1479_jpg.rf.8d60f62020d4cb9d40229fc5a48f1734.jpg,train,640,640,1.0,0,0,0,122.42529296875,background
Img_1480_jpg.rf.9784449deb3e3d46f8936724c3e4f956.jpg,train,640,640,1.0,0,0,0,122.573974609375,background
Img_1480_jpg.rf.990651b79e602a50d479e47ab7e9a7e2.jpg,train,640,640,1.0,0,0,0,122.83056640625,background
Img_1481_jpg.rf.1b7c50caeadf695703a4098f6f7e2845.jpg,train,640,640,1.0,0,0,0,121.939453125,background
Img_1481_jpg.rf.44f1ca5005fef5d5910cc90fc43c8034.jpg,train,640,640,1.0,0,0,0,122.177734375,background
Img_1481_jpg.rf.a226647fb27c3bb6a6d92af38ef915e3.jpg,train,640,640,1.0,0,0,0,121.939453125,background
Img_1482_jpg.rf.c3ac643c8a17495bf472761013e48d90.jpg,train,640,640,1.0,0,0,0,122.292724609375,background
Img_1483_jpg.rf.ab586e01ebb222f980e99c084a662e2a.jpg,train,640,640,1.0,0,0,0,122.865234375,background
Img_1485_jpg.rf.515df19cf9acf8a3e8fa711859aee025.jpg,train,640,640,1.0,0,0,0,122.8701171875,background
Img_1485_jpg.rf.a413a67485e7a57e86a93ff21599edad.jpg,train,640,640,1.0,0,0,0,122.8896484375,background
Img_1485_jpg.rf.e48e781e5a3ab9015baaf9f1e1a19bff.jpg,train,640,640,1.0,0,0,0,122.880615234375,background
Img_1486_jpg.rf.eb8dfbf6cd469c74c265b62465e5f6f8.jpg,train,640,640,1.0,0,0,0,123.47705078125,background
Img_1487_jpg.rf.2a49dec1cea89cef05be36b8bff6d5a3.jpg,train,640,640,1.0,0,0,0,123.264892578125,background
Img_1487_jpg.rf.5fc64b4a33ba47c600cb6b8991452918.jpg,train,640,640,1.0,0,0,0,123.4931640625,background
Img_1488_jpg.rf.8775162008483ae282e7780632e6e693.jpg,train,640,640,1.0,0,0,0,121.240234375,background
Img_1488_jpg.rf.c5407c70bad8f82240880e26d57b80a5.jpg,train,640,640,1.0,0,0,0,121.544677734375,background
Img_1490_jpg.rf.19ba4fad1420170f679658bcf9d17c86.jpg,train,640,640,1.0,0,0,0,121.834228515625,background
Img_1491_jpg.rf.01417bcf3b8eefa446fc6804031f5f24.jpg,train,640,640,1.0,0,0,0,121.06396484375,background
Img_1491_jpg.rf.81607694a78b09400aafecbe5a0e997e.jpg,train,640,640,1.0,0,0,0,121.34765625,background
Img_1493_jpg.rf.5e0ff846e1277656d1862d1144506bcd.jpg,train,640,640,1.0,0,0,0,120.96142578125,background
Img_1494_jpg.rf.4290dc08b7161963b012265eded211d9.jpg,train,640,640,1.0,0,0,0,120.725830078125,background
Img_1494_jpg.rf.560503ff78ce93be5ba21c77548f8eb2.jpg,train,640,640,1.0,0,0,0,120.539794921875,background
Img_1495_jpg.rf.9141588eb25b7abd8dee2a3b1a208ec5.jpg,train,640,640,1.0,0,0,0,122.520263671875,background
Img_1495_jpg.rf.c04f23738cbf7e1b696c261f216d4bb1.jpg,train,640,640,1.0,0,0,0,122.3896484375,background
Img_1495_jpg.rf.fc5fdf5e6ac9834b07f9145148f630b8.jpg,train,640,640,1.0,0,0,0,122.311279296875,background
Img_1496_jpg.rf.37d0600e54c7060415cdc84a4b6f1f50.jpg,train,640,640,1.0,0,0,0,125.367919921875,background
Img_1497_jpg.rf.002d68e635b87e0fa7c119e272e3abbd.jpg,train,640,640,1.0,0,0,0,121.384765625,background
Img_1497_jpg.rf.4b90b808c486745564e1c80ff911a239.jpg,train,640,640,1.0,0,0,0,121.6650390625,background
Img_1498_jpg.rf.9c492d6924e7301e33acc12c641c7a6a.jpg,train,640,640,1.0,0,0,0,121.403564453125,background
Img_1498_jpg.rf.bee0938a037e783bd3259862ac6bd524.jpg,train,640,640,1.0,0,0,0,121.584716796875,background
Img_1498_jpg.rf.df0c16f41321e81992d4e158588e5d5d.jpg,train,640,640,1.0,0,0,0,121.586181640625,background
Img_1499_jpg.rf.b368e2ed2d4d9749e6b4c094b8019c9d.jpg,train,640,640,1.0,0,0,0,121.408447265625,background
Img_14_jpg.rf.7efb8ff661ee13eefec498fa44f20001.jpg,train,640,640,1.0,0,0,0,107.16552734375,background
Img_14_jpg.rf.913c1abf16d083e4828392a6ca04804b.jpg,train,640,640,1.0,0,0,0,107.16552734375,background
Img_1500_jpg.rf.bd9003d9e3be387779135959a826ec7e.jpg,train,640,640,1.0,0,0,0,121.632080078125,background
Img_1500_jpg.rf.d00af8d4768290d23ad5a3152a4c9cce.jpg,train,640,640,1.0,0,0,0,121.779296875,background
Img_1573_jpg.rf.bae858d79b25ffaa241161dd264a8dee.jpg,train,640,640,1.0,0,0,0,115.038330078125,background
Img_1576_jpg.rf.5d8ebcabd3cfb1ce2ee5dc5baba0cb40.jpg,train,640,640,1.0,0,0,0,115.158447265625,background
Img_1578_jpg.rf.1095a84b3f3e5483ba0717ce9fb0e50f.jpg,train,640,640,1.0,0,0,0,113.71630859375,background
Img_1579_jpg.rf.93ca0425dd0ebac2cfdf3b9e2916878b.jpg,train,640,640,1.0,0,0,0,115.46875,background
Img_1586_jpg.rf.152fa50dd9fe283822d47a8d6fc45889.jpg,train,640,640,1.0,0,0,0,118.60693359375,background
Img_1586_jpg.rf.7a5350dd8bfbaa8f4c4547e56c41d6c1.jpg,train,640,640,1.0,0,0,0,118.636474609375,background
Img_1586_jpg.rf.a29b49a274615c0235dfe44e83eaee4b.jpg,train,640,640,1.0,0,0,0,118.552734375,background
Img_1587_jpg.rf.5b65047bc316a4dd9a0a86583f2731de.jpg,train,640,640,1.0,0,0,0,118.85693359375,background
Img_1587_jpg.rf.7e1cbd68bf56e10770d83e9d2e56e752.jpg,train,640,640,1.0,0,0,0,118.868896484375,background
Img_1588_jpg.rf.10f9b7b811eb659c844935f36097f4b0.jpg,train,640,640,1.0,0,0,0,117.60693359375,background
Img_1588_jpg.rf.5303e3e84a28c4d0ed5be97625e94870.jpg,train,640,640,1.0,0,0,0,117.963134765625,background
Img_1589_jpg.rf.140bb4fe1d478dac9a304e25f3787a3e.jpg,train,640,640,1.0,0,0,0,117.01513671875,background
Img_1589_jpg.rf.a499cea232222b717cbb18784702f669.jpg,train,640,640,1.0,0,0,0,117.010498046875,background
Img_1590_jpg.rf.4c83acd631f703831406692efacf5119.jpg,train,640,640,1.0,0,0,0,116.310302734375,background
Img_1590_jpg.rf.f730d552399f9011bbd15c3a17f01edd.jpg,train,640,640,1.0,0,0,0,116.353271484375,background
Img_1591_jpg.rf.009cfbd4f4f7d29435c2e5f94bcfd67b.jpg,train,640,640,1.0,0,0,0,116.48681640625,background
Img_1592_jpg.rf.9d45c05063e26c2cdb7d30a144088f4a.jpg,train,640,640,1.0,0,0,0,116.161376953125,background
Img_1593_jpg.rf.2de9d21e3c3ca099b5c0510f3ea8af19.jpg,train,640,640,1.0,0,0,0,115.03076171875,background
Img_1594_jpg.rf.37873568a2eb75770667bcf4d11bdf90.jpg,train,640,640,1.0,0,0,0,100.126708984375,background
Img_1594_jpg.rf.6f24f868034be1af3e61e356e28900ad.jpg,train,640,640,1.0,0,0,0,100.142578125,background
Img_1595_jpg.rf.06146b60e52096110a01eaf476f705d5.jpg,train,640,640,1.0,0,0,0,100.43408203125,background
Img_1595_jpg.rf.cd31449abb90d99909d1ab1c50afaee5.jpg,train,640,640,1.0,0,0,0,100.383056640625,background
Img_1597_jpg.rf.b30077d25b7b583b8fe859a54be3fb79.jpg,train,640,640,1.0,0,0,0,96.0859375,background
Img_1598_jpg.rf.ccb8330dbe72f1e5248c59adac867121.jpg,train,640,640,1.0,0,0,0,96.512451171875,background
Img_1599_jpg.rf.c105c2d33bbf95369ff24c79e2b55e3b.jpg,train,640,640,1.0,0,0,0,97.02978515625,background
Img_1599_jpg.rf.e2d4592da0bfb2f1d3de9b37e0b5887a.jpg,train,640,640,1.0,0,0,0,97.1044921875,background
Img_1600_jpg.rf.00066b21b44b19aacdc8fdebdfbb382c.jpg,train,640,640,1.0,0,0,0,97.400146484375,background
Img_1600_jpg.rf.becece02e6f174c5f45673c39c9ecd2e.jpg,train,640,640,1.0,0,0,0,97.197509765625,background
Img_1600_jpg.rf.dbd5cd56190ae8eaf6399e5200d34291.jpg,train,640,640,1.0,0,0,0,97.323486328125,background
Img_1601_jpg.rf.84db187ec32e8a478b4f06d620e80219.jpg,train,640,640,1.0,0,0,0,103.254638671875,background
Img_1601_jpg.rf.87dec3b7fc6049e4348253c67e1d111d.jpg,train,640,640,1.0,0,0,0,103.402587890625,background
Img_1601_jpg.rf.a11a1b435aae97b903238dad6dbec8bd.jpg,train,640,640,1.0,0,0,0,103.28515625,background
Img_1605_jpg.rf.241b1076c744b7471ae2a8ea59262356.jpg,train,640,640,1.0,0,0,0,109.048828125,background
Img_1605_jpg.rf.e677c54c4b1b172450ce126c7e60c08d.jpg,train,640,640,1.0,0,0,0,109.117919921875,background
Img_1605_jpg.rf.f0e6c70b4e9d2d3c087e9089816d9b93.jpg,train,640,640,1.0,0,0,0,109.044189453125,background
Img_1606_jpg.rf.16493ff9d2e9163268f344ee55411c76.jpg,train,640,640,1.0,0,0,0,123.240478515625,background
Img_1606_jpg.rf.9df64c44e9fcba81b1bcaa23657536d4.jpg,train,640,640,1.0,0,0,0,123.2451171875,background
Img_1606_jpg.rf.c42b202ce8f1e77963f73a8a64798b52.jpg,train,640,640,1.0,0,0,0,123.167724609375,background
Img_1607_jpg.rf.0ae2b49541a495eb9d8b0f850e8483c6.jpg,train,640,640,1.0,0,0,0,124.017333984375,background
Img_1608_jpg.rf.5dbee12b21732ab3d361a3917ae86366.jpg,train,640,640,1.0,0,0,0,124.273681640625,background
Img_1609_jpg.rf.ab27a2ed2adcb30553c555e720c23aed.jpg,train,640,640,1.0,0,0,0,122.630126953125,background
Img_1610_jpg.rf.8c90f709b43600e799ac4af0dc5eb233.jpg,train,640,640,1.0,0,0,0,121.089599609375,background
Img_1610_jpg.rf.b13c0eb1c999a05ffbceae3171083040.jpg,train,640,640,1.0,0,0,0,121.036376953125,background
Img_1611_jpg.rf.418c0007ad70ef8fb7636dea09e086c3.jpg,train,640,640,1.0,0,0,0,118.280517578125,background
Img_1612_jpg.rf.e16a4db8e5c41e1e3f9367531d55acff.jpg,train,640,640,1.0,0,0,0,115.271728515625,background
Img_1613_jpg.rf.73e490f64fcbf4243b159e2386fc758d.jpg,train,640,640,1.0,0,0,0,112.78466796875,background
Img_1614_jpg.rf.9d32204b607b971bbc5349d49fbfba4f.jpg,train,640,640,1.0,0,0,0,111.38671875,background
Img_1615_jpg.rf.95ab8dc8c35336eed02e6c9e75f53ff5.jpg,train,640,640,1.0,0,0,0,110.812744140625,background
Img_1616_jpg.rf.4bba6fa119c5ffcc8feeb15d8fcf556c.jpg,train,640,640,1.0,0,0,0,109.166015625,background
Img_1618_jpg.rf.9b3a9de497b29d8f677d84ee944868da.jpg,train,640,640,1.0,0,0,0,112.10009765625,background
Img_1619_jpg.rf.5b8adb92dddef2554f4f87e8f8ba617d.jpg,train,640,640,1.0,0,0,0,113.44580078125,background
Img_1619_jpg.rf.c886a2cf3d0ee9ec36e59db8ed2a9512.jpg,train,640,640,1.0,0,0,0,113.468994140625,background
Img_1626_jpg.rf.0f158c1ec1e20534fe8c929a702b9ba0.jpg,train,640,640,1.0,0,0,0,98.453857421875,background
Img_1626_jpg.rf.f5713d0ef7260dce09b6a8b5c5b91928.jpg,train,640,640,1.0,0,0,0,98.52490234375,background
Img_1638_jpg.rf.70fc04c42096eb70a086696c7db86066.jpg,train,640,640,1.0,0,0,0,94.124267578125,background
Img_1638_jpg.rf.927401e31bf2758ec900678ef77d0160.jpg,train,640,640,1.0,0,0,0,94.64453125,background
Img_1639_jpg.rf.9c9b93e2fb6dd23a5e4178a2a24fe1d5.jpg,train,640,640,1.0,0,0,0,95.906494140625,background
Img_1640_jpg.rf.2798e949827253f6a92d6089de81e37d.jpg,train,640,640,1.0,0,0,0,98.46630859375,background
Img_1641_jpg.rf.6ddd5b6596050335366c4952d72013b9.jpg,train,640,640,1.0,0,0,0,99.322998046875,background
Img_1642_jpg.rf.7660856ba7025ccc8cbaee9237705f6a.jpg,train,640,640,1.0,0,0,0,96.96875,background
Img_1642_jpg.rf.8c2c576a706dd14e48debbd256b7b80f.jpg,train,640,640,1.0,0,0,0,96.880615234375,background
Img_1644_jpg.rf.5597e8a106c322071c86998ef4fb2c57.jpg,train,640,640,1.0,0,0,0,97.178466796875,background
Img_1645_jpg.rf.234ff24a86a49a615183ed18bde96a6a.jpg,train,640,640,1.0,0,0,0,97.198974609375,background
Img_1645_jpg.rf.9148bb96edc2bc13ed5bd8b9cb2a47f5.jpg,train,640,640,1.0,0,0,0,97.15283203125,background
Img_1645_jpg.rf.b81a36c4ec129e6bda58bf3299aebe4e.jpg,train,640,640,1.0,0,0,0,97.162353515625,background
Img_1646_jpg.rf.9a6251ec3abcec3d97e80b7a9a117d67.jpg,train,640,640,1.0,0,0,0,93.956298828125,background
Img_1646_jpg.rf.fc48ecd5459847df68f1407ad676ecc0.jpg,train,640,640,1.0,0,0,0,93.901123046875,background
Img_1647_jpg.rf.5233d54261efec9ade6baf3f5c0d2f56.jpg,train,640,640,1.0,0,0,0,92.236572265625,background
Img_1650_jpg.rf.078a47c872ba927493cd29ceaf9ffdc8.jpg,train,640,640,1.0,0,0,0,98.98828125,background
Img_1650_jpg.rf.82cd1c3b37e45aab4ae8747b77ccafc1.jpg,train,640,640,1.0,0,0,0,98.9365234375,background
Img_1651_jpg.rf.9aded45e8461aae62fbe2fcb05ef2efa.jpg,train,640,640,1.0,0,0,0,96.94091796875,background
Img_1652_jpg.rf.abcf3cfd0c9cf6a35744facc2bc474a9.jpg,train,640,640,1.0,0,0,0,95.22216796875,background
Img_1653_jpg.rf.377288cdd4b6eccc6045a4c4cf5fd886.jpg,train,640,640,1.0,0,0,0,100.402587890625,background
Img_1653_jpg.rf.e77b6f223fcb17730b902a93f02fab2e.jpg,train,640,640,1.0,0,0,0,100.47265625,background
Img_1654_jpg.rf.34d0c571afae38ce61e380afe1efaed7.jpg,train,640,640,1.0,0,0,0,101.288818359375,background
Img_1655_jpg.rf.0539cfad44fc2fb00df45731c03dee9d.jpg,train,640,640,1.0,0,0,0,99.304443359375,background
Img_1655_jpg.rf.691119ca65c507d493e16c9437f9f1d7.jpg,train,640,640,1.0,0,0,0,99.39501953125,background
Img_1656_jpg.rf.47771bde9684b4fab21a4dd2fcbf49c9.jpg,train,640,640,1.0,0,0,0,98.158447265625,background
Img_1656_jpg.rf.c60c10fc43d84623c936c85441a96394.jpg,train,640,640,1.0,0,0,0,98.207275390625,background
Img_1657_jpg.rf.646321961b5807213c24a7f267ca169e.jpg,train,640,640,1.0,0,0,0,97.666015625,background
Img_1657_jpg.rf.a8bc9f420874700332c32c264c37815f.jpg,train,640,640,1.0,0,0,0,97.6923828125,background
Img_1658_jpg.rf.8b0e678ea0584321872dfd0b691b41b7.jpg,train,640,640,1.0,0,0,0,96.440673828125,background
Img_1658_jpg.rf.b25d81319b56902a3a05f8ec4aec4e1f.jpg,train,640,640,1.0,0,0,0,96.49072265625,background
Img_1659_jpg.rf.1d2d7beccf91b2835f1029ec302d023d.jpg,train,640,640,1.0,0,0,0,101.435546875,background
Img_1660_jpg.rf.4c320f868c135eba4323133ca42a7f1d.jpg,train,640,640,1.0,0,0,0,102.8388671875,background
Img_1660_jpg.rf.85bd0846d1d8d0ab80bab2666bbc925b.jpg,train,640,640,1.0,0,0,0,102.76171875,background
Img_1661_jpg.rf.8374cfa103d7df0e0d1dfd67433b58c0.jpg,train,640,640,1.0,0,0,0,103.090576171875,background
Img_1661_jpg.rf.d0dc7da214401f1bb7cfb8334e6a101c.jpg,train,640,640,1.0,0,0,0,102.8271484375,background
Img_1663_jpg.rf.b0d0d75e11892ee64f97f8c56d8612f5.jpg,train,640,640,1.0,0,0,0,103.09228515625,background
Img_1663_jpg.rf.caa8b887addaedaa79b7f355e20937e8.jpg,train,640,640,1.0,0,0,0,103.297607421875,background
Img_1663_jpg.rf.fe04cd6ed9b2822cbd36e63fc6c5426b.jpg,train,640,640,1.0,0,0,0,103.062255859375,background
Img_1664_jpg.rf.93f5b1d5a88502432e33307d0c8617e5.jpg,train,640,640,1.0,0,0,0,94.98681640625,background
Img_1664_jpg.rf.ded88af8877bcd5cbb75909f88032569.jpg,train,640,640,1.0,0,0,0,94.98681640625,background
Img_1664_jpg.rf.f840af812371ea92a36aa5ca10f9c06c.jpg,train,640,640,1.0,0,0,0,94.970703125,background
Img_1666_jpg.rf.02d07c64b8a5dd33fa8ad11a439ffab1.jpg,train,640,640,1.0,0,0,0,95.059326171875,background
Img_1666_jpg.rf.091d29235fbd739a1ee7f06f79054766.jpg,train,640,640,1.0,0,0,0,95.04833984375,background
Img_1667_jpg.rf.4167f8556b05c2ad36b8bb36adb0b0cd.jpg,train,640,640,1.0,0,0,0,92.724365234375,background
Img_1667_jpg.rf.7e88f6f2939f0f3f3ca5ab24130d8deb.jpg,train,640,640,1.0,0,0,0,92.790283203125,background
Img_1671_jpg.rf.042e01269fc960d25780edbe673a5013.jpg,train,640,640,1.0,0,0,0,80.153076171875,background
Img_1671_jpg.rf.8ae3d5ad811d0d30b936f2eb96190274.jpg,train,640,640,1.0,0,0,0,80.048828125,background
Img_1673_jpg.rf.80f9867f133b1473cf47c2311abd8b91.jpg,train,640,640,1.0,0,0,0,83.617919921875,background
Img_1676_jpg.rf.756943f2d2106f320d7a5abc47f96485.jpg,train,640,640,1.0,0,0,0,81.697265625,background
Img_1676_jpg.rf.f37b4eb9937193b3520d3683cc2a87a8.jpg,train,640,640,1.0,0,0,0,81.75439453125,background
Img_1682_jpg.rf.7da59e11170535248cf3ee82407706cd.jpg,train,640,640,1.0,0,0,0,85.188720703125,background
Img_1682_jpg.rf.817190ba200bf8659dd49431662e3784.jpg,train,640,640,1.0,0,0,0,85.363525390625,background
Img_1682_jpg.rf.8c2a19762065ae50e7c1f3c65bf65579.jpg,train,640,640,1.0,0,0,0,85.233642578125,background
Img_1683_jpg.rf.aa85f19559174eaab1bdc742834e26ed.jpg,train,640,640,1.0,0,0,0,86.355224609375,background
Img_1684_jpg.rf.2812b872611c28ca41c0d1572e73f0b8.jpg,train,640,640,1.0,0,0,0,82.736083984375,background
Img_1684_jpg.rf.cc51193199144bb28790aa2826ca33b0.jpg,train,640,640,1.0,0,0,0,83.025390625,background
Img_1685_jpg.rf.3e9f502a6c054f2cdb8f2a09f2fd2a00.jpg,train,640,640,1.0,0,0,0,82.525634765625,background
Img_1685_jpg.rf.4d01193819e3220020afcb86d73a4529.jpg,train,640,640,1.0,0,0,0,82.216796875,background
Img_1685_jpg.rf.5b6066e32059d3ff64398bc236ced7e5.jpg,train,640,640,1.0,0,0,0,82.0478515625,background
Img_1686_jpg.rf.00300c6939c8427a5cc9dc13e4abefdf.jpg,train,640,640,1.0,0,0,0,81.7578125,background
Img_1686_jpg.rf.9f9e0699542c223e68bd10933d03a0ae.jpg,train,640,640,1.0,0,0,0,81.846923828125,background
Img_1686_jpg.rf.fb2744eeaf42a30a7ccfa6eb34f88f03.jpg,train,640,640,1.0,0,0,0,81.7119140625,background
Img_1687_jpg.rf.81e8e2682182d35f2487f7c6ca0ace3c.jpg,train,640,640,1.0,0,0,0,81.061279296875,background
Img_1688_jpg.rf.45b3849ec2f5470afdf763e7037e22ce.jpg,train,640,640,1.0,0,0,0,81.7939453125,background
Img_1689_jpg.rf.9eee4ab219c503127c7c0311b2de84a0.jpg,train,640,640,1.0,0,0,0,82.072265625,background
Img_1689_jpg.rf.bb963d1a94bd2e6bb77999a3a73269fd.jpg,train,640,640,1.0,0,0,0,82.072265625,background
Img_1690_jpg.rf.abed0f67ab0907a62e9607dbc925a130.jpg,train,640,640,1.0,0,0,0,81.71533203125,background
Img_1692_jpg.rf.3d855781f103f4a3f3a41f0f6c8cc161.jpg,train,640,640,1.0,0,0,0,81.533447265625,background
Img_1694_jpg.rf.4da61a2cee1896647a9c6a6514ee9228.jpg,train,640,640,1.0,0,0,0,81.05322265625,background
Img_169_jpg.rf.4e549a9c740a7d48b48ec924787925cc.jpg,train,640,640,1.0,0,0,0,133.20166015625,background
Img_169_jpg.rf.723f63a6cce5df63113a051204d8ee9c.jpg,train,640,640,1.0,0,0,0,133.26123046875,background
Img_169_jpg.rf.a422c989d048660b48686f9f573f5a37.jpg,train,640,640,1.0,0,0,0,133.253662109375,background
Img_1705_jpg.rf.fa4588cbb40e311b3ff64abb751447fd.jpg,train,640,640,1.0,0,0,0,78.0673828125,background
Img_1707_jpg.rf.6c5a7a7af5589d8720fc148f8ecb09a6.jpg,train,640,640,1.0,0,0,0,84.2197265625,background
Img_1707_jpg.rf.c606961a52cee1f05494669260d0fe0f.jpg,train,640,640,1.0,0,0,0,84.76123046875,background
Img_1708_jpg.rf.03b5b5651d14034ccf72c334172bff9e.jpg,train,640,640,1.0,0,0,0,83.480224609375,background
Img_1709_jpg.rf.6440472022cdbbc9449ebe0124cf5f4b.jpg,train,640,640,1.0,0,0,0,84.05908203125,background
Img_170_jpg.rf.73d3ebff89e09a3f9f6f48673d7c58a4.jpg,train,640,640,1.0,0,0,0,133.148681640625,background
Img_1714_jpg.rf.af53c15c9807593dfbfeff89089eb332.jpg,train,640,640,1.0,0,0,0,88.823974609375,background
Img_1716_jpg.rf.719230057d309632389f056cde531796.jpg,train,640,640,1.0,0,0,0,93.2451171875,background
Img_1718_jpg.rf.41edc3126999ce63599f8ec2ba272689.jpg,train,640,640,1.0,0,0,0,100.406005859375,background
Img_1719_jpg.rf.07211ad7c22aa59abbc56e48adf447d0.jpg,train,640,640,1.0,0,0,0,96.173095703125,background
Img_1719_jpg.rf.11ddbb2773757372eced5f48478d5a59.jpg,train,640,640,1.0,0,0,0,96.247314453125,background
Img_1719_jpg.rf.3f4e3c040c6a2b251a01b645ad33678c.jpg,train,640,640,1.0,0,0,0,96.252685546875,background
Img_1719_jpg.rf.5029f635f203f211f176159fe999e173.jpg,train,640,640,1.0,0,0,0,96.247314453125,background
Img_1720_jpg.rf.6c0718a5a1b13f8bfffa9888fe5b7ccc.jpg,train,640,640,1.0,0,0,0,90.170654296875,background
Img_1720_jpg.rf.e8284e75dd3a516a92880b9df1d55392.jpg,train,640,640,1.0,0,0,0,90.316162109375,background
Img_1721_jpg.rf.433d6d9a31eb569d05a458c3a95fb589.jpg,train,640,640,1.0,0,0,0,87.93603515625,background
Img_1721_jpg.rf.e110ddf0bd9d3f7e12903c8bcdfd5f00.jpg,train,640,640,1.0,0,0,0,88.40234375,background
Img_1724_jpg.rf.40782e6a56b4f8d1905ca0909425ce69.jpg,train,640,640,1.0,0,0,0,82.762451171875,background
Img_1735_jpg.rf.642d4fa2b34856ccc9c0fda0e6bececd.jpg,train,640,640,1.0,0,0,0,52.32666015625,background
Img_1735_jpg.rf.dc1b5af0da9fd1792d94fc6b3d182c00.jpg,train,640,640,1.0,0,0,0,52.2919921875,background
Img_1737_jpg.rf.80ca9e115799b433aff336a402d88998.jpg,train,640,640,1.0,0,0,0,64.840087890625,background
Img_1742_jpg.rf.09a3aa4bd64870ac325df6cf2c911601.jpg,train,640,640,1.0,0,0,0,60.636962890625,background
Img_1742_jpg.rf.1f5f63a5e212647c500935b86d8b3f4f.jpg,train,640,640,1.0,0,0,0,60.62890625,background
Img_1742_jpg.rf.fd26bb6a38485a8d54634e56231ab0d6.jpg,train,640,640,1.0,0,0,0,60.58154296875,background
Img_1743_jpg.rf.4f509c625a779b15857c2ad75ce079fd.jpg,train,640,640,1.0,0,0,0,51.18994140625,background
Img_1743_jpg.rf.fd444981172173a299d8178326d43ac6.jpg,train,640,640,1.0,0,0,0,51.134521484375,background
Img_1746_jpg.rf.21990ce42abd0cdfbbcbc34863ea41f4.jpg,train,640,640,1.0,0,0,0,50.90185546875,background
Img_1746_jpg.rf.5d49bd2413c503d302a881de18bd6ac4.jpg,train,640,640,1.0,0,0,0,50.915771484375,background
Img_1747_jpg.rf.5d6524e06247a405c965b826298fe650.jpg,train,640,640,1.0,0,0,0,53.00634765625,background
Img_1748_jpg.rf.52221b0f257a24b1e1e5696253b8a1d6.jpg,train,640,640,1.0,0,0,0,81.06689453125,background
Img_1748_jpg.rf.53feb2ad510311bcba07c7ae7fe7d1cf.jpg,train,640,640,1.0,0,0,0,81.06689453125,background
Img_1748_jpg.rf.56bb84ae01ce5ef73e8ef9f328197d80.jpg,train,640,640,1.0,0,0,0,81.211669921875,background
Img_1749_jpg.rf.40870ca0ed06bda4efc295694271f628.jpg,train,640,640,1.0,0,0,0,78.236328125,background
Img_1749_jpg.rf.aad1e208580e40908a529c3216f0e7be.jpg,train,640,640,1.0,0,0,0,78.23046875,background
Img_1750_jpg.rf.22020ed033ab3f5806db8775f4cd2dee.jpg,train,640,640,1.0,0,0,0,74.35302734375,background
Img_1750_jpg.rf.627956cfc805ffe171b8e92a47e8aecd.jpg,train,640,640,1.0,0,0,0,74.51806640625,background
Img_1750_jpg.rf.952b61d90c9beffd39b0819b7eb18250.jpg,train,640,640,1.0,0,0,0,74.558349609375,background
Img_1751_jpg.rf.0e05be4e7caec997e38e96ef042df6df.jpg,train,640,640,1.0,0,0,0,70.707275390625,background
Img_1751_jpg.rf.56c49526a3bbdeb5edb48aa6718d9404.jpg,train,640,640,1.0,0,0,0,70.456787109375,background
Img_1751_jpg.rf.c27433565afae6d49b914cdf8c246897.jpg,train,640,640,1.0,0,0,0,70.707275390625,background
Img_1751_jpg.rf.fa2ec19baf5657b591fdd23cb65aa54e.jpg,train,640,640,1.0,0,0,0,70.70556640625,background
Img_1752_jpg.rf.f38b7ee9cea7246cd8fae0f119ab9017.jpg,train,640,640,1.0,0,0,0,62.329833984375,background
Img_1754_jpg.rf.84e59cf3003c0ab6cdb8f80d24e10a6b.jpg,train,640,640,1.0,0,0,0,34.93798828125,background
Img_1756_jpg.rf.a92a83197a000d511fc76ba6e76c46f0.jpg,train,640,640,1.0,0,0,0,59.649169921875,background
Img_1760_jpg.rf.5f3f3bd6e51170e2d29426bfd981c280.jpg,train,640,640,1.0,0,0,0,50.7314453125,background
Img_1760_jpg.rf.971c6294e58effc057cc4e8570387091.jpg,train,640,640,1.0,0,0,0,50.219970703125,background
Img_1760_jpg.rf.9f49379cb0b7f06bc83768e3086093cc.jpg,train,640,640,1.0,0,0,0,50.19091796875,background
Img_1761_jpg.rf.bbbc6b3f87514499200101e396be9895.jpg,train,640,640,1.0,0,0,0,50.177978515625,background
Img_1761_jpg.rf.d5ca4eec1a0e45a2ad71574ab6696f7a.jpg,train,640,640,1.0,0,0,0,50.361083984375,background
Img_1761_jpg.rf.fab095e008bc44a672570291d434da18.jpg,train,640,640,1.0,0,0,0,50.177978515625,background
Img_1763_jpg.rf.95fdc78a2fd56003d859f304d1764fb6.jpg,train,640,640,1.0,0,0,0,132.044677734375,background
Img_1765_jpg.rf.a51812997e213b4b88653ace8fc27539.jpg,train,640,640,1.0,0,0,0,130.868896484375,background
Img_1767_jpg.rf.0c5e34d939bff298ba5db1e1a1b3a529.jpg,train,640,640,1.0,0,0,0,133.231201171875,background
Img_1767_jpg.rf.62f91e737fdf2b1d1857c6030d9563e1.jpg,train,640,640,1.0,0,0,0,133.21435546875,background
Img_1768_jpg.rf.486d524754e67063da25166b5bb81374.jpg,train,640,640,1.0,0,0,0,133.978759765625,background
Img_1768_jpg.rf.72aed0182d718bc8e612b8d9cfcca7b0.jpg,train,640,640,1.0,0,0,0,134.014404296875,background
Img_1768_jpg.rf.76d6562ede1c8ddd3f35bb821bc981e6.jpg,train,640,640,1.0,0,0,0,134.008056640625,background
Img_1771_jpg.rf.8f4d999c5a1e58fdda69adf52b3fac9a.jpg,train,640,640,1.0,0,0,0,135.935791015625,background
Img_1772_jpg.rf.b1d52943cb1a10e9f2a74d759341dc0e.jpg,train,640,640,1.0,0,0,0,135.761474609375,background
Img_1773_jpg.rf.74b26e348b09397f77610aab7427c440.jpg,train,640,640,1.0,0,0,0,135.809814453125,background
Img_1773_jpg.rf.a7c8e4a8e682da53d05ce2167a41f3b1.jpg,train,640,640,1.0,0,0,0,135.817626953125,background
Img_1774_jpg.rf.a9f170f5840d4cba3ed5c3b25dc73b03.jpg,train,640,640,1.0,0,0,0,135.80322265625,background
Img_1776_jpg.rf.0f923c3ddfb1c1d1b4837f36fa6d1272.jpg,train,640,640,1.0,0,0,0,135.927978515625,background
Img_1776_jpg.rf.68561a93f6ab27c28c5ca88460e7d2ac.jpg,train,640,640,1.0,0,0,0,135.892333984375,background
Img_1777_jpg.rf.c894e448b8fac9df42c7c38ed3d62753.jpg,train,640,640,1.0,0,0,0,136.113037109375,background
Img_1777_jpg.rf.f634cafcb118930f5ff261c8dfeef048.jpg,train,640,640,1.0,0,0,0,136.109130859375,background
Img_1778_jpg.rf.9ab51b0f0d57262fc765bff3813e0e99.jpg,train,640,640,1.0,0,0,0,137.111083984375,background
Img_1779_jpg.rf.3d4145e2e09793b48eefd579aea53bcf.jpg,train,640,640,1.0,0,0,0,137.200927734375,background
Img_1779_jpg.rf.a429461616959b21f40980b28e123129.jpg,train,640,640,1.0,0,0,0,137.17822265625,background
Img_1780_jpg.rf.0bd7c5fdcec0b8a9b87e7deef43d8720.jpg,train,640,640,1.0,0,0,0,137.310546875,background
Img_1780_jpg.rf.0d85ad326fb17243c308c432939af58b.jpg,train,640,640,1.0,0,0,0,137.310302734375,background
Img_1781_jpg.rf.0fef491c7b605e6fd5aa7806b1b24a54.jpg,train,640,640,1.0,0,0,0,137.243408203125,background
Img_1781_jpg.rf.86c19933b1932ece6765279e8ccb8b81.jpg,train,640,640,1.0,0,0,0,137.235107421875,background
Img_1783_jpg.rf.d7da4f8559c45305d044d22ba7c8b14d.jpg,train,640,640,1.0,0,0,0,132.9111328125,background
Img_1784_jpg.rf.8d897f6c9823ecc02a515811dbe5803d.jpg,train,640,640,1.0,0,0,0,130.946044921875,background
Img_1784_jpg.rf.a9a10d01e818ace97a1cf9abdf9949a9.jpg,train,640,640,1.0,0,0,0,130.94873046875,background
Img_1785_jpg.rf.e5e1dc0c59ec08195df7603403e53251.jpg,train,640,640,1.0,0,0,0,131.539306640625,background
Img_1786_jpg.rf.3d9826578db3e1868ebc64a3af724c81.jpg,train,640,640,1.0,0,0,0,131.02880859375,background
Img_1786_jpg.rf.6c6dbc1c344284581a3ed8132383563a.jpg,train,640,640,1.0,0,0,0,131.0,background
Img_1786_jpg.rf.e5e048a18eba45a3b6a852df0836b425.jpg,train,640,640,1.0,0,0,0,131.020751953125,background
Img_1787_jpg.rf.051ef0b3d221723e2dbfccdbc4fd2fba.jpg,train,640,640,1.0,0,0,0,127.240966796875,background
Img_1787_jpg.rf.a2be931481ab5842a05b32f6d37d9d54.jpg,train,640,640,1.0,0,0,0,127.2236328125,background
Img_1789_jpg.rf.a449da547680234e8dc4dd06ae4fe2ed.jpg,train,640,640,1.0,0,0,0,123.80029296875,background
Img_1789_jpg.rf.dab12fe900a8ec4cc392294723775d85.jpg,train,640,640,1.0,0,0,0,123.7919921875,background
Img_1789_jpg.rf.e6cb56bb00fb34c6b222331f1a79d78d.jpg,train,640,640,1.0,0,0,0,123.847412109375,background
Img_17_jpg.rf.1a021f20724d9b936e53c8cb8d2d7d5e.jpg,train,640,640,1.0,0,0,0,107.0966796875,background
Img_17_jpg.rf.ce7dcc76e43de30aeecf1528450b07d2.jpg,train,640,640,1.0,0,0,0,107.2001953125,background
Img_1817_jpg.rf.01f2f6ae9e92dfcb0ca2e0f96f317e2d.jpg,train,640,640,1.0,0,0,0,130.29541015625,background
Img_1818_jpg.rf.aba19c8a3ff297732967e3ff270969a2.jpg,train,640,640,1.0,0,0,0,129.682861328125,background
Img_1819_jpg.rf.421c4f382b435bcb699981de5a4d20fc.jpg,train,640,640,1.0,0,0,0,130.418701171875,background
Img_1819_jpg.rf.5bf1e6aec085b9402dafc6241fc59694.jpg,train,640,640,1.0,0,0,0,130.453857421875,background
Img_1819_jpg.rf.86dd9eaa2233c41909102a1a0857016c.jpg,train,640,640,1.0,0,0,0,130.453857421875,background
Img_1822_jpg.rf.7f89935ae7255fae58ee5b51375974c5.jpg,train,640,640,1.0,0,0,0,129.011474609375,background
Img_1823_jpg.rf.3c68dbfe13083a10663717b34af437c7.jpg,train,640,640,1.0,0,0,0,129.580078125,background
Img_1823_jpg.rf.766ad63a38c7d59e5da25e99e626d2c0.jpg,train,640,640,1.0,0,0,0,129.52392578125,background
Img_1824_jpg.rf.4d9b03dc7dfc4ffeb4a6be608c55863f.jpg,train,640,640,1.0,0,0,0,129.80908203125,background
Img_1824_jpg.rf.6d0655f260b56e6d294fcd2fc51e8f2f.jpg,train,640,640,1.0,0,0,0,129.78515625,background
Img_1824_jpg.rf.eafef114f2630e565b654c8a0464a069.jpg,train,640,640,1.0,0,0,0,129.796630859375,background
Img_1825_jpg.rf.6162db0e098c6bc20b5af280c1600384.jpg,train,640,640,1.0,0,0,0,130.774169921875,background
Img_1825_jpg.rf.8d7ef45bc2b18117c508e5f3fcbb835e.jpg,train,640,640,1.0,0,0,0,130.7841796875,background
Img_1826_jpg.rf.1f137d185c2b7c27392fe0f9a8964962.jpg,train,640,640,1.0,0,0,0,131.70166015625,background
Img_1826_jpg.rf.27fabe9f4ce4a6621d17a04c203c1e65.jpg,train,640,640,1.0,0,0,0,131.706298828125,background
Img_1827_jpg.rf.1d9a657ce7314ffb1074d61dcfb01d26.jpg,train,640,640,1.0,0,0,0,132.028564453125,background
Img_1827_jpg.rf.4afe464ed0b0416ac487db14d9371c7a.jpg,train,640,640,1.0,0,0,0,132.0234375,background
Img_1827_jpg.rf.913e663f0cac10588866ad97feafc9d4.jpg,train,640,640,1.0,0,0,0,132.030517578125,background
Img_1828_jpg.rf.0d66bd9882fda616c7d8cedbbc684d6d.jpg,train,640,640,1.0,0,0,0,132.25048828125,background
Img_1828_jpg.rf.5716d0a03f3cf540e19a8c4e4a7a0db0.jpg,train,640,640,1.0,0,0,0,132.18408203125,background
Img_1829_jpg.rf.2339a6b3a427de72d3cd81ee90d8cd20.jpg,train,640,640,1.0,0,0,0,131.84912109375,background
Img_1829_jpg.rf.8bc3d58a1f6834ac548dfe64723fd41c.jpg,train,640,640,1.0,0,0,0,131.834228515625,background
Img_1829_jpg.rf.d57b0b1ce6d4c756f89621b1481bb567.jpg,train,640,640,1.0,0,0,0,131.922119140625,background
Img_1830_jpg.rf.c80378443411f99c6c9776c633d27ec3.jpg,train,640,640,1.0,0,0,0,130.878173828125,background
Img_1830_jpg.rf.e17847f750b9c0d5acd8fdc76b1ae5c0.jpg,train,640,640,1.0,0,0,0,130.94970703125,background
Img_1831_jpg.rf.c9279f2235fdaae5f6f7ae88141d47ef.jpg,train,640,640,1.0,0,0,0,130.05078125,background
Img_1833_jpg.rf.58cf143b2f432e17c5693fef3ed55c9f.jpg,train,640,640,1.0,0,0,0,129.783203125,background
Img_1833_jpg.rf.6275dbd0b4cc0398316fc661dd3eb6b3.jpg,train,640,640,1.0,0,0,0,129.783203125,background
Img_1833_jpg.rf.65f4aa674b521a2acefcb78cc250bb6f.jpg,train,640,640,1.0,0,0,0,129.7568359375,background
Img_1833_jpg.rf.cc419db47b9aaa369b8f0d37ccdbd2f0.jpg,train,640,640,1.0,0,0,0,129.706787109375,background
Img_1834_jpg.rf.91e9e09528ec277e3a1b02e417f63ed6.jpg,train,640,640,1.0,0,0,0,130.2353515625,background
Img_1835_jpg.rf.bdbc3b41ad29633c529ed6ba6268b782.jpg,train,640,640,1.0,0,0,0,129.765625,background
Img_1836_jpg.rf.33980faccb924a9b144a297269a3d68c.jpg,train,640,640,1.0,0,0,0,129.558349609375,background
Img_1837_jpg.rf.cd4037a3e91dc5dbffc75f51f17b0a7e.jpg,train,640,640,1.0,0,0,0,128.80615234375,background
Img_1838_jpg.rf.b8db695be7300190542fe3730bb85021.jpg,train,640,640,1.0,0,0,0,128.411376953125,background
Img_1839_jpg.rf.5e74f2370305cc9bfd434d62488e44ad.jpg,train,640,640,1.0,0,0,0,128.366943359375,background
Img_1839_jpg.rf.ab8f4e66df977185509df4bc4d3147a2.jpg,train,640,640,1.0,0,0,0,128.380615234375,background
Img_1841_jpg.rf.90e1011fd5a9c0eb6aac0230c67f06dd.jpg,train,640,640,1.0,0,0,0,127.520263671875,background
Img_1841_jpg.rf.affc68fbc65cfd80ba45ddec1c472022.jpg,train,640,640,1.0,0,0,0,127.520263671875,background
Img_1842_jpg.rf.63551bf947ff03944d33da2dfd34a2b8.jpg,train,640,640,1.0,0,0,0,126.32177734375,background
Img_1842_jpg.rf.f64c5f1a52609550eeb1ce203fa9113f.jpg,train,640,640,1.0,0,0,0,126.21240234375,background
Img_1843_jpg.rf.004338cf39369e5cc06177466d96d2bc.jpg,train,640,640,1.0,0,0,0,125.248046875,background
Img_1843_jpg.rf.6378b1d489d450eef8c040107c8691cd.jpg,train,640,640,1.0,0,0,0,125.248046875,background
Img_1843_jpg.rf.73771888b41f564da97caf8da572814e.jpg,train,640,640,1.0,0,0,0,125.251708984375,background
Img_1845_jpg.rf.b373fb1dd07d35803781bb31ba32bf04.jpg,train,640,640,1.0,0,0,0,124.350830078125,background
Img_1845_jpg.rf.c283f8ae4960130c3cbad8a194fd6b31.jpg,train,640,640,1.0,0,0,0,124.704833984375,background
Img_1846_jpg.rf.18b0b5a2b0e652633108f767f328ac95.jpg,train,640,640,1.0,0,0,0,125.007568359375,background
Img_1847_jpg.rf.b3abcac7cd9aebefe1d64fb4533cfffb.jpg,train,640,640,1.0,0,0,0,124.615966796875,background
Img_1848_jpg.rf.18a378482d920ec219f5a4a18726269d.jpg,train,640,640,1.0,0,0,0,124.396484375,background
Img_1848_jpg.rf.db38e9c1f65c9a4e963b347ff05b68d5.jpg,train,640,640,1.0,0,0,0,124.4677734375,background
Img_1849_jpg.rf.35ba671a039cf875816583301586a102.jpg,train,640,640,1.0,0,0,0,125.69384765625,background
Img_1849_jpg.rf.44140cb495299ca73471a46f0b28b53e.jpg,train,640,640,1.0,0,0,0,125.77880859375,background
Img_1849_jpg.rf.fd2dec1dd36723de72f429b018aec406.jpg,train,640,640,1.0,0,0,0,125.768310546875,background
Img_1850_jpg.rf.d8ac48accc921d8f2508094ba0cca216.jpg,train,640,640,1.0,0,0,0,126.93505859375,background
Img_1850_jpg.rf.d9b4db624349c6d7bb9450b8e46e5798.jpg,train,640,640,1.0,0,0,0,126.800048828125,background
Img_1851_jpg.rf.001debea7c8241cc0588869386af1841.jpg,train,640,640,1.0,0,0,0,127.802490234375,background
Img_1853_jpg.rf.995936362262a2cbd1912b9e84686d0a.jpg,train,640,640,1.0,0,0,0,126.247314453125,background
Img_1855_jpg.rf.3d42ba44b9d61144b1891b058d33c239.jpg,train,640,640,1.0,0,0,0,125.3251953125,background
Img_1856_jpg.rf.5a4dae249ec54f2f9dde0e01a6b6f4d4.jpg,train,640,640,1.0,0,0,0,124.67431640625,background
Img_1860_jpg.rf.45b680c5f5e35d9ba141e69d26a9a968.jpg,train,640,640,1.0,0,0,0,125.4013671875,background
Img_1861_jpg.rf.618022425668b9caade42ff4e345dcb0.jpg,train,640,640,1.0,0,0,0,125.40185546875,background
Img_1863_jpg.rf.5f4ab63b573b8ce65d4f961318b935f1.jpg,train,640,640,1.0,0,0,0,126.196044921875,background
Img_1864_jpg.rf.329d34af29a1dab1a200b3f40d08ec5a.jpg,train,640,640,1.0,0,0,0,126.30029296875,background
Img_1864_jpg.rf.792e423d36ff09fc0466879c88a359b4.jpg,train,640,640,1.0,0,0,0,126.306884765625,background
Img_1865_jpg.rf.27d12d3e5b1b5fc6f51faac23f766c06.jpg,train,640,640,1.0,0,0,0,126.371826171875,background
Img_1867_jpg.rf.637b49450fb8c8cdbb2ba0ca7f759299.jpg,train,640,640,1.0,0,0,0,127.553466796875,background
Img_1867_jpg.rf.aae0be8a463161e3a2482228fc1e607e.jpg,train,640,640,1.0,0,0,0,127.216552734375,background
Img_1867_jpg.rf.ddf99aafd7a16516dddbd439b404f457.jpg,train,640,640,1.0,0,0,0,127.1845703125,background
Img_1868_jpg.rf.2c16f1a859694d4c65eb035df918c745.jpg,train,640,640,1.0,0,0,0,127.01513671875,background
Img_1868_jpg.rf.71cc3b1af4776170c6510122c485185a.jpg,train,640,640,1.0,0,0,0,127.0068359375,background
Img_1869_jpg.rf.51045b9b0b1b44dee14acda00d55dd75.jpg,train,640,640,1.0,0,0,0,127.715087890625,background
Img_186_jpg.rf.1068935528dcb884b13a6fca8ea64305.jpg,train,640,640,1.0,0,0,0,130.07666015625,background
Img_186_jpg.rf.6142de159442ca1b3884cb72cf311097.jpg,train,640,640,1.0,0,0,0,130.066650390625,background
Img_1870_jpg.rf.d7772cc2c1bfa1b3c48c46a881c2e7a6.jpg,train,640,640,1.0,0,0,0,126.974609375,background
Img_1870_jpg.rf.ea3723f870e8a9c7e484985763310583.jpg,train,640,640,1.0,0,0,0,126.974609375,background
Img_1871_jpg.rf.416cc6fc36f60af03273ff358e6b332a.jpg,train,640,640,1.0,0,0,0,126.79052734375,background
Img_1871_jpg.rf.46e04e9539bc14d8828f06cea0404cc6.jpg,train,640,640,1.0,0,0,0,126.68310546875,background
Img_1871_jpg.rf.c8f69670258bdb0ec82cb7b5c26d05f6.jpg,train,640,640,1.0,0,0,0,126.66650390625,background
Img_1873_jpg.rf.65269aa276b9eba665af3cc410519ad8.jpg,train,640,640,1.0,0,0,0,126.017822265625,background
Img_1873_jpg.rf.766dc8837b4f371046014e4bba379cdd.jpg,train,640,640,1.0,0,0,0,126.017333984375,background
Img_1873_jpg.rf.df97a99ccdbb0b872eaf8c86ae9fb28d.jpg,train,640,640,1.0,0,0,0,126.01416015625,background
Img_1874_jpg.rf.5bdce8e50c6b1aa6001eae215b034fb5.jpg,train,640,640,1.0,0,0,0,125.944091796875,background
Img_1875_jpg.rf.fec84378e93f167df75720101900e0a2.jpg,train,640,640,1.0,0,0,0,126.250244140625,background
Img_1876_jpg.rf.a39a997f47e7b65ae387158c0e024524.jpg,train,640,640,1.0,0,0,0,125.970703125,background
Img_1878_jpg.rf.b4c275fbd89a2f8d6270163c08082404.jpg,train,640,640,1.0,0,0,0,124.8828125,background
Img_1879_jpg.rf.4cad97c5f89f115797bf668a8eb1623b.jpg,train,640,640,1.0,0,0,0,124.98583984375,background
Img_1879_jpg.rf.dba04cc4e6fdca4e412f4eae00f823f8.jpg,train,640,640,1.0,0,0,0,124.91357421875,background
Img_187_jpg.rf.e25634bf1e0ecd6cbe698b8cac10deef.jpg,train,640,640,1.0,0,0,0,129.699462890625,background
Img_1880_jpg.rf.48bb635024bf803718576b2b03d539aa.jpg,train,640,640,1.0,0,0,0,126.746826171875,background
Img_1881_jpg.rf.137aea3918e57aced0cdccf69f6c62f8.jpg,train,640,640,1.0,0,0,0,126.59521484375,background
Img_1881_jpg.rf.56cacccc1358bcb10391af9608457fc4.jpg,train,640,640,1.0,0,0,0,126.659423828125,background
Img_1882_jpg.rf.8f78d76ea122f4d8035f39a5430fa7ba.jpg,train,640,640,1.0,0,0,0,126.013916015625,background
Img_1882_jpg.rf.91b71018f82c94cae79b5bb62436f745.jpg,train,640,640,1.0,0,0,0,126.03857421875,background
Img_1883_jpg.rf.038781c3e5a45419aaa23182d993e2cb.jpg,train,640,640,1.0,0,0,0,125.484375,background
Img_1883_jpg.rf.266a18616b602966bb0840d383fd4f3b.jpg,train,640,640,1.0,0,0,0,125.495361328125,background
Img_1883_jpg.rf.e13585adf41590bc3c10642a36293361.jpg,train,640,640,1.0,0,0,0,125.524658203125,background
Img_1884_jpg.rf.0a92076b5e39cc44882d130f516cb595.jpg,train,640,640,1.0,0,0,0,125.413818359375,background
Img_1884_jpg.rf.8a33b964ac08dedb1112b2c3f6979cab.jpg,train,640,640,1.0,0,0,0,125.408203125,background
Img_1884_jpg.rf.b2214c530a1a3a93b7083b1b3d7684df.jpg,train,640,640,1.0,0,0,0,125.322509765625,background
Img_1885_jpg.rf.de007fb55e625cd826463ebab5c2b644.jpg,train,640,640,1.0,0,0,0,124.447509765625,background
Img_1886_jpg.rf.270388c58b079bfb02af95f74d471ae3.jpg,train,640,640,1.0,0,0,0,123.72900390625,background
Img_1887_jpg.rf.83002d912ea57d2045dfe8e6e6139ebf.jpg,train,640,640,1.0,0,0,0,123.478515625,background
Img_1887_jpg.rf.90fa96133ad51955045d9259561c7299.jpg,train,640,640,1.0,0,0,0,123.47900390625,background
Img_1888_jpg.rf.2f6fa61740028285931a22cd21f989d2.jpg,train,640,640,1.0,0,0,0,123.09765625,background
Img_1888_jpg.rf.50c11531d324f628f7e5bf874752e204.jpg,train,640,640,1.0,0,0,0,123.032470703125,background
Img_1889_jpg.rf.2f357a60d574f663f807b88a3fadbbac.jpg,train,640,640,1.0,0,0,0,122.891845703125,background
Img_1889_jpg.rf.50d27a3c2470038039ec9ea68fa4ce8e.jpg,train,640,640,1.0,0,0,0,122.891845703125,background
Img_1889_jpg.rf.5b450baeb6a26bbf16799e9a11710ca4.jpg,train,640,640,1.0,0,0,0,122.955810546875,background
Img_188_jpg.rf.a13d3a5c4fda5109479a90c2c927abf2.jpg,train,640,640,1.0,0,0,0,129.9091796875,background
Img_1890_jpg.rf.5b3ca4d11590d672fecad0537b00d7c5.jpg,train,640,640,1.0,0,0,0,123.316162109375,background
Img_1892_jpg.rf.4e128b7a06a344655ed0d72a269e8277.jpg,train,640,640,1.0,0,0,0,122.45751953125,background
Img_1892_jpg.rf.cfd5e714c186bcf695f02c01cf6b4e1f.jpg,train,640,640,1.0,0,0,0,122.016845703125,background
Img_1893_jpg.rf.6e51515b795f9083685ee7a17e8f43ab.jpg,train,640,640,1.0,0,0,0,121.8662109375,background
Img_1893_jpg.rf.a38156b6f767c89f29e0e4e6aac99935.jpg,train,640,640,1.0,0,0,0,121.4521484375,background
Img_1894_jpg.rf.51d0fb299f0379c66f0cb74621c6389a.jpg,train,640,640,1.0,0,0,0,120.818603515625,background
Img_1894_jpg.rf.71530af3d1bd84fbdbb1acd7d15f5350.jpg,train,640,640,1.0,0,0,0,120.78271484375,background
Img_1894_jpg.rf.d75ac8f6c8603fbfdcc36cc662780ea9.jpg,train,640,640,1.0,0,0,0,120.753662109375,background
Img_1895_jpg.rf.d59a4dc85c0a9005e93bef3846e7d934.jpg,train,640,640,1.0,0,0,0,120.022216796875,background
Img_1896_jpg.rf.4610172fc95410589612b9da6a90ab6d.jpg,train,640,640,1.0,0,0,0,119.91455078125,background
Img_1896_jpg.rf.bea6ff78b1ba6d225fc111cffcb21195.jpg,train,640,640,1.0,0,0,0,119.907958984375,background
Img_1896_jpg.rf.c847c2a0ee13e1439d8c3ddd8011c431.jpg,train,640,640,1.0,0,0,0,119.94140625,background
Img_189_jpg.rf.172a86f92e448969892245a018df9f3f.jpg,train,640,640,1.0,0,0,0,129.448974609375,background
Img_18_jpg.rf.1dcff42ddcaa64d877c08e9f475bff7e.jpg,train,640,640,1.0,0,0,0,107.558837890625,background
Img_18_jpg.rf.44c6fcad765bb84c471fabd3624c1f58.jpg,train,640,640,1.0,0,0,0,107.48291015625,background
Img_1900_jpg.rf.5e9125c76e0767d964e59ddce98bab00.jpg,train,640,640,1.0,0,0,0,121.24365234375,background
Img_1900_jpg.rf.de87e66e3517eacb43d23ea67a9ada40.jpg,train,640,640,1.0,0,0,0,121.1806640625,background
Img_1902_jpg.rf.140b689de0c36a6fc63d35b3839c6cc8.jpg,train,640,640,1.0,0,0,0,126.3017578125,background
Img_1902_jpg.rf.2ad94147a55e8ae9465ac1938d8ab5fe.jpg,train,640,640,1.0,0,0,0,126.36083984375,background
Img_1902_jpg.rf.60e2bca773ce86b9c587097932668d45.jpg,train,640,640,1.0,0,0,0,126.396240234375,background
Img_1903_jpg.rf.21aa6a6c657e51f037c775108d88273b.jpg,train,640,640,1.0,0,0,0,127.426025390625,background
Img_1905_jpg.rf.a18d66a6bd21a40a48627baa9c5da34c.jpg,train,640,640,1.0,0,0,0,126.86865234375,background
Img_1906_jpg.rf.0e66aaa3641856271e3851d7f330bfed.jpg,train,640,640,1.0,0,0,0,126.2763671875,background
Img_1907_jpg.rf.8739de0f2f1f49a1792d4585158b1044.jpg,train,640,640,1.0,0,0,0,126.0595703125,background
Img_1908_jpg.rf.6866f3c44eeac56c41b334ef5a397841.jpg,train,640,640,1.0,0,0,0,125.620361328125,background
Img_1909_jpg.rf.94a90efabf2a1423aa44922d2d4cc367.jpg,train,640,640,1.0,0,0,0,126.43408203125,background
Img_190_jpg.rf.e10ea872888fae5316224d3352707a1d.jpg,train,640,640,1.0,0,0,0,129.516845703125,background
Img_1910_jpg.rf.96781e78640e7b2bdab6f4fd83fce488.jpg,train,640,640,1.0,0,0,0,126.587890625,background
Img_1911_jpg.rf.983c8617fda03fa179abc8f92077b6e6.jpg,train,640,640,1.0,0,0,0,127.193359375,background
Img_1911_jpg.rf.da6f6e1225c4fb76b259aa36f4f5a061.jpg,train,640,640,1.0,0,0,0,126.7314453125,background
Img_1912_jpg.rf.72a40ea40b1788e2d9247a6f01972cee.jpg,train,640,640,1.0,0,0,0,126.9853515625,background
Img_1913_jpg.rf.bb347e40e1107ab04123eee4e2a8ed2d.jpg,train,640,640,1.0,0,0,0,126.66943359375,background
Img_1913_jpg.rf.e17f14cb1c5c7eca4f8c298221e29b43.jpg,train,640,640,1.0,0,0,0,126.60302734375,background
Img_1914_jpg.rf.db13233dead123739c944592f4cd3ca5.jpg,train,640,640,1.0,0,0,0,126.237060546875,background
Img_1915_jpg.rf.579977ee544b803f4cade4ef7e212e3e.jpg,train,640,640,1.0,0,0,0,125.736328125,background
Img_1915_jpg.rf.92c1cb374fa7596694644d54bd94d7e8.jpg,train,640,640,1.0,0,0,0,125.73388671875,background
Img_1916_jpg.rf.ce9fd21c9ed9470a2657d7cd4c42a3fd.jpg,train,640,640,1.0,0,0,0,124.50048828125,background
Img_1917_jpg.rf.9bd7aa588c17f0d3e6b28d22129b5b13.jpg,train,640,640,1.0,0,0,0,124.57763671875,background
Img_1919_jpg.rf.b21020d2470c436d7cc68068f603ec08.jpg,train,640,640,1.0,0,0,0,128.297119140625,background
Img_1919_jpg.rf.e9e1214afeeb1f11b9af1e9d8aa9d14a.jpg,train,640,640,1.0,0,0,0,128.302734375,background
Img_191_jpg.rf.bc1dfda499ac453cecbb9705e0e364af.jpg,train,640,640,1.0,0,0,0,129.53125,background
Img_191_jpg.rf.f0e047fa30123b743ad61dad9e26a2c0.jpg,train,640,640,1.0,0,0,0,129.36083984375,background
Img_1921_jpg.rf.31569b42a5ef7d07b5a5ac4f0dd62814.jpg,train,640,640,1.0,0,0,0,123.773681640625,background
Img_1921_jpg.rf.8b9017e3e27d597be9ace5acc875a7d3.jpg,train,640,640,1.0,0,0,0,123.75439453125,background
Img_1922_jpg.rf.36c0f2c39fcb1147c41bc331e9ecb9aa.jpg,train,640,640,1.0,0,0,0,124.166015625,background
Img_1923_jpg.rf.86ee8589ed34db2b3732e81762268be2.jpg,train,640,640,1.0,0,0,0,126.02294921875,background
Img_1924_jpg.rf.9db73d9f5aaa13a8c9a1f8b56ab36f0b.jpg,train,640,640,1.0,0,0,0,125.25830078125,background
Img_1925_jpg.rf.1f43c1a4194777fcfec91f5851016579.jpg,train,640,640,1.0,0,0,0,124.37939453125,background
Img_1925_jpg.rf.32cf707ed7a420f4b7110dc3102c9a82.jpg,train,640,640,1.0,0,0,0,124.7939453125,background
Img_1925_jpg.rf.6d2a5b696e43b78aaa307e35b77a9ab4.jpg,train,640,640,1.0,0,0,0,124.434814453125,background
Img_1926_jpg.rf.8163d663ade19ae3e01bf0a900b2cf91.jpg,train,640,640,1.0,0,0,0,124.22900390625,background
Img_1927_jpg.rf.0a3f6990437c0fd640f9c93edf8cbbca.jpg,train,640,640,1.0,0,0,0,123.567138671875,background
Img_1927_jpg.rf.f4b041cfa97fa228f45d77fb71f1217d.jpg,train,640,640,1.0,0,0,0,123.583984375,background
Img_1928_jpg.rf.56d269bddac6903c8b31a53b657516f1.jpg,train,640,640,1.0,0,0,0,122.950439453125,background
Img_1928_jpg.rf.e3014682160de12da1ec9533c85022f2.jpg,train,640,640,1.0,0,0,0,122.950439453125,background
Img_1929_jpg.rf.48881f3d10dbef83c44d2658fa26c66a.jpg,train,640,640,1.0,0,0,0,122.635009765625,background
Img_1929_jpg.rf.eb479b3b6f214d7ef5ce43cc9361d434.jpg,train,640,640,1.0,0,0,0,122.73291015625,background
Img_192_jpg.rf.277d31419b654bd35afd18f0319ba287.jpg,train,640,640,1.0,0,0,0,129.4326171875,background
Img_1930_jpg.rf.22c3e74bb3c2f932f61ecd43f2d932ed.jpg,train,640,640,1.0,0,0,0,123.398681640625,background
Img_1930_jpg.rf.cc536b86d8b8491c34497b90c47009c5.jpg,train,640,640,1.0,0,0,0,123.5400390625,background
Img_1931_jpg.rf.95b45a90426b88b38b14a7afdd5a7db5.jpg,train,640,640,1.0,0,0,0,124.5390625,background
Img_1932_jpg.rf.0aab977a6eef4e023900520cb59a8f90.jpg,train,640,640,1.0,0,0,0,124.103515625,background
Img_1932_jpg.rf.80b2af232a658e1666a23598b04b4a51.jpg,train,640,640,1.0,0,0,0,124.0068359375,background
Img_1937_jpg.rf.1e10b9c87b3add9c7a17a0e1ef091059.jpg,train,640,640,1.0,0,0,0,96.090087890625,background
Img_1938_jpg.rf.15eb323717ce8284dfec87de3a1d3eb8.jpg,train,640,640,1.0,0,0,0,97.015380859375,background
Img_1939_jpg.rf.4af4bfe210d296e309b069c8f58e2ef8.jpg,train,640,640,1.0,0,0,0,96.813720703125,background
Img_1939_jpg.rf.e161b261d160d5c351310a09a7ccec89.jpg,train,640,640,1.0,0,0,0,96.8134765625,background
Img_193_jpg.rf.121d4585bed5058477fda56b04140f53.jpg,train,640,640,1.0,0,0,0,129.846435546875,background
Img_1941_jpg.rf.8a248f76fe6fb299c2876960280dad0a.jpg,train,640,640,1.0,0,0,0,98.0986328125,background
Img_1941_jpg.rf.9cc5cb58e385cc4a1a720caa5733e652.jpg,train,640,640,1.0,0,0,0,98.183837890625,background
Img_1942_jpg.rf.2da25fdf17fb7a172a04f59eba7fd0cf.jpg,train,640,640,1.0,0,0,0,98.934814453125,background
Img_1944_jpg.rf.958f8782fa8f082ce7591a60285b1413.jpg,train,640,640,1.0,0,0,0,100.356201171875,background
Img_1944_jpg.rf.e8060652d631dfd3c35b0848ba50fb21.jpg,train,640,640,1.0,0,0,0,100.343505859375,background
Img_1946_jpg.rf.b71191d5e8d267b477f5d83fb80f1a28.jpg,train,640,640,1.0,0,0,0,101.014892578125,background
Img_1947_jpg.rf.7ebf057fe0f28766e0d61fc6dd648a68.jpg,train,640,640,1.0,0,0,0,101.513916015625,background
Img_1947_jpg.rf.d9176c02304c179b96180743af9888f3.jpg,train,640,640,1.0,0,0,0,101.506103515625,background
Img_1948_jpg.rf.5d3132d70404e934903c1f0b38e28e1e.jpg,train,640,640,1.0,0,0,0,101.006591796875,background
Img_1948_jpg.rf.92618f01241e7e3ad821d5440a5c1130.jpg,train,640,640,1.0,0,0,0,101.146240234375,background
Img_1949_jpg.rf.73cfba5242cc81021dec66a8923a3b32.jpg,train,640,640,1.0,0,0,0,102.83349609375,background
Img_194_jpg.rf.9ee8d2f5c62a1e5070640a05e77f4891.jpg,train,640,640,1.0,0,0,0,129.63037109375,background
Img_194_jpg.rf.e8090d78b4f5914cbf2f217c84c2c712.jpg,train,640,640,1.0,0,0,0,129.59765625,background
Img_1950_jpg.rf.8b0fd958bfaa499fb152a9bdbc2d3797.jpg,train,640,640,1.0,0,0,0,101.538818359375,background
Img_1950_jpg.rf.dc7f49f572574144a38bf2b3e0edabbe.jpg,train,640,640,1.0,0,0,0,101.551025390625,background
Img_1950_jpg.rf.ded5b772daba60ef1cac8623ea6f63c6.jpg,train,640,640,1.0,0,0,0,101.5517578125,background
Img_1951_jpg.rf.a694bcdb63035bcbe624455c0ba00d63.jpg,train,640,640,1.0,0,0,0,102.9326171875,background
Img_1952_jpg.rf.a1bc5c3e68520176c06abc57ef9d6b78.jpg,train,640,640,1.0,0,0,0,101.714111328125,background
Img_1952_jpg.rf.d5c858048b7ced036a51c48427e886be.jpg,train,640,640,1.0,0,0,0,101.864990234375,background
Img_1954_jpg.rf.4ce496fd5c4a9d0d77d1ff714c08a58d.jpg,train,640,640,1.0,0,0,0,101.705810546875,background
Img_1954_jpg.rf.8a387fe03f54f787688dbb16bdad949a.jpg,train,640,640,1.0,0,0,0,101.728271484375,background
Img_1955_jpg.rf.243df01388738678ddb23c7f819b691f.jpg,train,640,640,1.0,0,0,0,101.481689453125,background
Img_1955_jpg.rf.a2a52dd45b331ea34c659b900c08afda.jpg,train,640,640,1.0,0,0,0,101.387939453125,background
Img_1956_jpg.rf.7043b26a4c8ad5ba04f96fdf91b11272.jpg,train,640,640,1.0,0,0,0,100.7587890625,background
Img_1956_jpg.rf.fea82875b053684f209aa57cdaa369d0.jpg,train,640,640,1.0,0,0,0,100.669677734375,background
Img_1957_jpg.rf.7195b21164a4a7e6de28b75bb8fb2ef3.jpg,train,640,640,1.0,0,0,0,100.773193359375,background
Img_1957_jpg.rf.a0d3a238cf519b9cea2ca474e1058b4c.jpg,train,640,640,1.0,0,0,0,100.86865234375,background
Img_1958_jpg.rf.955bd2cf6c9ea08dd03f4cb41e37aa5a.jpg,train,640,640,1.0,0,0,0,101.708251953125,background
Img_1959_jpg.rf.58871a4927567ae0b19571c551644fd1.jpg,train,640,640,1.0,0,0,0,101.3134765625,background
Img_195_jpg.rf.01cf5aa64711b82152f19fa1534a28c1.jpg,train,640,640,1.0,0,0,0,128.873779296875,background
Img_195_jpg.rf.5edd9ff6c953c98f5dd34e58edcb3a72.jpg,train,640,640,1.0,0,0,0,128.897216796875,background
Img_1960_jpg.rf.5972076bb16644aa119584bb5cdd3f48.jpg,train,640,640,1.0,0,0,0,101.66943359375,background
Img_1960_jpg.rf.bfe5b7ac69eed8dd06c1bfd481dbaccb.jpg,train,640,640,1.0,0,0,0,101.6552734375,background
Img_1960_jpg.rf.f7e14f12fe8e6350349dcce045ba1aa6.jpg,train,640,640,1.0,0,0,0,101.53173828125,background
Img_1963_jpg.rf.4b5f18eaf6cf479baeaa9d21d79ddabe.jpg,train,640,640,1.0,0,0,0,101.9501953125,background
Img_1964_jpg.rf.57f563fe6cecb2aca95f8f4996495839.jpg,train,640,640,1.0,0,0,0,102.1376953125,background
Img_1965_jpg.rf.a94903df68a92689cec695c0228074db.jpg,train,640,640,1.0,0,0,0,103.02197265625,background
Img_1966_jpg.rf.312b4a95fb4099568716c87b2776e736.jpg,train,640,640,1.0,0,0,0,103.72509765625,background
Img_1966_jpg.rf.c0c55417bd51165b35e7f2ac05662ba8.jpg,train,640,640,1.0,0,0,0,103.73291015625,background
Img_1966_jpg.rf.fcdb8aee4652117d56e400687f734e28.jpg,train,640,640,1.0,0,0,0,103.865966796875,background
Img_1967_jpg.rf.61889cca87b8c72c0721911119cb179b.jpg,train,640,640,1.0,0,0,0,105.23388671875,background
Img_1967_jpg.rf.72c7db5ba21fda4957b29b980fb15232.jpg,train,640,640,1.0,0,0,0,105.364501953125,background
Img_1968_jpg.rf.b630b5b32acfd770cb310019a21afc5f.jpg,train,640,640,1.0,0,0,0,102.717041015625,background
Img_1969_jpg.rf.006f189700c3a42fb854f7bf5bb4f29a.jpg,train,640,640,1.0,0,0,0,100.857177734375,background
Img_1969_jpg.rf.263699852bb105e613fff779939cce3e.jpg,train,640,640,1.0,0,0,0,100.884765625,background
Img_1969_jpg.rf.6a4c60009971a07e2288a1f109be1f77.jpg,train,640,640,1.0,0,0,0,100.87744140625,background
Img_196_jpg.rf.c3266e1b0dbd1e1ab3835f7091838f5f.jpg,train,640,640,1.0,0,0,0,127.95263671875,background
Img_196_jpg.rf.ca83afa282b15736a32ec0a05df6113e.jpg,train,640,640,1.0,0,0,0,127.967529296875,background
Img_196_jpg.rf.ce0f8e6e8b86055c1518120629c4c18c.jpg,train,640,640,1.0,0,0,0,127.9931640625,background
Img_1970_jpg.rf.15bb3bd37983019ce3a7023a3fbbeaf2.jpg,train,640,640,1.0,0,0,0,100.57421875,background
Img_1970_jpg.rf.c575a44a697c75801c98238939ceec10.jpg,train,640,640,1.0,0,0,0,100.468505859375,background
Img_1971_jpg.rf.c862dac0339a1c4f646d0d93b6a80d90.jpg,train,640,640,1.0,0,0,0,99.695556640625,background
Img_1972_jpg.rf.ee2c5bead2de49bf78de603aa2525c4c.jpg,train,640,640,1.0,0,0,0,98.2734375,background
Img_1973_jpg.rf.f8fe2a5a313f90df362d291c6bcbea78.jpg,train,640,640,1.0,0,0,0,98.264892578125,background
Img_1974_jpg.rf.28b8e077e8aaadbbd8370bbec70a4989.jpg,train,640,640,1.0,0,0,0,97.194091796875,background
Img_1974_jpg.rf.5aa144a3eba127a8bc144b325803547d.jpg,train,640,640,1.0,0,0,0,97.197265625,background
Img_1974_jpg.rf.5e16937557fbb2017e74619a5416345a.jpg,train,640,640,1.0,0,0,0,97.31494140625,background
Img_1976_jpg.rf.174f4437a6347f7901ecbed9bd0ef283.jpg,train,640,640,1.0,0,0,0,95.47705078125,background
Img_1976_jpg.rf.b4cb40f2a35bb0e7842173dd9079e19f.jpg,train,640,640,1.0,0,0,0,95.47705078125,background
Img_1977_jpg.rf.794677d0bb3082dbe9e84be492b13366.jpg,train,640,640,1.0,0,0,0,95.640869140625,background
Img_1978_jpg.rf.2cae4cd47b5407fb8dc3c44e1fe97004.jpg,train,640,640,1.0,0,0,0,95.688720703125,background
Img_197_jpg.rf.7dada3980b6e566967276eec1eff1962.jpg,train,640,640,1.0,0,0,0,127.635009765625,background
Img_197_jpg.rf.86e1c1c1ee9e3a7024b6c84dc3e4263d.jpg,train,640,640,1.0,0,0,0,127.635009765625,background
Img_197_jpg.rf.fa240e2623a4c7208fd51e55a25d9129.jpg,train,640,640,1.0,0,0,0,127.666259765625,background
Img_1980_jpg.rf.b4eb356b946df14b8e6da80501d0fd9b.jpg,train,640,640,1.0,0,0,0,93.55859375,background
Img_1980_jpg.rf.b98faff0bc6b3f4e64a229d6d7013349.jpg,train,640,640,1.0,0,0,0,93.446533203125,background
Img_1981_jpg.rf.45c410036f813f24e09c9a29f925da98.jpg,train,640,640,1.0,0,0,0,93.15771484375,background
Img_1981_jpg.rf.adecaa572b0b5793ee953a65702bb3d5.jpg,train,640,640,1.0,0,0,0,93.156494140625,background
Img_1982_jpg.rf.7462be298ad8bb9179f1b6af91580a99.jpg,train,640,640,1.0,0,0,0,93.10302734375,background
Img_1982_jpg.rf.ba09cc1fac9787db359e4867373618ca.jpg,train,640,640,1.0,0,0,0,92.97509765625,background
Img_1983_jpg.rf.7ae2339cda14923ff9d7f752d1c448f6.jpg,train,640,640,1.0,0,0,0,92.19482421875,background
Img_1986_jpg.rf.0589090a37cdff03ff05ac535bbb06be.jpg,train,640,640,1.0,0,0,0,89.673583984375,background
Img_1986_jpg.rf.dfd00c8aa43ae676500c1eb2d602cb8d.jpg,train,640,640,1.0,0,0,0,89.548583984375,background
Img_1987_jpg.rf.92b0aebad265845006d10f1eca86f4af.jpg,train,640,640,1.0,0,0,0,90.298095703125,background
Img_1989_jpg.rf.1c194220f2380276a343d1a1102d6c9e.jpg,train,640,640,1.0,0,0,0,87.20703125,background
Img_198_jpg.rf.d6802986842025e448bdc52cbda8b9fc.jpg,train,640,640,1.0,0,0,0,127.588623046875,background
Img_1990_jpg.rf.280d915d87c6162bedb8ffdf94fa4e2e.jpg,train,640,640,1.0,0,0,0,89.48046875,background
Img_1990_jpg.rf.76304e6edb8023072bede7029b38877f.jpg,train,640,640,1.0,0,0,0,89.630859375,background
Img_1991_jpg.rf.3d3dab374c0861818b2ef13bdb7f7ab8.jpg,train,640,640,1.0,0,0,0,88.640380859375,background
Img_1991_jpg.rf.f7b63a3f997ea89cf1a1e51c1efc8957.jpg,train,640,640,1.0,0,0,0,88.796142578125,background
Img_1992_jpg.rf.7ffaf4795e09516c9013c9b8acd6b5a9.jpg,train,640,640,1.0,0,0,0,88.504638671875,background
Img_1992_jpg.rf.b7157120346e87b4418d1719fdb8b1e1.jpg,train,640,640,1.0,0,0,0,88.626953125,background
Img_1994_jpg.rf.36339a1ca21a03b3ae56fd25259b03cf.jpg,train,640,640,1.0,0,0,0,90.652099609375,background
Img_1994_jpg.rf.48a34d123aa0f39d2a4798b30e9afd69.jpg,train,640,640,1.0,0,0,0,90.652587890625,background
Img_1995_jpg.rf.0119ff0f9224d7a46694fc256c48d13a.jpg,train,640,640,1.0,0,0,0,91.90185546875,background
Img_1996_jpg.rf.11e94e2081ec5f90a6fcd36907d62e1a.jpg,train,640,640,1.0,0,0,0,91.705322265625,background
Img_1996_jpg.rf.93538b7e2b6b982de55f795bbeebbf4e.jpg,train,640,640,1.0,0,0,0,91.73095703125,background
Img_1998_jpg.rf.e04f3555a1827c1771639ea78d5a3d0d.jpg,train,640,640,1.0,0,0,0,92.272705078125,background
Img_1999_jpg.rf.170717fa75b390c0a3ae45ea8162c757.jpg,train,640,640,1.0,0,0,0,93.183837890625,background
Img_1999_jpg.rf.e130195157a57bea2d5c88f38fec12c7.jpg,train,640,640,1.0,0,0,0,93.057861328125,background
Img_199_jpg.rf.e2148431a6e01cd448accf15b1818d16.jpg,train,640,640,1.0,0,0,0,127.12890625,background
Img_19_jpg.rf.0a30382286d0029b310279f529878b65.jpg,train,640,640,1.0,0,0,0,108.587646484375,background
Img_19_jpg.rf.5655c8aa2a7eaf4d6d5b8b0a06a2d6ec.jpg,train,640,640,1.0,0,0,0,108.147216796875,background
Img_19_jpg.rf.852a1e79b0a06a2479664c6a6dd89f54.jpg,train,640,640,1.0,0,0,0,108.052734375,background
Img_1_jpg.rf.d5cff8bfc7808b3cab38c25cb293168d.jpg,train,640,640,1.0,0,0,0,104.98046875,background
Img_2000_jpg.rf.d3b79df8c90a96c51c11efad12eae7b4.jpg,train,640,640,1.0,0,0,0,93.20654296875,background
Img_2002_jpg.rf.917fb7b218b0fa94b42a9c5a831119af.jpg,train,640,640,1.0,0,0,0,94.338134765625,background
Img_2003_jpg.rf.01226b76000bbdd143914e30bdecd853.jpg,train,640,640,1.0,0,0,0,93.47216796875,background
Img_2003_jpg.rf.40f90d7adf5c3d2999ffc0e57f934718.jpg,train,640,640,1.0,0,0,0,93.502685546875,background
Img_2004_jpg.rf.d5b09add5b1f1d97535490f503c8a0b3.jpg,train,640,640,1.0,0,0,0,94.134521484375,background
Img_2006_jpg.rf.ab1f0bdfdd4b25293c19a441e9889548.jpg,train,640,640,1.0,0,0,0,93.713623046875,background
Img_2007_jpg.rf.4aa21613dd20a4a11ccc090061815330.jpg,train,640,640,1.0,0,0,0,94.10107421875,background
Img_2007_jpg.rf.a39462d2c8ba4d421e172db0004a7b64.jpg,train,640,640,1.0,0,0,0,94.133056640625,background
Img_2007_jpg.rf.f4e66de8de6bf7d1f73d790aea226689.jpg,train,640,640,1.0,0,0,0,94.5732421875,background
Img_2008_jpg.rf.079d80f4d4d3979c0cde4a281d69c30f.jpg,train,640,640,1.0,0,0,0,93.990966796875,background
Img_2009_jpg.rf.fc0cf8d63d1ae1e89d39ec56adf17b4b.jpg,train,640,640,1.0,0,0,0,94.978759765625,background
Img_200_jpg.rf.22f6bbe4e2f3a9fa68aa1f6d89a6ef6b.jpg,train,640,640,1.0,0,0,0,125.573974609375,background
Img_200_jpg.rf.f4e6966a7dbfc1610075a522ba65792c.jpg,train,640,640,1.0,0,0,0,125.434326171875,background
Img_2010_jpg.rf.bec1588c4a5c02f8e7a965e7e708b053.jpg,train,640,640,1.0,0,0,0,93.9091796875,background
Img_2010_jpg.rf.e7fd87a41c3e4d7982c5ad89ecd1ab44.jpg,train,640,640,1.0,0,0,0,93.78857421875,background
Img_2011_jpg.rf.467fe401c445b2b1f5524911a22c8054.jpg,train,640,640,1.0,0,0,0,95.175537109375,background
Img_2011_jpg.rf.cf07b3282ccd79b7f0692851b14cb18d.jpg,train,640,640,1.0,0,0,0,95.299072265625,background
Img_2012_jpg.rf.5de63f0de70a1359257c4b1e77170a66.jpg,train,640,640,1.0,0,0,0,95.449462890625,background
Img_2014_jpg.rf.419d906974440c3ab31e985a32581141.jpg,train,640,640,1.0,0,0,0,95.292724609375,background
Img_2015_jpg.rf.101f4b2595793aab82440916f4759df5.jpg,train,640,640,1.0,0,0,0,94.7978515625,background
Img_2015_jpg.rf.72271ddc0dde50f5a9803efa2b17fa30.jpg,train,640,640,1.0,0,0,0,94.926025390625,background
Img_2016_jpg.rf.43b821d7d7088614c3a8ccc2b7d8a73d.jpg,train,640,640,1.0,0,0,0,95.79833984375,background
Img_2016_jpg.rf.f5637368eb85a273287a7a2208e68e6d.jpg,train,640,640,1.0,0,0,0,95.6162109375,background
Img_2017_jpg.rf.07a4a589e5d7cb843548c0be2bd234a6.jpg,train,640,640,1.0,0,0,0,94.838623046875,background
Img_2017_jpg.rf.0c12de36602f3b75f58576748823830f.jpg,train,640,640,1.0,0,0,0,94.957275390625,background
Img_2018_jpg.rf.8aa4f55278c4d8eeeb6215edd1932521.jpg,train,640,640,1.0,0,0,0,94.310302734375,background
Img_2019_jpg.rf.d90c33dc7807d0e36e16d1982226392a.jpg,train,640,640,1.0,0,0,0,95.927734375,background
Img_2019_jpg.rf.f804ba9e83178fdccafa9170401a5f96.jpg,train,640,640,1.0,0,0,0,95.812255859375,background
Img_201_jpg.rf.a76354a1e3cabec8148029e2f8ad1d8d.jpg,train,640,640,1.0,0,0,0,124.396484375,background
Img_2021_jpg.rf.803623d03faebed9ec1764b0943ed9ed.jpg,train,640,640,1.0,0,0,0,94.30126953125,background
Img_2022_jpg.rf.3aec5c92031a97bb9d9aa0bf672db526.jpg,train,640,640,1.0,0,0,0,93.972412109375,background
Img_2022_jpg.rf.fc833902a55caa888797e040387ce39d.jpg,train,640,640,1.0,0,0,0,93.948974609375,background
Img_2023_jpg.rf.1ad6cdf96b2ddbf92e9b6c17c5c878ee.jpg,train,640,640,1.0,0,0,0,94.95263671875,background
Img_2023_jpg.rf.bc8f0af80663980911272d2357b15778.jpg,train,640,640,1.0,0,0,0,95.066650390625,background
Img_2026_jpg.rf.381d1fd19b9d34a4c46b3f6f49e05a0f.jpg,train,640,640,1.0,0,0,0,94.633544921875,background
Img_2026_jpg.rf.5541ecd45264d94b19271d4937d375dc.jpg,train,640,640,1.0,0,0,0,94.754638671875,background
Img_2026_jpg.rf.781916bebcde79389889cb0829c175c0.jpg,train,640,640,1.0,0,0,0,94.688720703125,background
Img_2027_jpg.rf.4d9f48b5f6db61f47d2034baf96f1bcd.jpg,train,640,640,1.0,0,0,0,95.562255859375,background
Img_2028_jpg.rf.0fae785f6702a76aaf8e67c64ab31507.jpg,train,640,640,1.0,0,0,0,94.877197265625,background
Img_2028_jpg.rf.4af0f374c25c8a43130f1f8f5fd2407c.jpg,train,640,640,1.0,0,0,0,94.985107421875,background
Img_2028_jpg.rf.aeb5c1b2ae1c8d347e73ccbfcba9ec35.jpg,train,640,640,1.0,0,0,0,94.858154296875,background
Img_2029_jpg.rf.b981101e5c33e18bf55ddf9a285cd620.jpg,train,640,640,1.0,0,0,0,96.641357421875,background
Img_2029_jpg.rf.f16ac04bc250b86b2e706839050b8176.jpg,train,640,640,1.0,0,0,0,96.511474609375,background
Img_202_jpg.rf.0002d9fba3bc072d6be15e824c52ad7c.jpg,train,640,640,1.0,0,0,0,123.615234375,background
Img_202_jpg.rf.6809e32b75e4857b606da38bdc1b0533.jpg,train,640,640,1.0,0,0,0,123.741943359375,background
Img_2030_jpg.rf.61db4b28950f62b67025a7e5953d1e6c.jpg,train,640,640,1.0,0,0,0,99.2138671875,background
Img_2030_jpg.rf.81f0f63012193d25f13d098612ac3183.jpg,train,640,640,1.0,0,0,0,99.32861328125,background
Img_2030_jpg.rf.c419082fdd9bca07c4fc43e0195dae76.jpg,train,640,640,1.0,0,0,0,99.32958984375,background
Img_2031_jpg.rf.410aeddddfca00a97629e750ac2ff42c.jpg,train,640,640,1.0,0,0,0,98.76416015625,background
Img_2031_jpg.rf.eedfbba4732bc505411edc57a991dc27.jpg,train,640,640,1.0,0,0,0,98.76416015625,background
Img_2032_jpg.rf.f46d96a19060adb31a9b8b1c284b30ad.jpg,train,640,640,1.0,0,0,0,95.942626953125,background
Img_2033_jpg.rf.36d4cf642ee6df56500d3c400434bb5d.jpg,train,640,640,1.0,0,0,0,97.299560546875,background
Img_2034_jpg.rf.0007b22b94dec0dadbdf313fe30655a0.jpg,train,640,640,1.0,0,0,0,95.71044921875,background
Img_2035_jpg.rf.509fdceb716d50fb075cee006bed826f.jpg,train,640,640,1.0,0,0,0,93.725341796875,background
Img_2035_jpg.rf.d41aa46480d9f3335520dae4cc624a2e.jpg,train,640,640,1.0,0,0,0,93.76171875,background
Img_2036_jpg.rf.3a2622b7f731354d1e2d60609919e4ce.jpg,train,640,640,1.0,0,0,0,93.52001953125,background
Img_2036_jpg.rf.48d06453ded53738e5414554ce9f4060.jpg,train,640,640,1.0,0,0,0,93.645751953125,background
Img_2036_jpg.rf.b1aaa5fddfd3580a8cf5193a37cd59ff.jpg,train,640,640,1.0,0,0,0,93.694091796875,background
Img_2037_jpg.rf.2dc8546796fbb09a193f268a9a84170d.jpg,train,640,640,1.0,0,0,0,93.677734375,background
Img_2037_jpg.rf.9f68146fc5b877fbb1edea3debbf878f.jpg,train,640,640,1.0,0,0,0,93.840576171875,background
Img_2037_jpg.rf.a680c78e9a5ffc14fd8337f268d04e08.jpg,train,640,640,1.0,0,0,0,93.871826171875,background
Img_2038_jpg.rf.3577be14e12722a4fce66bd016b6a9c8.jpg,train,640,640,1.0,0,0,0,93.010986328125,background
Img_2038_jpg.rf.dcd457f549722b161342b17a4bf65304.jpg,train,640,640,1.0,0,0,0,93.146484375,background
Img_2039_jpg.rf.f7890f1ea8131783460777ebef0415fd.jpg,train,640,640,1.0,0,0,0,92.95361328125,background
Img_203_jpg.rf.51918a03443b3b1e470002c9cd9f38f9.jpg,train,640,640,1.0,0,0,0,124.0341796875,background
Img_203_jpg.rf.757c1cfba902c9a3836897c2fe8d9a99.jpg,train,640,640,1.0,0,0,0,123.90966796875,background
Img_2040_jpg.rf.5303892faf6893d4fc477f6c93e6f6ab.jpg,train,640,640,1.0,0,0,0,93.004638671875,background
Img_2040_jpg.rf.b4b464e0005c3b09f9c5d339d2785828.jpg,train,640,640,1.0,0,0,0,92.892822265625,background
Img_2040_jpg.rf.c467431e0396f16092f9ba8082624801.jpg,train,640,640,1.0,0,0,0,92.87109375,background
Img_2041_jpg.rf.d97e27ff0cec2d48cf81026bc29c5a3c.jpg,train,640,640,1.0,0,0,0,92.889404296875,background
Img_2041_jpg.rf.f9f02470a9b4b91d6726a4824c2ac08d.jpg,train,640,640,1.0,0,0,0,92.82275390625,background
Img_2042_jpg.rf.538beb31be6b7d52dc75ab9bd98b8b06.jpg,train,640,640,1.0,0,0,0,93.34033203125,background
Img_2042_jpg.rf.ad93e1dbdc0b6c5810d962c257ea0888.jpg,train,640,640,1.0,0,0,0,93.34228515625,background
Img_2042_jpg.rf.dcad23b9cafe05206baeb185d9f878fa.jpg,train,640,640,1.0,0,0,0,93.702392578125,background
Img_2044_jpg.rf.db06420003cc66ada63d5e088b27e433.jpg,train,640,640,1.0,0,0,0,92.676025390625,background
Img_2044_jpg.rf.fe09ab39019b659dd6a2084293670b2c.jpg,train,640,640,1.0,0,0,0,92.713623046875,background
Img_2045_jpg.rf.ee5c74d02643e52b719182a1b8233c1f.jpg,train,640,640,1.0,0,0,0,92.97216796875,background
Img_2046_jpg.rf.0c1fd87a11ecb4763868c7d81678a41d.jpg,train,640,640,1.0,0,0,0,93.4990234375,background
Img_2047_jpg.rf.217518cd9f2cca25006183f9f3bbdb00.jpg,train,640,640,1.0,0,0,0,94.431640625,background
Img_2048_jpg.rf.03eb491cc81293d5fba93ad6ab08f94e.jpg,train,640,640,1.0,0,0,0,93.144775390625,background
Img_2048_jpg.rf.39acd98bbb8c0ae3d23c65506e353fd4.jpg,train,640,640,1.0,0,0,0,93.163330078125,background
Img_2049_jpg.rf.be35c2b82ae432057ab776b1689311b1.jpg,train,640,640,1.0,0,0,0,94.270751953125,background
Img_204_jpg.rf.6702fd3ef2cc22884c49c5d7d86d19da.jpg,train,640,640,1.0,0,0,0,123.523193359375,background
Img_204_jpg.rf.95eabcbef3c074fecd340598c282020b.jpg,train,640,640,1.0,0,0,0,123.684814453125,background
Img_2050_jpg.rf.3cbdef7fed37974c5411fa090b02891c.jpg,train,640,640,1.0,0,0,0,94.455078125,background
Img_2051_jpg.rf.f94ca4442183bf22d2ee6a5cf09ffd48.jpg,train,640,640,1.0,0,0,0,93.6376953125,background
Img_2053_jpg.rf.855ee332300101f99e66386457b0d9ec.jpg,train,640,640,1.0,0,0,0,93.956298828125,background
Img_2053_jpg.rf.9ec1b26380fab67ee49c3f6672de4919.jpg,train,640,640,1.0,0,0,0,93.95361328125,background
Img_2054_jpg.rf.d085114d2a784a5b68df7ed1e9103fda.jpg,train,640,640,1.0,0,0,0,94.558837890625,background
Img_2055_jpg.rf.7cdce4515b3bc613b02f3aafc7d5784c.jpg,train,640,640,1.0,0,0,0,94.16162109375,background
Img_2055_jpg.rf.a944328d183a55ae3339911d1c6ae598.jpg,train,640,640,1.0,0,0,0,94.137939453125,background
Img_2055_jpg.rf.bc88c5e277968d67df080a681403722c.jpg,train,640,640,1.0,0,0,0,94.157470703125,background
Img_2056_jpg.rf.e94595b096efa46325ffe63a6ba6358c.jpg,train,640,640,1.0,0,0,0,93.93994140625,background
Img_2057_jpg.rf.46b9b9498a50c1bfb28680f58d0c5ce8.jpg,train,640,640,1.0,0,0,0,94.2421875,background
Img_2057_jpg.rf.9b4e51f13f19fdd1ae1d229495c683c3.jpg,train,640,640,1.0,0,0,0,93.875732421875,background
Img_2058_jpg.rf.94ffd7d30dfd51e532f8361488ae88fe.jpg,train,640,640,1.0,0,0,0,93.117431640625,background
Img_2058_jpg.rf.bf502b21ffb5851a498c82c00da1daa3.jpg,train,640,640,1.0,0,0,0,93.14697265625,background
Img_2059_jpg.rf.2d35beb530705b9a23a32ebdc1aee06d.jpg,train,640,640,1.0,0,0,0,93.426025390625,background
Img_205_jpg.rf.8f0259cdc14b7ba2763d204fd829c6db.jpg,train,640,640,1.0,0,0,0,122.95556640625,background
Img_2061_jpg.rf.4931ad37f8597caa1ccc7e4e219c8bb8.jpg,train,640,640,1.0,0,0,0,92.566650390625,background
Img_2061_jpg.rf.4a740819c4dbad0db5c41935ef48b1ed.jpg,train,640,640,1.0,0,0,0,92.498046875,background
Img_2062_jpg.rf.62376c154a554096f5fb40e983e67610.jpg,train,640,640,1.0,0,0,0,92.14501953125,background
Img_2063_jpg.rf.42247d5d480b80e4876cdc35ec082727.jpg,train,640,640,1.0,0,0,0,92.595458984375,background
Img_2064_jpg.rf.0e4a9a8e6907dc351fd16b7bc98a3d4f.jpg,train,640,640,1.0,0,0,0,92.554443359375,background
Img_2067_jpg.rf.8b81315cd5494abc8dfdc31f76169778.jpg,train,640,640,1.0,0,0,0,92.663330078125,background
Img_2068_jpg.rf.46b6fc4131000447a4ac86c20c0dd47c.jpg,train,640,640,1.0,0,0,0,91.933837890625,background
Img_2068_jpg.rf.55b348e171a1cf7264fce4214fb89019.jpg,train,640,640,1.0,0,0,0,91.778076171875,background
Img_2068_jpg.rf.5ec503107eb6209b7da6e6dea68eff07.jpg,train,640,640,1.0,0,0,0,91.933837890625,background
Img_2068_jpg.rf.e6cbebbb59d222bcc504b6f06719f610.jpg,train,640,640,1.0,0,0,0,91.870361328125,background
Img_2069_jpg.rf.289eea2b6564035babf795227e4dac0c.jpg,train,640,640,1.0,0,0,0,92.23681640625,background
Img_2069_jpg.rf.2b301a8aacabdd874102bcfe6205c063.jpg,train,640,640,1.0,0,0,0,92.39501953125,background
Img_2069_jpg.rf.86bfe4e711cf39567f8f9449474f5356.jpg,train,640,640,1.0,0,0,0,92.262451171875,background
Img_2069_jpg.rf.e5b6f0b88ad37bf0be4b90cd41c208ee.jpg,train,640,640,1.0,0,0,0,92.262451171875,background
Img_206_jpg.rf.71c3db1d6f21e6c10448a3a761a1673f.jpg,train,640,640,1.0,0,0,0,123.13818359375,background
Img_2070_jpg.rf.0a794596461e5974e983f8d687fbb5af.jpg,train,640,640,1.0,0,0,0,92.316162109375,background
Img_2070_jpg.rf.c7c18c5659ac322b584061946afc7c0c.jpg,train,640,640,1.0,0,0,0,92.316162109375,background
Img_2071_jpg.rf.95a50e124418de38efd3b89ea2d44dfb.jpg,train,640,640,1.0,0,0,0,92.310791015625,background
Img_2072_jpg.rf.0d3cdf7501845452fb901ee8a8078514.jpg,train,640,640,1.0,0,0,0,92.04541015625,background
Img_2072_jpg.rf.0fd7c71c981b6b5525af0d5c65ba5ce1.jpg,train,640,640,1.0,0,0,0,91.883056640625,background
Img_2074_jpg.rf.6fbc141954035f1bbeb45a917c4029ee.jpg,train,640,640,1.0,0,0,0,93.03466796875,background
Img_2076_jpg.rf.122b33fe9b6871f9874bbdc42799a800.jpg,train,640,640,1.0,0,0,0,92.890380859375,background
Img_2076_jpg.rf.c5ed5443c88cee03ab9010e4650acac2.jpg,train,640,640,1.0,0,0,0,92.89013671875,background
Img_2077_jpg.rf.06f21e66ffc14d765600cd996b29ae30.jpg,train,640,640,1.0,0,0,0,93.79052734375,background
Img_2078_jpg.rf.6a72435f27eabaa6b97260de00550d45.jpg,train,640,640,1.0,0,0,0,92.66455078125,background
Img_2079_jpg.rf.d45fb31524c4c9786ed0cc4496c4f1b5.jpg,train,640,640,1.0,0,0,0,91.86962890625,background
Img_207_jpg.rf.0b03a59f9680902c2e90d212ebe9fc78.jpg,train,640,640,1.0,0,0,0,120.93408203125,background
Img_2080_jpg.rf.13d1fd91f4c8df73221489be50d4cdec.jpg,train,640,640,1.0,0,0,0,91.705322265625,background
Img_2081_jpg.rf.0a9ddca68c876165e3e5c0c19519cf79.jpg,train,640,640,1.0,0,0,0,92.2255859375,background
Img_2083_jpg.rf.a0467f4b80b4bfe378dc932e007029ec.jpg,train,640,640,1.0,0,0,0,90.931396484375,background
Img_2087_jpg.rf.245cf730f3e5947f9a71879f97b875b1.jpg,train,640,640,1.0,0,0,0,90.893310546875,background
Img_2087_jpg.rf.aaa85ca9b85e94f9c41740e85b2f1557.jpg,train,640,640,1.0,0,0,0,90.91162109375,background
Img_2087_jpg.rf.d1f245a276f74e95caf8677ba6148b3f.jpg,train,640,640,1.0,0,0,0,90.91162109375,background
Img_2088_jpg.rf.1e40a7ec24d951ff39dd9c1742741fd8.jpg,train,640,640,1.0,0,0,0,91.35205078125,background
Img_2088_jpg.rf.60513e72829af2d006efe44e164abfd1.jpg,train,640,640,1.0,0,0,0,91.249755859375,background
Img_208_jpg.rf.191b9a68777cb143d6c845cb4b34e919.jpg,train,640,640,1.0,0,0,0,119.279296875,background
Img_2090_jpg.rf.28ac5e9c05792988fbd9a96f79251560.jpg,train,640,640,1.0,0,0,0,91.15869140625,background
Img_2090_jpg.rf.62337771139c227f62ac17b0b9ef5098.jpg,train,640,640,1.0,0,0,0,91.154052734375,background
Img_2091_jpg.rf.7ac10b3669c6afbe4b6caea9b14fe949.jpg,train,640,640,1.0,0,0,0,91.642822265625,background
Img_2092_jpg.rf.5f3f999ee0b7126c49a82cdc7ad448c8.jpg,train,640,640,1.0,0,0,0,92.597412109375,background
Img_2093_jpg.rf.626dbb928557ec177b515117b39e421c.jpg,train,640,640,1.0,0,0,0,91.614501953125,background
Img_2094_jpg.rf.372601a033d4c59ecd49bf729a076d7e.jpg,train,640,640,1.0,0,0,0,91.325439453125,background
Img_2094_jpg.rf.456fa59c7cace823108fd14076981309.jpg,train,640,640,1.0,0,0,0,91.36669921875,background
Img_2095_jpg.rf.9d467c459a9349d19d9f14db2ba26f17.jpg,train,640,640,1.0,0,0,0,91.439697265625,background
Img_2096_jpg.rf.dc210e29a29edb54ecccddd5d936ee86.jpg,train,640,640,1.0,0,0,0,101.1708984375,background
Img_2096_jpg.rf.e8489fb2bacc8043128a70205dd543a8.jpg,train,640,640,1.0,0,0,0,101.276611328125,background
Img_2097_jpg.rf.d24a8b42ef69ea51a6a4b5e2c2532c95.jpg,train,640,640,1.0,0,0,0,91.0849609375,background
Img_2099_jpg.rf.349c1fe6a7bdc00e6caca87fcc326197.jpg,train,640,640,1.0,0,0,0,89.67529296875,background
Img_2099_jpg.rf.e77af0c240947dd5c569e6c79a7b37bf.jpg,train,640,640,1.0,0,0,0,89.44091796875,background
Img_209_jpg.rf.1e858132cf8964a83aa2808571761fae.jpg,train,640,640,1.0,0,0,0,117.51953125,background
Img_20_jpg.rf.8639a9c48002cdf181225924e28618be.jpg,train,640,640,1.0,0,0,0,108.850341796875,background
Img_20_jpg.rf.f8ed1f831a42fbcdaacb5c6781141ea6.jpg,train,640,640,1.0,0,0,0,108.818603515625,background
Img_2100_jpg.rf.020a2e25e06714abedf2ab733ac05eab.jpg,train,640,640,1.0,0,0,0,90.267578125,background
Img_2101_jpg.rf.c3ba45541b62cd0e855d73e9ea0b9004.jpg,train,640,640,1.0,0,0,0,89.38916015625,background
Img_2103_jpg.rf.2744edf5b592138ac5071901866afee5.jpg,train,640,640,1.0,0,0,0,89.78662109375,background
Img_2103_jpg.rf.cbcba034c4b6640f1bd64b8af69f20e7.jpg,train,640,640,1.0,0,0,0,89.795654296875,background
Img_2105_jpg.rf.bb572c2beac2d939e100d5659829bc9d.jpg,train,640,640,1.0,0,0,0,89.566650390625,background
Img_2105_jpg.rf.be4e8a10ae9549ee3487b72f8dfe6284.jpg,train,640,640,1.0,0,0,0,89.385009765625,background
Img_2105_jpg.rf.e1f4d2a74e271571586427b44b12023b.jpg,train,640,640,1.0,0,0,0,89.582763671875,background
Img_2106_jpg.rf.a9952c6976623088ed0cea67df5cad1f.jpg,train,640,640,1.0,0,0,0,89.470703125,background
Img_2106_jpg.rf.f294653e0b2fb2bce1045bac368d4c6c.jpg,train,640,640,1.0,0,0,0,89.6787109375,background
Img_2107_jpg.rf.9de1b0f24d58c7e5784863432d07077d.jpg,train,640,640,1.0,0,0,0,90.251953125,background
Img_2108_jpg.rf.28ea0de2fcede74edf622b4343a25a42.jpg,train,640,640,1.0,0,0,0,89.885009765625,background
Img_2108_jpg.rf.abdec824ee3a385ef4dded3be4311d0f.jpg,train,640,640,1.0,0,0,0,89.6513671875,background
Img_2109_jpg.rf.ed136c7d898379a1c5977c9f51a04624.jpg,train,640,640,1.0,0,0,0,88.75439453125,background
Img_2109_jpg.rf.ed75dbe02aac599c040cd3829ed215a4.jpg,train,640,640,1.0,0,0,0,88.76318359375,background
Img_210_jpg.rf.5edac7b04273354dad66b605a26d6795.jpg,train,640,640,1.0,0,0,0,116.487060546875,background
Img_2110_jpg.rf.4e9225db84fdd6b190f422c1f86a789c.jpg,train,640,640,1.0,0,0,0,87.627685546875,background
Img_2110_jpg.rf.aed746af30f44e836cb0ef5722505590.jpg,train,640,640,1.0,0,0,0,87.627685546875,background
Img_2111_jpg.rf.9c2800988de76c8f6c589dc63ef9102f.jpg,train,640,640,1.0,0,0,0,87.562744140625,background
Img_2111_jpg.rf.b71fa084d5f2a189c2f9b73461d17212.jpg,train,640,640,1.0,0,0,0,87.7705078125,background
Img_2113_jpg.rf.5b372e10c9594e002ea9d22373099913.jpg,train,640,640,1.0,0,0,0,86.436767578125,background
Img_2113_jpg.rf.cc2cf03e4b7d94c346db62c89ad5ba8b.jpg,train,640,640,1.0,0,0,0,86.597900390625,background
Img_2114_jpg.rf.98e1e5ff3d1f61e79b8aa16f5156ea4a.jpg,train,640,640,1.0,0,0,0,86.855712890625,background
Img_2114_jpg.rf.b394a8b4bd0805f6e190c89a7e75f351.jpg,train,640,640,1.0,0,0,0,86.806396484375,background
Img_2115_jpg.rf.a0b6581feb92b885999e0e3f724d4391.jpg,train,640,640,1.0,0,0,0,88.00439453125,background
Img_2118_jpg.rf.6740b3028e96004a7628a43b551b7f01.jpg,train,640,640,1.0,0,0,0,87.633056640625,background
Img_2119_jpg.rf.8908606d6b79a047074295568859c65d.jpg,train,640,640,1.0,0,0,0,88.218994140625,background
Img_2119_jpg.rf.fa9ff01b77d3b755d817595681eb41a2.jpg,train,640,640,1.0,0,0,0,88.264404296875,background
Img_211_jpg.rf.2541ca3f56c3bf6daed8a78a179c2b0c.jpg,train,640,640,1.0,0,0,0,114.434814453125,background
Img_2120_jpg.rf.a309ba69761be445c8541fbbef8f515f.jpg,train,640,640,1.0,0,0,0,89.80322265625,background
Img_2122_jpg.rf.e8311192298b7cd453d311f294ce5f07.jpg,train,640,640,1.0,0,0,0,87.00732421875,background
Img_212_jpg.rf.9aceebab87f5b3edbbcd509ebf3ab818.jpg,train,640,640,1.0,0,0,0,114.268798828125,background
Img_213_jpg.rf.00a2a2deae804f7cf1c15f92e1045b90.jpg,train,640,640,1.0,0,0,0,114.5693359375,background
Img_213_jpg.rf.f160b721c58978a0ee2ae5c4f3ba0899.jpg,train,640,640,1.0,0,0,0,114.685302734375,background
Img_214_jpg.rf.2d1c5554c49debc12ec03c0fa726f827.jpg,train,640,640,1.0,0,0,0,114.218994140625,background
Img_214_jpg.rf.32fc9d0983360415f1d0e396660e7353.jpg,train,640,640,1.0,0,0,0,114.206787109375,background
Img_214_jpg.rf.c657e8cc64986e77bddd09e12fde3900.jpg,train,640,640,1.0,0,0,0,114.316650390625,background
Img_216_jpg.rf.23e35ed5ad075765eb6525b011a07d3f.jpg,train,640,640,1.0,0,0,0,115.146484375,background
Img_216_jpg.rf.730be33c1bfc98600ddd5a56d70f62ce.jpg,train,640,640,1.0,0,0,0,115.130615234375,background
Img_216_jpg.rf.889619d1c79bdd462e27c377c303a17a.jpg,train,640,640,1.0,0,0,0,115.16357421875,background
Img_217_jpg.rf.f84b5681048d9049030bb7eaaa71a289.jpg,train,640,640,1.0,0,0,0,116.010986328125,background
Img_218_jpg.rf.f54070832a0a7f28a373d288258f8fd4.jpg,train,640,640,1.0,0,0,0,116.281005859375,background
Img_219_jpg.rf.ad91680d53eaa1ee084482e1c1c4d44d.jpg,train,640,640,1.0,0,0,0,116.09326171875,background
Img_21_jpg.rf.7ebb6dbc04302dedb4efcc5f0cc1c7ad.jpg,train,640,640,1.0,0,0,0,109.17333984375,background
Img_21_jpg.rf.b4baf6a868cacf783b687527937756da.jpg,train,640,640,1.0,0,0,0,109.12158203125,background
Img_220_jpg.rf.830fe6830b566dde6201886a2d515fe0.jpg,train,640,640,1.0,0,0,0,100.922119140625,background
Img_222_jpg.rf.39f2da0f89da908f4852c2a2297e29c5.jpg,train,640,640,1.0,0,0,0,100.92626953125,background
Img_222_jpg.rf.e56743db6be8470ed1d087d8a506894a.jpg,train,640,640,1.0,0,0,0,101.03369140625,background
Img_223_jpg.rf.1d225d3951ae6369fff77361217a1c6c.jpg,train,640,640,1.0,0,0,0,100.71484375,background
Img_225_jpg.rf.0989e1124ae60edd412091f603ff9ce0.jpg,train,640,640,1.0,0,0,0,100.242431640625,background
Img_227_jpg.rf.039b8aecf6dfe3fee59ca91857be3ad9.jpg,train,640,640,1.0,0,0,0,98.709228515625,background
Img_227_jpg.rf.8215bce46c13c29b3daf7ebff9bce008.jpg,train,640,640,1.0,0,0,0,98.699462890625,background
Img_228_jpg.rf.a537dd96937b3e2a8ab5216dd0e61432.jpg,train,640,640,1.0,0,0,0,98.694580078125,background
Img_229_jpg.rf.076abf3539f731a8226c0aae22baf761.jpg,train,640,640,1.0,0,0,0,98.01708984375,background
Img_229_jpg.rf.b83b66ccfdcf1c630a2b3688d7a28dde.jpg,train,640,640,1.0,0,0,0,98.066650390625,background
Img_22_jpg.rf.100dcf289f2de79f1fd1add47dd8872a.jpg,train,640,640,1.0,0,0,0,109.82177734375,background
Img_230_jpg.rf.539f7f9be225205991494ce5d2ce7063.jpg,train,640,640,1.0,0,0,0,97.457275390625,background
Img_231_jpg.rf.4f5546f51a633730a876a225cd2e09cc.jpg,train,640,640,1.0,0,0,0,97.343994140625,background
Img_232_jpg.rf.8b60c0df1364fd069425be954614d06f.jpg,train,640,640,1.0,0,0,0,97.86328125,background
Img_232_jpg.rf.f3e3ee0cc340cb200fc67a500642cf61.jpg,train,640,640,1.0,0,0,0,97.8544921875,background
Img_233_jpg.rf.216fbefefce4af3b4f6428a828765604.jpg,train,640,640,1.0,0,0,0,97.94921875,background
Img_234_jpg.rf.5e3926b658ad5629e5aea4352e8a30fd.jpg,train,640,640,1.0,0,0,0,98.275634765625,background
Img_234_jpg.rf.82d59066d816253786f82d67a0b18e51.jpg,train,640,640,1.0,0,0,0,98.365478515625,background
Img_235_jpg.rf.f3031ff7e8b013c7cf747e2b8dffbb8f.jpg,train,640,640,1.0,0,0,0,98.647216796875,background
Img_236_jpg.rf.272f379910062050d87a12593e32058b.jpg,train,640,640,1.0,0,0,0,99.343505859375,background
Img_237_jpg.rf.a65a62fad3adb9189ed482d22a8c7d5f.jpg,train,640,640,1.0,0,0,0,99.338623046875,background
Img_239_jpg.rf.ee482183c6df847c50cb11416cea8060.jpg,train,640,640,1.0,0,0,0,99.658203125,background
Img_23_jpg.rf.0f69051e8a572eff615f6156a6d38e79.jpg,train,640,640,1.0,0,0,0,110.231689453125,background
Img_23_jpg.rf.b6b4bd369d01656bb84f20b357b6f54f.jpg,train,640,640,1.0,0,0,0,109.907470703125,background
Img_240_jpg.rf.bb28af92083943d39cc155b8f7a9ce4f.jpg,train,640,640,1.0,0,0,0,100.411865234375,background
Img_241_jpg.rf.5ab099b86d92077e4d9c6c2917e4130f.jpg,train,640,640,1.0,0,0,0,100.001220703125,background
Img_242_jpg.rf.7b8368483d8324e817b5438f21ba7a8a.jpg,train,640,640,1.0,0,0,0,99.67578125,background
Img_243_jpg.rf.adc7e11f49c2b301a55aec54326672bf.jpg,train,640,640,1.0,0,0,0,98.61083984375,background
Img_245_jpg.rf.ab337d92ee029b09701b340f9cd589a7.jpg,train,640,640,1.0,0,0,0,95.728759765625,background
Img_245_jpg.rf.bfda07a6129db474fcbbc41a37a868ae.jpg,train,640,640,1.0,0,0,0,95.697509765625,background
Img_246_jpg.rf.0425e11a6f384fb4c5330ce56d4446d2.jpg,train,640,640,1.0,0,0,0,95.069091796875,background
Img_246_jpg.rf.33a18d542fc07460a1fa849bc9505e5b.jpg,train,640,640,1.0,0,0,0,94.970458984375,background
Img_246_jpg.rf.69aeb2a7c8e30104ff7663fc7061205f.jpg,train,640,640,1.0,0,0,0,95.018798828125,background
Img_247_jpg.rf.acc75f3352b5b6203f36d2f0899d654a.jpg,train,640,640,1.0,0,0,0,94.682861328125,background
Img_247_jpg.rf.d7f4ff51d229ee4505a95097d60dc2a8.jpg,train,640,640,1.0,0,0,0,94.705810546875,background
Img_248_jpg.rf.e33663fe80eb492d0b50ff94bd2ea51e.jpg,train,640,640,1.0,0,0,0,94.03369140625,background
Img_249_jpg.rf.c65016ff4e2582d74e1333dffebf86ff.jpg,train,640,640,1.0,0,0,0,93.987060546875,background
Img_250_jpg.rf.1f0e624c9338628f6d5642e606cc4abe.jpg,train,640,640,1.0,0,0,0,93.552978515625,background
Img_252_jpg.rf.12f3908cb566bbb09c2debeca380b3fd.jpg,train,640,640,1.0,0,0,0,94.333984375,background
Img_253_jpg.rf.0f76565cc74ae422d047a64f60f7fc44.jpg,train,640,640,1.0,0,0,0,94.195068359375,background
Img_253_jpg.rf.aa936b781186e959e6304a4734ae54b0.jpg,train,640,640,1.0,0,0,0,94.085693359375,background
Img_254_jpg.rf.49a4802f03c87591f0419b41d8165187.jpg,train,640,640,1.0,0,0,0,94.692138671875,background
Img_254_jpg.rf.54ed9ea8c16e769da44701cf9000bce6.jpg,train,640,640,1.0,0,0,0,94.252685546875,background
Img_254_jpg.rf.feb7182f8526a9c4be029df15ee5af0e.jpg,train,640,640,1.0,0,0,0,94.291015625,background
Img_255_jpg.rf.dc7ce69de18c792a8428404496859d5a.jpg,train,640,640,1.0,0,0,0,94.407958984375,background
Img_256_jpg.rf.573de7843f65a4d23c034321b8334949.jpg,train,640,640,1.0,0,0,0,94.236572265625,background
Img_256_jpg.rf.594311de9c9a5110687be479824279c4.jpg,train,640,640,1.0,0,0,0,94.22705078125,background
Img_257_jpg.rf.86a910ea2655c8452150dc4255362302.jpg,train,640,640,1.0,0,0,0,94.489013671875,background
Img_258_jpg.rf.b51afcf3782d53ba6d50a43930369c85.jpg,train,640,640,1.0,0,0,0,94.319580078125,background
Img_258_jpg.rf.f727c042576303079a7eaa46c1adb07b.jpg,train,640,640,1.0,0,0,0,94.373291015625,background
Img_259_jpg.rf.e382dc23e0dc001213ff08549b267910.jpg,train,640,640,1.0,0,0,0,94.9775390625,background
Img_261_jpg.rf.3b80d37635a45574037c31c93b5c57d2.jpg,train,640,640,1.0,0,0,0,94.71484375,background
Img_261_jpg.rf.a5b64ddb56770ef42b9c402f0cac36c9.jpg,train,640,640,1.0,0,0,0,94.650390625,background
Img_262_jpg.rf.6586200db9522d03b45c215a96694040.jpg,train,640,640,1.0,0,0,0,95.102294921875,background
Img_262_jpg.rf.c1e8e5480a3a8f2d9d65ba551ff2fdc3.jpg,train,640,640,1.0,0,0,0,95.093017578125,background
Img_262_jpg.rf.eade0cce328af93eb57476640ee5ee2c.jpg,train,640,640,1.0,0,0,0,95.1865234375,background
Img_264_jpg.rf.0b6bcbeb8377b16ea17dc3dcc5535746.jpg,train,640,640,1.0,0,0,0,94.892822265625,background
Img_264_jpg.rf.fe9a77ee592c4b5d010c54ac191b86c0.jpg,train,640,640,1.0,0,0,0,94.839111328125,background
Img_265_jpg.rf.c9ee200121e2ef88bccf7210353108f7.jpg,train,640,640,1.0,0,0,0,95.302490234375,background
Img_268_jpg.rf.f466db499e289ca714df54cd286d1e2f.jpg,train,640,640,1.0,0,0,0,94.671875,background
Img_274_jpg.rf.14cf8774452ec3fe78cf9ddbcdf278b3.jpg,train,640,640,1.0,0,0,0,108.7841796875,background
Img_277_jpg.rf.385b58dcd636af2d39ae144c595c462b.jpg,train,640,640,1.0,0,0,0,103.293701171875,background
Img_277_jpg.rf.57cd00b0d91a4dd2a5d6c645ffd43768.jpg,train,640,640,1.0,0,0,0,103.71533203125,background
Img_277_jpg.rf.ed6f54061246ae1e1e58018e63907188.jpg,train,640,640,1.0,0,0,0,103.423095703125,background
Img_278_jpg.rf.4552865b3c41b907184d5fd32bbd915e.jpg,train,640,640,1.0,0,0,0,106.77099609375,background
Img_280_jpg.rf.4fe7ec15244591892d7597b8f322d49e.jpg,train,640,640,1.0,0,0,0,104.28173828125,background
Img_282_jpg.rf.5ed0446e26e4daffe2838a1197eb5d64.jpg,train,640,640,1.0,0,0,0,104.983642578125,background
Img_282_jpg.rf.cc99fc0c8750b0a5fd1da80364f87203.jpg,train,640,640,1.0,0,0,0,105.02880859375,background
Img_283_jpg.rf.08c5a679251afccd7fd59fa8f798949c.jpg,train,640,640,1.0,0,0,0,106.13427734375,background
Img_283_jpg.rf.21e015a9032df1defb55b85b960a2129.jpg,train,640,640,1.0,0,0,0,106.16455078125,background
Img_330_jpg.rf.95d6db713d3fdde5fd05ad60762ea6e8.jpg,train,640,640,1.0,0,0,0,124.1630859375,background
Img_330_jpg.rf.b2bfc6e94c9aff807ff6c6e21e05ab5a.jpg,train,640,640,1.0,0,0,0,124.22265625,background
Img_330_jpg.rf.cb3876ab201ece12653ed88dfb8ec49c.jpg,train,640,640,1.0,0,0,0,124.19140625,background
Img_333_jpg.rf.300967c9f6dcf82b2cdd3b30e2f34ca1.jpg,train,640,640,1.0,0,0,0,121.8896484375,background
Img_334_jpg.rf.00bbc3389156b382fe0c821f929e419d.jpg,train,640,640,1.0,0,0,0,120.008544921875,background
Img_334_jpg.rf.831e55f1c8d1849c95157eb5859fe6a1.jpg,train,640,640,1.0,0,0,0,120.063232421875,background
Img_335_jpg.rf.823fd5c7ca2a733bece6fdbaabc30d5d.jpg,train,640,640,1.0,0,0,0,119.196044921875,background
Img_337_jpg.rf.9e2584dc1905f8ee0aa36e6834339a6e.jpg,train,640,640,1.0,0,0,0,119.964111328125,background
Img_337_jpg.rf.eb09e91d6ef3d2a62c9b045e03262907.jpg,train,640,640,1.0,0,0,0,120.192138671875,background
Img_339_jpg.rf.6d1d15a22648ce2218ec6906db031361.jpg,train,640,640,1.0,0,0,0,120.587646484375,background
Img_339_jpg.rf.e6f174cb31927ff6cf05d366258a9de0.jpg,train,640,640,1.0,0,0,0,120.45654296875,background
Img_340_jpg.rf.402a25cddc5c4fd5c243e0d8c2236233.jpg,train,640,640,1.0,0,0,0,119.90771484375,background
Img_340_jpg.rf.b1d6be15279d0653d9df0156a4aca690.jpg,train,640,640,1.0,0,0,0,119.988037109375,background
Img_341_jpg.rf.531a7d4e06205067090f2b6b33a8f861.jpg,train,640,640,1.0,0,0,0,116.62646484375,background
Img_341_jpg.rf.6c63234c6f90da85eebf5f6667ce7854.jpg,train,640,640,1.0,0,0,0,116.58642578125,background
Img_346_jpg.rf.10d0fec331b7cb7d3f30e1bfe48bcb87.jpg,train,640,640,1.0,0,0,0,119.04052734375,background
Img_346_jpg.rf.6c724acf71de3e46a4f92bbc461ea44a.jpg,train,640,640,1.0,0,0,0,119.084228515625,background
Img_346_jpg.rf.bc1b949cc3ed73efb3b8984b9d092d89.jpg,train,640,640,1.0,0,0,0,119.080322265625,background
Img_347_jpg.rf.13540f727144ee993162e092cf8b7a20.jpg,train,640,640,1.0,0,0,0,120.4501953125,background
Img_347_jpg.rf.b49655607408a6e838523a16994c3278.jpg,train,640,640,1.0,0,0,0,120.429931640625,background
Img_348_jpg.rf.2907f7ef3b4bfcc68a136cc048535491.jpg,train,640,640,1.0,0,0,0,121.28857421875,background
Img_348_jpg.rf.78ed2950779957cb12544d3a27dc4b5a.jpg,train,640,640,1.0,0,0,0,121.27978515625,background
Img_349_jpg.rf.4010832ec63322c009dde194d6e275ba.jpg,train,640,640,1.0,0,0,0,122.5810546875,background
Img_350_jpg.rf.aaead660d006406f9c4038080df999b8.jpg,train,640,640,1.0,0,0,0,123.07470703125,background
Img_351_jpg.rf.bcce918e137a5bd7152df0149a44dfc3.jpg,train,640,640,1.0,0,0,0,122.728515625,background
Img_352_jpg.rf.b33b6fe186324e7091c03b7633241da8.jpg,train,640,640,1.0,0,0,0,119.57177734375,background
Img_354_jpg.rf.2ce346dbebd08a952aa72e532bf0da84.jpg,train,640,640,1.0,0,0,0,113.9755859375,background
Img_356_jpg.rf.d85a2fc175697b0e74f32aace33ef7ac.jpg,train,640,640,1.0,0,0,0,113.587646484375,background
Img_358_jpg.rf.3fafa3cb8d4e38abaac9bfffdab99f45.jpg,train,640,640,1.0,0,0,0,114.17529296875,background
Img_360_jpg.rf.616fae5ee7de27b8f1258ee8fcf925b7.jpg,train,640,640,1.0,0,0,0,114.7587890625,background
Img_361_jpg.rf.59d277a9a43345f5d96d8c2ae348c44e.jpg,train,640,640,1.0,0,0,0,114.51318359375,background
Img_361_jpg.rf.98ecb01975134e7933f2aff0032dfc8d.jpg,train,640,640,1.0,0,0,0,114.451171875,background
Img_361_jpg.rf.fe7fc81e239966186b64ea6d44af3021.jpg,train,640,640,1.0,0,0,0,114.52294921875,background
Img_363_jpg.rf.38eb1c748cf5aaa56021073f0c821427.jpg,train,640,640,1.0,0,0,0,113.7578125,background
Img_364_jpg.rf.2b86287232daaeae84e5c0841178e155.jpg,train,640,640,1.0,0,0,0,111.068603515625,background
Img_364_jpg.rf.cc3341e8f4bc9dd771a47082e59dceee.jpg,train,640,640,1.0,0,0,0,111.12255859375,background
Img_364_jpg.rf.d0f0cc150cd76421addb645d1f47015f.jpg,train,640,640,1.0,0,0,0,111.139892578125,background
Img_365_jpg.rf.f96cdb75c942d6c21c72420441d20a35.jpg,train,640,640,1.0,0,0,0,107.33544921875,background
Img_366_jpg.rf.5b4ede53af948f8422609ebee9af3c0c.jpg,train,640,640,1.0,0,0,0,102.58447265625,background
Img_366_jpg.rf.9c43868087240cffca8d0fcb1f8d5dc8.jpg,train,640,640,1.0,0,0,0,102.581298828125,background
Img_367_jpg.rf.87585aaf74db9de0abd3be8b9275f041.jpg,train,640,640,1.0,0,0,0,101.84619140625,background
Img_368_jpg.rf.07984fc5b02bfc792b04b036b5233f06.jpg,train,640,640,1.0,0,0,0,102.688720703125,background
Img_368_jpg.rf.f06f8d31889fb2b00f3d37330821abb7.jpg,train,640,640,1.0,0,0,0,102.78076171875,background
Img_369_jpg.rf.405c88d847443a7f722825304f901f16.jpg,train,640,640,1.0,0,0,0,102.940673828125,background
Img_369_jpg.rf.46457a0fd002c16b32e9aac14d86df81.jpg,train,640,640,1.0,0,0,0,102.85546875,background
Img_369_jpg.rf.804d04bb13e7603dc004506ba713e910.jpg,train,640,640,1.0,0,0,0,102.871337890625,background
Img_371_jpg.rf.c75140545bd3d22f68d887e972706213.jpg,train,640,640,1.0,0,0,0,104.9326171875,background
Img_371_jpg.rf.d9c4b636cbd077da57bf28eba01bc0a8.jpg,train,640,640,1.0,0,0,0,104.788330078125,background
Img_372_jpg.rf.3b5f1aca5935dfad9832e8b11f471015.jpg,train,640,640,1.0,0,0,0,104.708740234375,background
Img_374_jpg.rf.0be105c863414474dbeebe89b3e6f7f2.jpg,train,640,640,1.0,0,0,0,102.058349609375,background
Img_375_jpg.rf.92a7742ef08714ce19c72088e3696899.jpg,train,640,640,1.0,0,0,0,101.18359375,background
Img_376_jpg.rf.5f630b6c9317e101c58cfa64acf4bb5c.jpg,train,640,640,1.0,0,0,0,99.738037109375,background
Img_378_jpg.rf.b9d0b3e841515bd397ca6541f733c543.jpg,train,640,640,1.0,0,0,0,104.8916015625,background
Img_378_jpg.rf.f48f826e1dc0e8b2008c9411d3aa476c.jpg,train,640,640,1.0,0,0,0,104.85498046875,background
Img_379_jpg.rf.aa9bae5757e0bbec0730f74b2688a474.jpg,train,640,640,1.0,0,0,0,105.561767578125,background
Img_384_jpg.rf.dd1092509edcd9975cc509a4fbf13f86.jpg,train,640,640,1.0,0,0,0,111.7099609375,background
Img_385_jpg.rf.f39e2e9bfa34753755512ca18ac7914d.jpg,train,640,640,1.0,0,0,0,111.685546875,background
Img_386_jpg.rf.47409636aa1520e425a9487fd587a727.jpg,train,640,640,1.0,0,0,0,112.06640625,background
Img_386_jpg.rf.b82abbd345196702efaf92baefb16e89.jpg,train,640,640,1.0,0,0,0,112.064453125,background
Img_386_jpg.rf.c553cf2a958424af0a2a27c92c6771bf.jpg,train,640,640,1.0,0,0,0,112.179443359375,background
Img_388_jpg.rf.0a1f66bc264d151039b4c8f6886a7773.jpg,train,640,640,1.0,0,0,0,111.203857421875,background
Img_388_jpg.rf.1c4355de7339b21446502c861dc71b9a.jpg,train,640,640,1.0,0,0,0,111.186279296875,background
Img_389_jpg.rf.7bbc786244e1d9cf81de8b81ad275b98.jpg,train,640,640,1.0,0,0,0,104.660400390625,background
Img_389_jpg.rf.c827b4d779d568f4eab20ebad4f8b646.jpg,train,640,640,1.0,0,0,0,104.714599609375,background
Img_391_jpg.rf.0d11c90c5bc71d13f944495603c2acec.jpg,train,640,640,1.0,0,0,0,101.70556640625,background
Img_392_jpg.rf.ddb75589da504a35a0f6d7187b007997.jpg,train,640,640,1.0,0,0,0,98.28759765625,background
Img_393_jpg.rf.df7013db5bced4e4e8723956c7f310a7.jpg,train,640,640,1.0,0,0,0,97.439697265625,background
Img_394_jpg.rf.a7e148f7b7cdfa8c75234f372183944f.jpg,train,640,640,1.0,0,0,0,98.074462890625,background
Img_395_jpg.rf.10802bd9c41b8e16c0c978f058064737.jpg,train,640,640,1.0,0,0,0,98.697509765625,background
Img_395_jpg.rf.a0d0fc1176577177389f0558af710187.jpg,train,640,640,1.0,0,0,0,98.63232421875,background
Img_396_jpg.rf.589080103901b64625ca9b51d5596024.jpg,train,640,640,1.0,0,0,0,97.99951171875,background
Img_396_jpg.rf.6f986e6698fb9bd5327fb52fa8241e61.jpg,train,640,640,1.0,0,0,0,98.128173828125,background
Img_396_jpg.rf.7240e3f4d5ba7f9cba61c24abd2b61fe.jpg,train,640,640,1.0,0,0,0,97.987548828125,background
Img_397_jpg.rf.11b754c1a66e9cf4cf3fb59662d4f05a.jpg,train,640,640,1.0,0,0,0,97.363037109375,background
Img_397_jpg.rf.70fbc851f430c43b330e168ed96b6115.jpg,train,640,640,1.0,0,0,0,97.39453125,background
Img_398_jpg.rf.540422f8d19890e4fbd7c7aecb0d19b7.jpg,train,640,640,1.0,0,0,0,99.989013671875,background
Img_399_jpg.rf.f2d2ce4be5d8e75678a5dbd1c056fd56.jpg,train,640,640,1.0,0,0,0,102.0146484375,background
Img_399_jpg.rf.fa5db44b8a1d7cd521e2586c8b797dfb.jpg,train,640,640,1.0,0,0,0,102.17236328125,background
Img_3_jpg.rf.2b9adbba853b8371951a5d4ced3fcb18.jpg,train,640,640,1.0,0,0,0,106.627197265625,background
Img_400_jpg.rf.1957136ee9bf26a35a70dbd605dc6545.jpg,train,640,640,1.0,0,0,0,96.62744140625,background
Img_400_jpg.rf.dbac1f41dee7c4654c19ce37878f9b71.jpg,train,640,640,1.0,0,0,0,96.690673828125,background
Img_403_jpg.rf.3c62d575ddd3e38a745c9ff3ffdeff96.jpg,train,640,640,1.0,0,0,0,94.055908203125,background
Img_405_jpg.rf.b2078bb490478fdbe406b3704c65894c.jpg,train,640,640,1.0,0,0,0,92.29931640625,background
Img_405_jpg.rf.cbfabd68313f183cdcf4285512eebfb1.jpg,train,640,640,1.0,0,0,0,92.2197265625,background
Img_407_jpg.rf.5666840f472357f6b36302870c71e55d.jpg,train,640,640,1.0,0,0,0,98.37548828125,background
Img_409_jpg.rf.3a4d8a113b94ad9b6aaba654efba921e.jpg,train,640,640,1.0,0,0,0,94.57373046875,background
Img_409_jpg.rf.52d5494d682837863565daac7432168f.jpg,train,640,640,1.0,0,0,0,94.65087890625,background
Img_410_jpg.rf.f1836f3ee0968def869fed122d372d7c.jpg,train,640,640,1.0,0,0,0,92.128662109375,background
Img_411_jpg.rf.6de753c005a77a3f4b7df39909bb9bb9.jpg,train,640,640,1.0,0,0,0,92.603515625,background
Img_411_jpg.rf.9012c60f26adcf4c70f27c7a77df486c.jpg,train,640,640,1.0,0,0,0,92.57666015625,background
Img_411_jpg.rf.a7bbc6e6241707423f58fc7d0ce80455.jpg,train,640,640,1.0,0,0,0,92.63427734375,background
Img_413_jpg.rf.58d96ba5313e01e1dba997441d2dcada.jpg,train,640,640,1.0,0,0,0,94.11279296875,background
Img_413_jpg.rf.d7aca2e1671b370832f4299255e6e1f1.jpg,train,640,640,1.0,0,0,0,94.03662109375,background
Img_414_jpg.rf.1a0bca166a11fb20faa3cd9720047e00.jpg,train,640,640,1.0,0,0,0,91.22705078125,background
Img_414_jpg.rf.bd659870a5ac95988b3d03e1c3b8ac68.jpg,train,640,640,1.0,0,0,0,91.19921875,background
Img_415_jpg.rf.c9a256054132c895a4cbfc7cc2a66a66.jpg,train,640,640,1.0,0,0,0,94.270263671875,background
Img_417_jpg.rf.de09bfd9bdbb47938d8a8cba33bd7993.jpg,train,640,640,1.0,0,0,0,93.03759765625,background
Img_419_jpg.rf.1ad61cbfd17bc3b7b08d8511f82f6c50.jpg,train,640,640,1.0,0,0,0,88.087158203125,background
Img_419_jpg.rf.cc081dcc986c474a17ffdc22db4999ba.jpg,train,640,640,1.0,0,0,0,88.12939453125,background
Img_420_jpg.rf.3b50aaface2c76b4a56faac301398bcb.jpg,train,640,640,1.0,0,0,0,87.199951171875,background
Img_420_jpg.rf.9955f7c0df567206d81a008bb61cf0f3.jpg,train,640,640,1.0,0,0,0,87.203125,background
Img_420_jpg.rf.e9478d713a62dd1b162242df21b764de.jpg,train,640,640,1.0,0,0,0,87.13818359375,background
Img_422_jpg.rf.7d1a863fb009a5dda6d2320b9a7720e4.jpg,train,640,640,1.0,0,0,0,94.078125,background
Img_423_jpg.rf.8a3f3db84770fb197870c1748ba13ddf.jpg,train,640,640,1.0,0,0,0,92.618896484375,background
Img_424_jpg.rf.e93b4922d60b1dfc2f624ce29f11c85c.jpg,train,640,640,1.0,0,0,0,89.639404296875,background
Img_425_jpg.rf.305c677642eb3a1d133a21767f370180.jpg,train,640,640,1.0,0,0,0,88.1298828125,background
Img_426_jpg.rf.1a06969f23a567c5e9be173baff57a69.jpg,train,640,640,1.0,0,0,0,87.2216796875,background
Img_427_jpg.rf.be5b23082f86f7ea82989b352ae01c9e.jpg,train,640,640,1.0,0,0,0,88.35400390625,background
Img_427_jpg.rf.bf61cefdd4d2ca0fff07b094a6c0f255.jpg,train,640,640,1.0,0,0,0,88.418212890625,background
Img_428_jpg.rf.7635662e40b46daac81ce2351a21d13f.jpg,train,640,640,1.0,0,0,0,91.427001953125,background
Img_428_jpg.rf.85799cf12f37609ec273cb3b32d3c540.jpg,train,640,640,1.0,0,0,0,91.441650390625,background
Img_429_jpg.rf.4244ead02405cb5bc53340779d41addb.jpg,train,640,640,1.0,0,0,0,89.956298828125,background
Img_430_jpg.rf.1b288fbc66d05cb4fa9b2399a3f4b2e2.jpg,train,640,640,1.0,0,0,0,103.684814453125,background
Img_430_jpg.rf.f06cd053089f2c6a35d6947500a36d34.jpg,train,640,640,1.0,0,0,0,103.792236328125,background
Img_431_jpg.rf.d961327896345f437970ad2c5feb231b.jpg,train,640,640,1.0,0,0,0,103.641357421875,background
Img_432_jpg.rf.96ffff761933226a8f0e236abc29912b.jpg,train,640,640,1.0,0,0,0,104.73388671875,background
Img_433_jpg.rf.0fef9bf499969c99aed1fb05e9a67028.jpg,train,640,640,1.0,0,0,0,105.98974609375,background
Img_433_jpg.rf.f2fe068ab2d604ab37b55b9317a1d4ff.jpg,train,640,640,1.0,0,0,0,106.069580078125,background
Img_434_jpg.rf.9145448cb5e28f8db00aa984b01fcbfe.jpg,train,640,640,1.0,0,0,0,103.9921875,background
Img_434_jpg.rf.ed11819be6bf344dfb25533d870efc7d.jpg,train,640,640,1.0,0,0,0,104.031982421875,background
Img_434_jpg.rf.f964e4b43565169d3c158e61318ce2f4.jpg,train,640,640,1.0,0,0,0,104.130126953125,background
Img_435_jpg.rf.4e100f9111cbd3f92f75ec92622a3744.jpg,train,640,640,1.0,0,0,0,104.744384765625,background
Img_436_jpg.rf.e64ead1d05a45726085824e1367d5ae1.jpg,train,640,640,1.0,0,0,0,104.966796875,background
Img_437_jpg.rf.58b1f26ea5219b2038455f5b50a9cc89.jpg,train,640,640,1.0,0,0,0,104.19775390625,background
Img_437_jpg.rf.ca092923206702da64c1d7df49f17517.jpg,train,640,640,1.0,0,0,0,104.226806640625,background
Img_438_jpg.rf.80809826e2932148abdc91e60a8c7ded.jpg,train,640,640,1.0,0,0,0,104.507080078125,background
Img_439_jpg.rf.773717e4082641349218401d7a5911ec.jpg,train,640,640,1.0,0,0,0,104.28369140625,background
Img_439_jpg.rf.d998b929644ebd4696dd00523c942704.jpg,train,640,640,1.0,0,0,0,104.267822265625,background
Img_439_jpg.rf.d9a0d4009bdc7774e9536d171eb0ef82.jpg,train,640,640,1.0,0,0,0,104.2646484375,background
Img_440_jpg.rf.132eda6bd9f41e55e03be904bf25054a.jpg,train,640,640,1.0,0,0,0,104.2861328125,background
Img_440_jpg.rf.465916ff0582b0c18090374b29997c5e.jpg,train,640,640,1.0,0,0,0,104.374267578125,background
Img_443_jpg.rf.0912d836c49b8a917a7d7c584bdea4e4.jpg,train,640,640,1.0,0,0,0,103.80126953125,background
Img_444_jpg.rf.bb4f694ddc20cc393c9cca1a24d9d691.jpg,train,640,640,1.0,0,0,0,103.839599609375,background
Img_446_jpg.rf.080703022b481448b385248d8b3837e0.jpg,train,640,640,1.0,0,0,0,103.74755859375,background
Img_446_jpg.rf.4b61c08608592c975e0909638d943f13.jpg,train,640,640,1.0,0,0,0,103.725830078125,background
Img_447_jpg.rf.f38f3ea978dcc1095c4dc57d0d31894c.jpg,train,640,640,1.0,0,0,0,103.57177734375,background
Img_448_jpg.rf.2e68d12612bc8473a370363210ea9959.jpg,train,640,640,1.0,0,0,0,103.436279296875,background
Img_450_jpg.rf.d988b997b607ae9d32d10954887943ec.jpg,train,640,640,1.0,0,0,0,100.937255859375,background
Img_454_jpg.rf.b1ae5762cd0c54c8bed457ec9d02fef5.jpg,train,640,640,1.0,0,0,0,101.70263671875,background
Img_454_jpg.rf.d543961c31c5ae4f5831c750e3947744.jpg,train,640,640,1.0,0,0,0,101.591064453125,background
Img_454_jpg.rf.eeced839df50d37c9bb3288f3363ddb4.jpg,train,640,640,1.0,0,0,0,101.68359375,background
Img_455_jpg.rf.c8a77ec3a4555cbdc2ba981d27c388bf.jpg,train,640,640,1.0,0,0,0,103.590576171875,background
Img_456_jpg.rf.79103d045a782494b7dad0cd3893e835.jpg,train,640,640,1.0,0,0,0,101.4296875,background
Img_457_jpg.rf.2c4b0ac1c9dd8190b2829342ccb040ee.jpg,train,640,640,1.0,0,0,0,101.64697265625,background
Img_457_jpg.rf.62b3a2faea239fe83d6847880b7b4814.jpg,train,640,640,1.0,0,0,0,101.645263671875,background
Img_458_jpg.rf.d661261ecaa4f65c1be0bd7ee2b7a0ae.jpg,train,640,640,1.0,0,0,0,102.817626953125,background
Img_459_jpg.rf.0bd1e328a7fe257b253f63f4260aaf98.jpg,train,640,640,1.0,0,0,0,103.087158203125,background
Img_460_jpg.rf.1d6dc198c2f842e87b9837d0239acdb5.jpg,train,640,640,1.0,0,0,0,103.87548828125,background
Img_460_jpg.rf.641cb0f45b5ed4d820f32878df2974cc.jpg,train,640,640,1.0,0,0,0,103.8818359375,background
Img_461_jpg.rf.22917010fc4af621b9cc93e1ae38e84b.jpg,train,640,640,1.0,0,0,0,105.262451171875,background
Img_461_jpg.rf.73c2a655402b78028a03bf32e25f1082.jpg,train,640,640,1.0,0,0,0,105.26708984375,background
Img_461_jpg.rf.f7471f7264d13a66b43d7bb0c060c95a.jpg,train,640,640,1.0,0,0,0,105.143798828125,background
Img_463_jpg.rf.144aabb25c5c3cce65447e63ad16c485.jpg,train,640,640,1.0,0,0,0,105.936767578125,background
Img_464_jpg.rf.76ea23958db46780cec285ddfe375f63.jpg,train,640,640,1.0,0,0,0,106.92333984375,background
Img_464_jpg.rf.773c35b96fca349d6ee3c84bda661c00.jpg,train,640,640,1.0,0,0,0,106.81591796875,background
Img_465_jpg.rf.6788e2bd15add55e0979d494e22981e7.jpg,train,640,640,1.0,0,0,0,106.135498046875,background
Img_465_jpg.rf.cb2ba13d289303204ee8259059c7f55e.jpg,train,640,640,1.0,0,0,0,106.25341796875,background
Img_467_jpg.rf.2676ae8ef979c449a90016f5f7cfe50b.jpg,train,640,640,1.0,0,0,0,105.231201171875,background
Img_468_jpg.rf.645beb47a1888846d46b90b733dfda0d.jpg,train,640,640,1.0,0,0,0,106.046875,background
Img_469_jpg.rf.279a4820033fd4a9002d9df02d69e75c.jpg,train,640,640,1.0,0,0,0,105.81005859375,background
Img_470_jpg.rf.c0cd8a9e8a4bb019ea21a365126cd8ba.jpg,train,640,640,1.0,0,0,0,104.71044921875,background
Img_471_jpg.rf.66905c470a80f3b42668da5f10c45e3a.jpg,train,640,640,1.0,0,0,0,104.030517578125,background
Img_472_jpg.rf.559986a365167820d17c9b49ab68a3ec.jpg,train,640,640,1.0,0,0,0,104.577392578125,background
Img_472_jpg.rf.65714539e09d6804ec0575be57fc2a24.jpg,train,640,640,1.0,0,0,0,104.44580078125,background
Img_472_jpg.rf.c17dcf7a8e2925fdf1ac1083d2521182.jpg,train,640,640,1.0,0,0,0,104.491943359375,background
Img_473_jpg.rf.075bc15da2e40d1985f1e48343442274.jpg,train,640,640,1.0,0,0,0,104.139404296875,background
Img_473_jpg.rf.9ac05b2238ca3675fc5a5d23536a8985.jpg,train,640,640,1.0,0,0,0,104.14453125,background
Img_473_jpg.rf.b4f8516d75945178360f281f872a9720.jpg,train,640,640,1.0,0,0,0,104.14306640625,background
Img_475_jpg.rf.e570741bdebe3acb2503f2409f85efbd.jpg,train,640,640,1.0,0,0,0,108.14306640625,background
Img_476_jpg.rf.22fc844ef36fea4491aaa3dfb908bf54.jpg,train,640,640,1.0,0,0,0,108.331298828125,background
Img_476_jpg.rf.44c78c5a663d09f7c4e7b5da89e08157.jpg,train,640,640,1.0,0,0,0,108.263916015625,background
Img_477_jpg.rf.4eb36a61cf2323c7ca78ac01b679d15d.jpg,train,640,640,1.0,0,0,0,112.112060546875,background
Img_477_jpg.rf.f72724038f1ef80c3b87d02c23ae130b.jpg,train,640,640,1.0,0,0,0,112.2431640625,background
Img_478_jpg.rf.588d12ec206405a8bb52d4abddaa16fa.jpg,train,640,640,1.0,0,0,0,113.256103515625,background
Img_478_jpg.rf.9cb9f6962533eff269f8b740bbfc2cbe.jpg,train,640,640,1.0,0,0,0,113.172607421875,background
Img_478_jpg.rf.9d83c7aa377253bb8383399efd0eae17.jpg,train,640,640,1.0,0,0,0,113.140380859375,background
Img_479_jpg.rf.51b9f8e0fd0813d5805336189fde7768.jpg,train,640,640,1.0,0,0,0,114.1298828125,background
Img_479_jpg.rf.83c919f6effc379f82867015d266da51.jpg,train,640,640,1.0,0,0,0,114.041015625,background
Img_482_jpg.rf.48797de4e84301d2b0e6953ca045db53.jpg,train,640,640,1.0,0,0,0,114.422607421875,background
Img_482_jpg.rf.f054355e5f039cb951a8d1ee5fbdf232.jpg,train,640,640,1.0,0,0,0,114.49609375,background
Img_485_jpg.rf.2081bff650e8d6d6eeeb2fc203ae9331.jpg,train,640,640,1.0,0,0,0,118.90673828125,background
Img_485_jpg.rf.fee4b70176c0de5e2645bbb9d05d3c19.jpg,train,640,640,1.0,0,0,0,118.866455078125,background
Img_487_jpg.rf.12e08ea7bdebc0abe73fa6b2920e6dc1.jpg,train,640,640,1.0,0,0,0,121.22021484375,background
Img_488_jpg.rf.e1d903def61bb9bf9d73f073e155a732.jpg,train,640,640,1.0,0,0,0,114.962890625,background
Img_489_jpg.rf.51289bd56dd52cc700a4d22f330b9718.jpg,train,640,640,1.0,0,0,0,118.72802734375,background
Img_489_jpg.rf.f29fd1daaf45946ab7c9b8bf2aef4741.jpg,train,640,640,1.0,0,0,0,118.76611328125,background
Img_490_jpg.rf.4af915b176410886c7e1647a8438d8e2.jpg,train,640,640,1.0,0,0,0,111.025634765625,background
Img_490_jpg.rf.ab4d439c83b52b27f78806a9dce89662.jpg,train,640,640,1.0,0,0,0,111.08349609375,background
Img_491_jpg.rf.43263fe36753320552ec95af2f7742ef.jpg,train,640,640,1.0,0,0,0,102.643798828125,background
Img_494_jpg.rf.1566793f079b1024bfe65a848a6c33fc.jpg,train,640,640,1.0,0,0,0,100.014404296875,background
Img_494_jpg.rf.68ef451e4396b20277c24bf653aefa70.jpg,train,640,640,1.0,0,0,0,99.96142578125,background
Img_496_jpg.rf.654049dca95954a29bff369479348073.jpg,train,640,640,1.0,0,0,0,101.233154296875,background
Img_496_jpg.rf.924a517039e0e5b3ae21c050ca38b9f7.jpg,train,640,640,1.0,0,0,0,101.114013671875,background
Img_497_jpg.rf.a6f642ea58e0d18907342065bbd178ed.jpg,train,640,640,1.0,0,0,0,100.818115234375,background
Img_497_jpg.rf.dfa343d9143c602dbdc083798ebb9ef4.jpg,train,640,640,1.0,0,0,0,100.76171875,background
Img_497_jpg.rf.f01c7b7135660941526d96a0d986acf6.jpg,train,640,640,1.0,0,0,0,100.76123046875,background
Img_498_jpg.rf.449821ae2f7f654a6bd47531afbb28f7.jpg,train,640,640,1.0,0,0,0,100.81689453125,background
Img_498_jpg.rf.a9365cebeadd0580f03c4701a3d93d61.jpg,train,640,640,1.0,0,0,0,100.8427734375,background
Img_498_jpg.rf.e0f4de1b5d1cb98f94684234ba2dfe3d.jpg,train,640,640,1.0,0,0,0,100.7861328125,background
Img_499_jpg.rf.449e4245d1bf35750b2d7d49881f0340.jpg,train,640,640,1.0,0,0,0,97.51953125,background
Img_499_jpg.rf.c7022ce41fedfdde3f6bddd1436a27f5.jpg,train,640,640,1.0,0,0,0,97.53076171875,background
Img_500_jpg.rf.92412fb86232d2379cf7756b1d30783d.jpg,train,640,640,1.0,0,0,0,99.08349609375,background
Img_501_jpg.rf.dcce2eabd3312adda0233de56b2eb101.jpg,train,640,640,1.0,0,0,0,97.959716796875,background
Img_502_jpg.rf.d4fcd6d44aabcfcffc0318f48b88e4b8.jpg,train,640,640,1.0,0,0,0,98.2783203125,background
Img_503_jpg.rf.38d9a25fc73b7441b73498f5518df1c9.jpg,train,640,640,1.0,0,0,0,98.50244140625,background
Img_504_jpg.rf.3ed935411d7b8127fa194b4753171c0d.jpg,train,640,640,1.0,0,0,0,97.744384765625,background
Img_505_jpg.rf.94a776a0758a0a56ada0906c96306f79.jpg,train,640,640,1.0,0,0,0,99.7158203125,background
Img_506_jpg.rf.7ab585318fca7892c2a7ef8c1c8e5f95.jpg,train,640,640,1.0,0,0,0,70.3720703125,background
Img_508_jpg.rf.65a97a999cb055fbb74336934d5a087c.jpg,train,640,640,1.0,0,0,0,69.037353515625,background
Img_509_jpg.rf.68d5d81111ca335bc328f4dda9f80ee3.jpg,train,640,640,1.0,0,0,0,74.482177734375,background
Img_509_jpg.rf.8416240d7803e79f4e48dda1e74bcd56.jpg,train,640,640,1.0,0,0,0,74.482666015625,background
Img_509_jpg.rf.d3bb9e5f274052b4512805b94f2326ba.jpg,train,640,640,1.0,0,0,0,74.468017578125,background
Img_510_jpg.rf.5079ae5c8e0924b692a941fb63e27619.jpg,train,640,640,1.0,0,0,0,72.2421875,background
Img_513_jpg.rf.e87855657c43cff146b58b3fb9219cbb.jpg,train,640,640,1.0,0,0,0,71.68505859375,background
Img_514_jpg.rf.5e1f8bbf2048ff50b5127f56c87f7c58.jpg,train,640,640,1.0,0,0,0,72.033935546875,background
Img_517_jpg.rf.2e6a8d8840b25d8fef7571d28dbe653e.jpg,train,640,640,1.0,0,0,0,72.159423828125,background
Img_519_jpg.rf.5b7d98f66e0ccd0b5cfafdb6ddc0c8e9.jpg,train,640,640,1.0,0,0,0,74.164306640625,background
Img_519_jpg.rf.7171c831a05338f4a874ef9fd34b8b97.jpg,train,640,640,1.0,0,0,0,74.16162109375,background
Img_521_jpg.rf.213e8a321de6dafa8822611ceaa81a75.jpg,train,640,640,1.0,0,0,0,70.767578125,background
Img_521_jpg.rf.f41deaf411e8c79b3d7415ab0dd93492.jpg,train,640,640,1.0,0,0,0,70.40625,background
Img_523_jpg.rf.406f68c72994be3f4748a8b1a3393316.jpg,train,640,640,1.0,0,0,0,67.601806640625,background
Img_526_jpg.rf.13f678f167fb976c4746052cfc9f5691.jpg,train,640,640,1.0,0,0,0,74.31884765625,background
Img_526_jpg.rf.4192959ff3c89f8527ca5aa263bb854b.jpg,train,640,640,1.0,0,0,0,74.312255859375,background
Img_527_jpg.rf.2c4c41b2d7947db7bf61484555c0c92d.jpg,train,640,640,1.0,0,0,0,71.611083984375,background
Img_527_jpg.rf.eb7ab086c7e36ce2ed6873a68b32d2a4.jpg,train,640,640,1.0,0,0,0,71.333251953125,background
Img_528_jpg.rf.74f30833787d347f231f1b683e2aa17c.jpg,train,640,640,1.0,0,0,0,69.05078125,background
Img_528_jpg.rf.fa5fe210a95ab51fc9b5594164d4fe01.jpg,train,640,640,1.0,0,0,0,69.07958984375,background
Img_529_jpg.rf.4379550e0d9cc16ab2664178c7d0bd84.jpg,train,640,640,1.0,0,0,0,73.70458984375,background
Img_532_jpg.rf.23392f5553413037ce7979f3cd6b748f.jpg,train,640,640,1.0,0,0,0,68.955078125,background
Img_532_jpg.rf.68ae1e8e8a8dda5ca745e158477b7188.jpg,train,640,640,1.0,0,0,0,68.848388671875,background
Img_534_jpg.rf.9ba7fa605bd3316c3a4d93cb4dbe593d.jpg,train,640,640,1.0,0,0,0,62.4140625,background
Img_535_jpg.rf.28a879843e7c32e917c7545f1c5a49f8.jpg,train,640,640,1.0,0,0,0,68.9228515625,background
Img_535_jpg.rf.badfee7098bd539b4ecc12018b459bce.jpg,train,640,640,1.0,0,0,0,68.95751953125,background
Img_535_jpg.rf.d50ba5f11207146f27d2d06c79395a26.jpg,train,640,640,1.0,0,0,0,68.997802734375,background
Img_536_jpg.rf.bdd81cc6a651dc7b370e183fe583eeb7.jpg,train,640,640,1.0,0,0,0,73.27294921875,background
Img_538_jpg.rf.1beee1399c1b73a690a20be7d2833e4c.jpg,train,640,640,1.0,0,0,0,71.314208984375,background
Img_539_jpg.rf.2dce7918ceac415e157d3f6bd994d00e.jpg,train,640,640,1.0,0,0,0,62.181640625,background
Img_540_jpg.rf.c86cc110740a5f494363fb27c4302303.jpg,train,640,640,1.0,0,0,0,70.182861328125,background
Img_544_jpg.rf.49b800a9162c20980f030c0de8beb5b6.jpg,train,640,640,1.0,0,0,0,66.935302734375,background
Img_545_jpg.rf.b78434e0a6bbddb5382c9860db0bf384.jpg,train,640,640,1.0,0,0,0,69.614013671875,background
Img_545_jpg.rf.cb01bc482842152c0427fc8fcc9ffb50.jpg,train,640,640,1.0,0,0,0,69.714111328125,background
Img_547_jpg.rf.8c87f9e834f14a5eccfcca49919545bc.jpg,train,640,640,1.0,0,0,0,69.88916015625,background
Img_551_jpg.rf.72429e92a25440ad48a03bae4f6c926c.jpg,train,640,640,1.0,0,0,0,71.0595703125,background
Img_553_jpg.rf.7b91635b5a9f1b4a75c9216e0c5a9371.jpg,train,640,640,1.0,0,0,0,69.70703125,background
Img_553_jpg.rf.982404ac4954aedd672dedc276054dcd.jpg,train,640,640,1.0,0,0,0,69.804443359375,background
Img_554_jpg.rf.09e8a68a5903167e9f7ffd0e384dfba6.jpg,train,640,640,1.0,0,0,0,74.584228515625,background
Img_554_jpg.rf.2a06d94b47211e89f281fcced5b99ee7.jpg,train,640,640,1.0,0,0,0,74.387939453125,background
Img_555_jpg.rf.83aad2605b52fda45b6627c8bfd6f664.jpg,train,640,640,1.0,0,0,0,65.4052734375,background
Img_557_jpg.rf.23aa6cc16d0ed914a4f361394b9e001b.jpg,train,640,640,1.0,0,0,0,65.6904296875,background
Img_557_jpg.rf.43558507df463ec4e35f20a4a56899be.jpg,train,640,640,1.0,0,0,0,65.6904296875,background
Img_560_jpg.rf.153108aa711a311dd12ce3889e92fbb4.jpg,train,640,640,1.0,0,0,0,66.62109375,background
Img_560_jpg.rf.aef7a8da6f4548b8ae6854b40acd825c.jpg,train,640,640,1.0,0,0,0,66.171875,background
Img_560_jpg.rf.d814d1d4dfbb6340a318668e174aed25.jpg,train,640,640,1.0,0,0,0,66.1259765625,background
Img_561_jpg.rf.39a9803d6f50922cbc8410a98b14332f.jpg,train,640,640,1.0,0,0,0,76.801513671875,background
Img_561_jpg.rf.b7307a840dc227486a58b318ebc91819.jpg,train,640,640,1.0,0,0,0,76.7099609375,background
Img_562_jpg.rf.c8ee3782bbd861d4ca0e620b60565311.jpg,train,640,640,1.0,0,0,0,74.9765625,background
Img_563_jpg.rf.0d8987b0b10791e8ad17663c3f820163.jpg,train,640,640,1.0,0,0,0,72.00634765625,background
Img_563_jpg.rf.39c087ef3a322bfc72c884ea464ab89f.jpg,train,640,640,1.0,0,0,0,71.833251953125,background
Img_564_jpg.rf.ea02772a913c2e32978c0792b08f30d8.jpg,train,640,640,1.0,0,0,0,67.813232421875,background
Img_566_jpg.rf.91d2b845056491731200fcc7f6e290b5.jpg,train,640,640,1.0,0,0,0,65.297607421875,background
Img_571_jpg.rf.0a2e6520f00f2bd5d5d6ec6e3ff7e058.jpg,train,640,640,1.0,0,0,0,73.53125,background
Img_573_jpg.rf.2f2468505daabcd5fb612ed1d9b9976c.jpg,train,640,640,1.0,0,0,0,74.062255859375,background
Img_573_jpg.rf.bd2aff00ebbbb77c2f57a1ad67a0fed8.jpg,train,640,640,1.0,0,0,0,73.938232421875,background
Img_574_jpg.rf.84d81a59fdedd763344126a102d0f502.jpg,train,640,640,1.0,0,0,0,66.35595703125,background
Img_575_jpg.rf.cee63e608ee55a90f21969bb39358f06.jpg,train,640,640,1.0,0,0,0,69.525634765625,background
Img_575_jpg.rf.db5c589616f93b89e0ea39baf9e7abf1.jpg,train,640,640,1.0,0,0,0,69.6533203125,background
Img_579_jpg.rf.633b405441e8f26a43779af9fb875b38.jpg,train,640,640,1.0,0,0,0,71.12841796875,background
Img_579_jpg.rf.f4bc2e4d58485ec16d23b4ec5e6415dd.jpg,train,640,640,1.0,0,0,0,71.255615234375,background
Img_580_jpg.rf.0e2fee76b18a59108d8f14bea8c32b85.jpg,train,640,640,1.0,0,0,0,68.666015625,background
Img_580_jpg.rf.4ffe64c9b42a20eb2212332a0495167f.jpg,train,640,640,1.0,0,0,0,68.666015625,background
Img_582_jpg.rf.23a1feafd4d934867469462cb931116b.jpg,train,640,640,1.0,0,0,0,68.5771484375,background
Img_583_jpg.rf.191221df8212019b5ad919f5682f8deb.jpg,train,640,640,1.0,0,0,0,70.032958984375,background
Img_583_jpg.rf.4c991e270e90577b98c4d1fd559e2722.jpg,train,640,640,1.0,0,0,0,70.06005859375,background
Img_584_jpg.rf.a34dd154d72305daf9181d62c5e6c827.jpg,train,640,640,1.0,0,0,0,64.330322265625,background
Img_585_jpg.rf.6b517604884d9f44d6e47f7a2ade7ed3.jpg,train,640,640,1.0,0,0,0,77.2060546875,background
Img_585_jpg.rf.821ccb2e6f04d07604d7805fd7f83da5.jpg,train,640,640,1.0,0,0,0,77.024658203125,background
MirrorWEBFire052_jpg.rf.0da15a9b650f13622950ff8cd7753553.jpg,train,640,640,1.0,2,1,1,75.59228515625,both
MirrorWEBFire060_jpg.rf.c0fc44ffcb2ee43e0d3210d70f1ae75b.jpg,train,640,640,1.0,3,1,2,89.55224609375,both
MirrorWEBFire070_jpg.rf.228de6209a51849e0058774fe1c8ab72.jpg,train,640,640,1.0,3,3,0,66.820068359375,fire_only
MirrorWEBFire1042_jpg.rf.476deb0034f2a70a4b41a8f6d26092f2.jpg,train,640,640,1.0,3,2,1,76.418212890625,both
MirrorWEBFire1043_jpg.rf.cdbfdade74d80bac8dc66b43fff38b91.jpg,train,640,640,1.0,2,2,0,88.090087890625,fire_only
MirrorWEBFire1046_jpg.rf.efa8837aa9b3e498123c64b7fdc38e7a.jpg,train,640,640,1.0,1,1,0,52.769287109375,fire_only
MirrorWEBFire1046_jpg.rf.fbb3594500238899997571782e15e3eb.jpg,train,640,640,1.0,1,1,0,52.21533203125,fire_only
MirrorWEBFire1047_jpg.rf.396a0c55f370837a0dc4dfe2e482f2d9.jpg,train,640,640,1.0,3,2,1,44.245849609375,both
MirrorWEBFire1056_jpg.rf.261abc50dfb95a7dfc6d83d99c88e182.jpg,train,640,640,1.0,7,5,2,49.845947265625,both
MirrorWEBFire1079_jpg.rf.275e9d151cecb72d22114e8f5caed279.jpg,train,640,640,1.0,2,1,1,28.9482421875,both
MirrorWEBFire1090_jpg.rf.a9d363893d81c8b35e2b9a0ce5382d6a.jpg,train,640,640,1.0,3,2,1,51.69677734375,both
MirrorWEBFire1121_jpg.rf.973c435fa02db049d09cb9a732a30147.jpg,train,640,640,1.0,9,7,2,76.30078125,both
MirrorWEBFire1131_jpg.rf.94fad7666e0dfd1f45c952de0bdaa932.jpg,train,640,640,1.0,3,1,2,67.31689453125,both
MirrorWEBFire1147_jpg.rf.f01953b755cb30b0724d14a2d5103f24.jpg,train,640,640,1.0,7,6,1,90.949951171875,both
MirrorWEBFire1178_jpg.rf.9d37a4270ea0db2b5591e27132acdb42.jpg,train,640,640,1.0,3,1,2,77.851806640625,both
MirrorWEBFire1183_jpg.rf.bbda7e714eb556ce7c75330cfcbe4bac.jpg,train,640,640,1.0,10,9,1,50.92578125,both
MirrorWEBFire1207_jpg.rf.76c0147347152d2356ef6a23e616c187.jpg,train,640,640,1.0,2,1,1,34.8486328125,both
MirrorWEBFire1207_jpg.rf.d9a44ce9cd35f89ca1c6378b9c870119.jpg,train,640,640,1.0,2,1,1,35.53857421875,both
MirrorWEBFire1212_jpg.rf.7cdf8de1bc1a91d67f4eac1686f4de57.jpg,train,640,640,1.0,3,1,2,61.36376953125,both
MirrorWEBFire1219_jpg.rf.5b22950ccd44858cfe1b323dbeb410f2.jpg,train,640,640,1.0,2,2,0,22.244384765625,fire_only
MirrorWEBFire1251_jpg.rf.e9a08d407a0c80d02242f4332c86a951.jpg,train,640,640,1.0,10,8,2,37.970458984375,both
MirrorWEBFire1322_jpg.rf.de43514c897f34eeb8ca8c7bb4177097.jpg,train,640,640,1.0,1,1,0,32.204345703125,fire_only
MirrorWEBFire1324_jpg.rf.bd5a16c75a3969b67888d70a6241ddb3.jpg,train,640,640,1.0,6,3,3,85.843994140625,both
MirrorWEBFire1330_jpg.rf.7807e46e2a5c1ad86d54783032d58684.jpg,train,640,640,1.0,3,3,0,37.854736328125,fire_only
MirrorWEBFire1342_jpg.rf.5046ca794d3bd0d21d766445d749532a.jpg,train,640,640,1.0,6,5,1,72.748779296875,both
MirrorWEBFire1342_jpg.rf.f0453894d08cb248b0d3ca6ff8ba7f4f.jpg,train,640,640,1.0,6,5,1,75.697509765625,both
MirrorWEBFire1355_jpg.rf.0ffe4fa9ded71ed40c6ffa49a45bbbd1.jpg,train,640,640,1.0,5,3,2,91.2509765625,both
MirrorWEBFire1356_jpg.rf.ba1969850e70ce051ed8b271da7bc1b1.jpg,train,640,640,1.0,5,4,1,77.093505859375,both
MirrorWEBFire1358_jpg.rf.60dcd22682c550b768124d37f5272de4.jpg,train,640,640,1.0,6,5,1,69.950439453125,both
MirrorWEBFire1362_jpg.rf.77bc397f338681336981390778c8df28.jpg,train,640,640,1.0,4,2,2,65.142578125,both
MirrorWEBFire1367_jpg.rf.12ecd16a6b107c01d4b0b0b4c399c362.jpg,train,640,640,1.0,3,3,0,36.117919921875,fire_only
MirrorWEBFire1368_jpg.rf.6a9fea94ea05544ab64182d2e3fe69ca.jpg,train,640,640,1.0,5,2,3,111.198486328125,both
MirrorWEBFire1368_jpg.rf.c344d6eb5967f3e2095b0e9ad513fb68.jpg,train,640,640,1.0,5,2,3,111.408447265625,both
MirrorWEBFire1370_jpg.rf.3083ef0cc18b48bfbd5042c0bc8ae1fd.jpg,train,640,640,1.0,3,3,0,74.670654296875,fire_only
MirrorWEBFire1370_jpg.rf.4abfd30f2163153fb922dbf3ecebc59c.jpg,train,640,640,1.0,3,3,0,74.670654296875,fire_only
MirrorWEBFire1371_jpg.rf.52c556d6623441daf64ee88b90c66b1e.jpg,train,640,640,1.0,6,2,4,100.835205078125,both
MirrorWEBFire1372_jpg.rf.707ecff02565c609985e3441896fe5bf.jpg,train,640,640,1.0,2,2,0,46.577880859375,fire_only
MirrorWEBFire1373_jpg.rf.870b1926f94809095743de361454f5af.jpg,train,640,640,1.0,3,3,0,56.474609375,fire_only
MirrorWEBFire1373_jpg.rf.eadd32d8c7ebe5adebf9240b26185616.jpg,train,640,640,1.0,3,3,0,54.963623046875,fire_only
MirrorWEBFire1374_jpg.rf.a0b52dc3c2c98af7c65f59c28bb24e7f.jpg,train,640,640,1.0,2,1,1,35.392578125,both
MirrorWEBFire1376_jpg.rf.60da711241c18016115cfe2dbe74e61c.jpg,train,640,640,1.0,2,2,0,40.89990234375,fire_only
MirrorWEBFire1379_jpg.rf.fd68b368c437c8748881d267e0f85926.jpg,train,640,640,1.0,3,1,2,70.115966796875,both
MirrorWEBFire1380_jpg.rf.0ad595859cae46c5ae5730d7de27c6ef.jpg,train,640,640,1.0,2,2,0,31.112548828125,fire_only
MirrorWEBFire1380_jpg.rf.2c209696eea6f526c60c7e272e1984a6.jpg,train,640,640,1.0,2,2,0,30.163330078125,fire_only
MirrorWEBFire1380_jpg.rf.8683497c5b5b164d1b49332eaf377c76.jpg,train,640,640,1.0,2,2,0,30.163330078125,fire_only
MirrorWEBFire1384_jpg.rf.bd21da0048410924741e20882fa8dd11.jpg,train,640,640,1.0,4,2,2,37.638427734375,both
MirrorWEBFire1384_jpg.rf.ed890a8580558038d59b5994763f4c20.jpg,train,640,640,1.0,4,2,2,36.900634765625,both
MirrorWEBFire1389_jpg.rf.bc939c3f4377e99cc2efe1e3f4205bdf.jpg,train,640,640,1.0,6,6,0,30.881591796875,fire_only
MirrorWEBFire1394_jpg.rf.a198d18185641c07e0ddffdde5161c34.jpg,train,640,640,1.0,4,2,2,34.0341796875,both
MirrorWEBFire1398_jpg.rf.5a566fc06849780daf3f2ce1dbb7de48.jpg,train,640,640,1.0,5,4,1,58.332275390625,both
MirrorWEBFire1402_jpg.rf.547367e782ce95dfe8f127ea07f810f6.jpg,train,640,640,1.0,2,2,0,31.96240234375,fire_only
MirrorWEBFire1402_jpg.rf.7e639cd4ead3cf9d54ea0cd9bf054740.jpg,train,640,640,1.0,2,2,0,31.36376953125,fire_only
MirrorWEBFire1404_jpg.rf.8efdbbfcd19d1468f5be751346d52bc4.jpg,train,640,640,1.0,2,2,0,38.04150390625,fire_only
MirrorWEBFire1411_jpg.rf.0fdcf9fa1ccdaec7ac04fc439f7d83ff.jpg,train,640,640,1.0,4,2,2,65.4375,both
MirrorWEBFire1412_jpg.rf.95c2df15d83194c9811e39da2a68c147.jpg,train,640,640,1.0,3,2,1,72.352294921875,both
MirrorWEBFire1414_jpg.rf.e61db92fcd10fd7a340a18f6e07ab230.jpg,train,640,640,1.0,2,1,1,66.053466796875,both
MirrorWEBFire1415_jpg.rf.992991aa6551a5a356fc4b55fb63511b.jpg,train,640,640,1.0,2,2,0,47.13916015625,fire_only
MirrorWEBFire1419_jpg.rf.dff1c5240dc98f2e81ca4b7b1ee5ceef.jpg,train,640,640,1.0,3,2,1,50.76953125,both
MirrorWEBFire1420_jpg.rf.d75054c5f20b18660e58671829a6b8a2.jpg,train,640,640,1.0,3,2,1,55.636962890625,both
MirrorWEBFire1422_jpg.rf.01dc9357d1e921a794fe01bacd34840e.jpg,train,640,640,1.0,5,4,1,63.5048828125,both
MirrorWEBFire1423_jpg.rf.2806a8cb733b2f4604dcca32faba24c3.jpg,train,640,640,1.0,2,1,1,75.74755859375,both
MirrorWEBFire1424_jpg.rf.2a026680bbc78524871a219bedb374d4.jpg,train,640,640,1.0,5,5,0,57.54443359375,fire_only
MirrorWEBFire1424_jpg.rf.5fe5be18f6dd8258b65a8ae066081c7e.jpg,train,640,640,1.0,5,5,0,57.9150390625,fire_only
MirrorWEBFire1427_jpg.rf.fbf7d3792acef3f960c51f25c6092dae.jpg,train,640,640,1.0,2,2,0,35.779541015625,fire_only
MirrorWEBFire1430_jpg.rf.a9f421ca49ddbd92079158826068f423.jpg,train,640,640,1.0,5,2,3,95.060791015625,both
MirrorWEBFire1433_jpg.rf.2909ed46c82c72aebd45b2764713b3e1.jpg,train,640,640,1.0,4,2,2,70.760498046875,both
MirrorWEBFire1433_jpg.rf.4dd17ec26d2cfeec0c85123025a885a9.jpg,train,640,640,1.0,4,2,2,71.237548828125,both
MirrorWEBFire1440_jpg.rf.c9901f465ca4c9852b23d0fea9214110.jpg,train,640,640,1.0,5,3,2,71.437255859375,both
MirrorWEBFire1445_jpg.rf.cc599c84e14043f0376fd3e1ee3b8268.jpg,train,640,640,1.0,2,1,1,66.34033203125,both
MirrorWEBFire1446_jpg.rf.345b3359ac70ba93f4b5bb18ea365e57.jpg,train,640,640,1.0,1,1,0,61.500732421875,fire_only
MirrorWEBFire1446_jpg.rf.432b3608595beaa7da6aa85e1680c9b5.jpg,train,640,640,1.0,1,1,0,62.43115234375,fire_only
MirrorWEBFire1449_jpg.rf.569cf67d2475b93d39958d385b05f2f6.jpg,train,640,640,1.0,6,4,2,58.274658203125,both
MirrorWEBFire1449_jpg.rf.9cce3b211368f8af945e1e1b655f1c42.jpg,train,640,640,1.0,6,4,2,59.101318359375,both
MirrorWEBFire1467_jpg.rf.ec9368d2fda80655ff13cd200b7e105d.jpg,train,640,640,1.0,1,1,0,19.162109375,fire_only
MirrorWEBFire1471_jpg.rf.e8e16e408ed24ef681ea39d7a673fce3.jpg,train,640,640,1.0,2,2,0,62.650634765625,fire_only
MirrorWEBFire1475_jpg.rf.f90621527427171988c1933deb7e6143.jpg,train,640,640,1.0,4,4,0,74.7529296875,fire_only
MirrorWEBFire1481_jpg.rf.890e5384c2d4bc1576f6ef182e5a6673.jpg,train,640,640,1.0,2,2,0,56.46044921875,fire_only
MirrorWEBFire1483_jpg.rf.9cb0d55a2b93d9865302c76c6b9723a6.jpg,train,640,640,1.0,3,2,1,28.847412109375,both
MirrorWEBFire1531_jpg.rf.2f931b8721d5c7eff3ae2fbd7c7af1c5.jpg,train,640,640,1.0,2,2,0,50.78125,fire_only
MirrorWEBFire1534_jpg.rf.49cdda0cc3072361947756d2db93dec5.jpg,train,640,640,1.0,2,2,0,37.8798828125,fire_only
MirrorWEBFire1534_jpg.rf.8d7beb051d17905f93c9b8036b07a052.jpg,train,640,640,1.0,2,2,0,36.65185546875,fire_only
MirrorWEBFire1535_jpg.rf.40518b1458a0345ad4a9fd68e4db8418.jpg,train,640,640,1.0,1,1,0,33.909912109375,fire_only
MirrorWEBFire1535_jpg.rf.ca417cf2e0621021fb573479219d7dde.jpg,train,640,640,1.0,1,1,0,34.9248046875,fire_only
MirrorWEBFire1541_jpg.rf.ec03393296e465dbe09452f51b397cef.jpg,train,640,640,1.0,1,1,0,47.964111328125,fire_only
MirrorWEBFire1542_jpg.rf.83d7e67c389b8071b09047313146cbeb.jpg,train,640,640,1.0,2,2,0,51.124267578125,fire_only
MirrorWEBFire1546_jpg.rf.d226fc44de1740360b13aa8dd5114688.jpg,train,640,640,1.0,3,3,0,43.421630859375,fire_only
MirrorWEBFire1550_jpg.rf.b97ba98bb73b4bfe342531d7592178b8.jpg,train,640,640,1.0,1,1,0,11.50048828125,fire_only
MirrorWEBFire1551_jpg.rf.44932e3ae7062eeb2bc3c2932c077fb7.jpg,train,640,640,1.0,2,2,0,24.375244140625,fire_only
MirrorWEBFire1555_jpg.rf.8c98ea347fce882569a442249eaa129e.jpg,train,640,640,1.0,1,1,0,4.364013671875,fire_only
MirrorWEBFire1556_jpg.rf.448207cc15b8ce42826342474cec6979.jpg,train,640,640,1.0,1,1,0,6.477294921875,fire_only
MirrorWEBFire1588_jpg.rf.43d315e3d0f5894d08115997a291136c.jpg,train,640,640,1.0,5,1,4,103.912109375,both
MirrorWEBFire1588_jpg.rf.816c53132abb93b0b1ffc1cc4fca7b96.jpg,train,640,640,1.0,5,1,4,103.912109375,both
MirrorWEBFire1643_jpg.rf.bd4d49848b81b59039261d1ae6512468.jpg,train,640,640,1.0,6,5,1,66.7734375,both
MirrorWEBFire1650_jpg.rf.1d3f15c0d70359ecc04655ac9fb9799a.jpg,train,640,640,1.0,2,2,0,62.98828125,fire_only
MirrorWEBFire1652_jpg.rf.a67393e40ccd839b5942b4331b1600f5.jpg,train,640,640,1.0,11,11,0,47.75439453125,fire_only
MirrorWEBFire169_jpg.rf.d2439346a38386b8bc2b540159ebdb68.jpg,train,640,640,1.0,6,4,2,115.187744140625,both
MirrorWEBFire1730_jpg.rf.63c89efb519546252738f39328edc059.jpg,train,640,640,1.0,5,5,0,61.806884765625,fire_only
MirrorWEBFire1730_jpg.rf.732510be9939a05adc323c917f2b3804.jpg,train,640,640,1.0,5,5,0,61.785888671875,fire_only
MirrorWEBFire175_jpg.rf.9a9dd2ff7637a520ba939ce4a17f9ae6.jpg,train,640,640,1.0,4,2,2,76.263671875,both
MirrorWEBFire177_jpg.rf.4fbbfc91cde3ec2f3b3f3700b2858d76.jpg,train,640,640,1.0,6,4,2,76.169677734375,both
MirrorWEBFire187_jpg.rf.950642bdcad9e5ff4c77353beb98630b.jpg,train,640,640,1.0,2,2,0,77.09716796875,fire_only
MirrorWEBFire1882_jpg.rf.1d2b651cf166610c520156303a044eac.jpg,train,640,640,1.0,3,3,0,94.75146484375,fire_only
MirrorWEBFire1893_jpg.rf.baf2da417f6a25af9c4bfeff4b29dd34.jpg,train,640,640,1.0,3,3,0,77.8681640625,fire_only
MirrorWEBFire189_jpg.rf.a67abc9a2563ba5d98fa173a0d70f820.jpg,train,640,640,1.0,7,5,2,54.383056640625,both
MirrorWEBFire1904_jpg.rf.f5ee9ec6e014fdeba9d43e3ff2fd23ae.jpg,train,640,640,1.0,1,1,0,47.530029296875,fire_only
MirrorWEBFire192_jpg.rf.4af3168ad75c48c8228b15204ed8aa4e.jpg,train,640,640,1.0,4,2,2,59.68115234375,both
MirrorWEBFire194_jpg.rf.9cc54c5f577eb564df7ed306d572d81c.jpg,train,640,640,1.0,3,1,2,80.712890625,both
MirrorWEBFire1974_jpg.rf.818d78adfa618ca0a1c4ddc2a31bd80d.jpg,train,640,640,1.0,1,1,0,4.891357421875,fire_only
MirrorWEBFire1974_jpg.rf.ce6c58bb9d0ecb6c5e78c60ba4d71dde.jpg,train,640,640,1.0,1,1,0,4.6142578125,fire_only
MirrorWEBFire1977_jpg.rf.f3752f92a74aa48fa2f5d2fca1b3354c.jpg,train,640,640,1.0,1,1,0,4.982666015625,fire_only
MirrorWEBFire2009_jpg.rf.e6a9333f303afcce0dddf4c9df723afd.jpg,train,640,640,1.0,5,4,1,45.326904296875,both
MirrorWEBFire201_jpg.rf.047afca90fa37f4a3674ad0fb06e5de1.jpg,train,640,640,1.0,7,7,0,40.383544921875,fire_only
MirrorWEBFire202_jpg.rf.26b21e4a783fda1ddaf032c5801838a8.jpg,train,640,640,1.0,8,8,0,39.783935546875,fire_only
MirrorWEBFire2050_jpg.rf.6ecbf1bfe9cea889b1244b23bfa2c07c.jpg,train,640,640,1.0,5,1,4,82.18701171875,both
MirrorWEBFire2057_jpg.rf.a4aa7a027bcd1112087fbc668fe203ae.jpg,train,640,640,1.0,3,3,0,55.042724609375,fire_only
MirrorWEBFire2085_jpg.rf.11c22a8020745f3da27a8145b37e426a.jpg,train,640,640,1.0,7,6,1,93.44921875,both
MirrorWEBFire2085_jpg.rf.8dd2232201f940961ff7ff66b0338eec.jpg,train,640,640,1.0,7,6,1,93.144775390625,both
MirrorWEBFire2133_jpg.rf.a501b4994d0fd23fd226ebe3191fdf12.jpg,train,640,640,1.0,7,7,0,30.90087890625,fire_only
MirrorWEBFire268_jpg.rf.8c28f03ef7d2be33b8a1766e41b71b04.jpg,train,640,640,1.0,4,3,1,61.678955078125,both
MirrorWEBFire390_jpg.rf.1345c8ae93102681c3931a03467ffa4c.jpg,train,640,640,1.0,3,1,2,35.002685546875,both
MirrorWEBFire393_jpg.rf.709b044a7f3ad3262d6584c6c4ba20d4.jpg,train,640,640,1.0,4,3,1,36.055419921875,both
MirrorWEBFire394_jpg.rf.27c4099d77be36b0782f5f77711a26b8.jpg,train,640,640,1.0,4,2,2,30.14599609375,both
MirrorWEBFire395_jpg.rf.16fae1f8ff641f23b732b1aa71038906.jpg,train,640,640,1.0,6,4,2,37.030517578125,both
MirrorWEBFire396_jpg.rf.bc4beeaf6c069324dd5ca28ebc70880a.jpg,train,640,640,1.0,6,5,1,37.40576171875,both
MirrorWEBFire398_jpg.rf.5b70bf6d94b55bd0479431d349442f5e.jpg,train,640,640,1.0,6,5,1,28.011962890625,both
MirrorWEBFire398_jpg.rf.5bce5a24f2ba897e5517f4e5d666f9f0.jpg,train,640,640,1.0,6,5,1,30.57568359375,both
MirrorWEBFire398_jpg.rf.b9a2f2644febd27971ea0828b8245586.jpg,train,640,640,1.0,6,5,1,28.011962890625,both
MirrorWEBFire402_jpg.rf.0059107ef159656e677e63e3ebf5daaa.jpg,train,640,640,1.0,5,3,2,32.303955078125,both
MirrorWEBFire405_jpg.rf.f807954da8cf864faae58a5d69123c00.jpg,train,640,640,1.0,5,3,2,30.43212890625,both
MirrorWEBFire949_jpg.rf.91a0eba951fcb6f8b95d94328c633ea4.jpg,train,640,640,1.0,2,2,0,36.25,fire_only
MirrorWEBSmoke013_jpg.rf.06bbd8434cd3a044217c0cecce6dd3ac.jpg,train,640,640,1.0,5,2,3,84.688232421875,both
MirrorWEBSmoke100_jpg.rf.0d72f8f592f55b969f0516b848ede6ec.jpg,train,640,640,1.0,2,1,1,96.08740234375,both
MirrorWEBSmoke1026_jpg.rf.f48bacd0942d74068e6a03dd23f54b6b.jpg,train,640,640,1.0,2,2,0,64.88427734375,fire_only
MirrorWEBSmoke1082_jpg.rf.06813dfb4b38cfeca1dd6ab13994c1aa.jpg,train,640,640,1.0,4,3,1,57.609130859375,both
MirrorWEBSmoke1082_jpg.rf.41b6e0a4506769955d105b8e3711e1fb.jpg,train,640,640,1.0,4,3,1,56.48095703125,both
MirrorWEBSmoke1089_jpg.rf.3d3fc61bee710ac1708183640d14a629.jpg,train,640,640,1.0,4,2,2,92.255615234375,both
MirrorWEBSmoke1205_jpg.rf.8dbe44a556afc3c7b36f0484ed4a23c4.jpg,train,640,640,1.0,10,5,5,60.99267578125,both
MirrorWEBSmoke1210_jpg.rf.749a47c228a4951e9ac4775d526f4784.jpg,train,640,640,1.0,2,1,1,54.469482421875,both
MirrorWEBSmoke1210_jpg.rf.8fdc6971f21746ff45206d5fa240f7e7.jpg,train,640,640,1.0,2,1,1,54.469482421875,both
MirrorWEBSmoke1215_jpg.rf.0051d8d0e35dfefb57159faf178d052d.jpg,train,640,640,1.0,7,5,2,62.322265625,both
MirrorWEBSmoke1215_jpg.rf.3ecbbf7fc174f767953719d87c8c2509.jpg,train,640,640,1.0,7,5,2,63.41015625,both
MirrorWEBSmoke1218_jpg.rf.053cfa543efe9cc439634b237b532d24.jpg,train,640,640,1.0,6,4,2,68.04541015625,both
MirrorWEBSmoke1315_jpg.rf.4512e8723451720d37b9947f0ccfa25d.jpg,train,640,640,1.0,3,3,0,88.732421875,fire_only
MirrorWEBSmoke1566_jpg.rf.db154e796c8a97d741d538590d1f1207.jpg,train,640,640,1.0,2,1,1,68.33740234375,both
MirrorWEBSmoke1654_jpg.rf.247e42f8b51753ef3fb1b21de3fa9e36.jpg,train,640,640,1.0,1,1,0,60.367919921875,fire_only
MirrorWEBSmoke1795_jpg.rf.b172adacd9aea0d3f9f4da4c7e8b6a7c.jpg,train,640,640,1.0,2,1,1,69.846435546875,both
MirrorWEBSmoke1862_jpg.rf.081c2e9776a3319695159bb349c1c9cc.jpg,train,640,640,1.0,5,4,1,87.1474609375,both
MirrorWEBSmoke1882_jpg.rf.62c51526c553ceca87708aff2c0c7616.jpg,train,640,640,1.0,4,2,2,54.71337890625,both
MirrorWEBSmoke2032_jpg.rf.18afb6b20d5ecdc2382f16b4e6aa7b28.jpg,train,640,640,1.0,4,2,2,75.0869140625,both
MirrorWEBSmoke2032_jpg.rf.368d1020dbc20272efdc722c40983a92.jpg,train,640,640,1.0,4,2,2,74.75830078125,both
MirrorWEBSmoke2186_jpg.rf.08faceec33ae1067d2d25049c3c4afff.jpg,train,640,640,1.0,2,2,0,78.234130859375,fire_only
MirrorWEBSmoke2267_jpg.rf.54549c304bdae0a7e8e77bfc8baaeb09.jpg,train,640,640,1.0,4,2,2,77.230712890625,both
MirrorWEBSmoke2270_jpg.rf.4465c4e55270356c091a7b0344961014.jpg,train,640,640,1.0,5,3,2,51.63427734375,both
MirrorWEBSmoke2270_jpg.rf.b45df60047a3222e8f8e8b1f49042682.jpg,train,640,640,1.0,5,3,2,51.276123046875,both
MirrorWEBSmoke2275_jpg.rf.b5e61c4a530b3bec312f56a40f708df0.jpg,train,640,640,1.0,2,1,1,75.62646484375,both
MirrorWEBSmoke2281_jpg.rf.e40c2723d29f2b7d406f1c4ed23d71b9.jpg,train,640,640,1.0,4,3,1,61.7578125,both
MirrorWEBSmoke2288_jpg.rf.a9b5479ec929e32ca6a061d07179b7ee.jpg,train,640,640,1.0,2,1,1,72.542724609375,both
MirrorWEBSmoke2292_jpg.rf.672ab27090cfc52a2636a3ca2dfa4bfd.jpg,train,640,640,1.0,3,2,1,60.857421875,both
MirrorWEBSmoke2292_jpg.rf.a179304c74d20cebe40b7cadb76d5767.jpg,train,640,640,1.0,3,2,1,60.857421875,both
MirrorWEBSmoke2370_jpg.rf.ba7b8a3fe3803fc87a8fbc2e6bf1e568.jpg,train,640,640,1.0,6,6,0,46.03662109375,fire_only
MirrorWEBSmoke2372_jpg.rf.7c59d20da1df5729e305a8f4f6eace7c.jpg,train,640,640,1.0,8,6,2,49.8134765625,both
MirrorWEBSmoke2375_jpg.rf.a3b636e44529023f589cada89c5334e1.jpg,train,640,640,1.0,5,4,1,52.97998046875,both
MirrorWEBSmoke2375_jpg.rf.dff6136e2926b5e7e00479ec51f21752.jpg,train,640,640,1.0,5,4,1,53.34716796875,both
MirrorWEBSmoke2386_jpg.rf.5c396bb1d2f6da3ba78f779ed586e56b.jpg,train,640,640,1.0,11,8,3,53.23974609375,both
MirrorWEBSmoke2386_jpg.rf.a365d9e1d802de3f205b6df23baf98f7.jpg,train,640,640,1.0,11,8,3,53.578857421875,both
MirrorWEBSmoke2486_jpg.rf.0c0508079a84bdbc6c87a17119351801.jpg,train,640,640,1.0,3,2,1,67.354736328125,both
MirrorWEBSmoke2486_jpg.rf.28b45abfa0516d37c9745700cd1a3b4d.jpg,train,640,640,1.0,3,2,1,66.3994140625,both
MirrorWEBSmoke2509_jpg.rf.cb9e2ac67a589b3d41e1b618ad9476b5.jpg,train,640,640,1.0,2,1,1,36.1875,both
MirrorWEBSmoke2522_jpg.rf.d09cca26121c73fa625a0102706b6891.jpg,train,640,640,1.0,2,1,1,58.5078125,both
MirrorWEBSmoke2524_jpg.rf.e684f37b447cdec8dfbe2a0561fcfb08.jpg,train,640,640,1.0,6,3,3,54.827880859375,both
MirrorWEBSmoke2529_jpg.rf.c32f815e189ce77adb4f1817382e62a7.jpg,train,640,640,1.0,2,1,1,72.124267578125,both
MirrorWEBSmoke2531_jpg.rf.b6ff1f9a87708bdca9cb40eab62f2ddd.jpg,train,640,640,1.0,4,3,1,26.988525390625,both
MirrorWEBSmoke2535_jpg.rf.030e772ad049793ba6ab7334e059b1f6.jpg,train,640,640,1.0,4,3,1,64.599365234375,both
MirrorWEBSmoke2539_jpg.rf.156f791bc03d2e5608bb41ee29d40cde.jpg,train,640,640,1.0,3,2,1,95.344970703125,both
MirrorWEBSmoke2540_jpg.rf.84fd92072737ec71c668d38171a9b8c9.jpg,train,640,640,1.0,2,1,1,98.25341796875,both
MirrorWEBSmoke2605_jpg.rf.8f8f968c35b4c9166e0646dc473bac4d.jpg,train,640,640,1.0,2,1,1,70.67041015625,both
MirrorWEBSmoke2825_jpg.rf.8e3905830c5333293c89734e9a7dd729.jpg,train,640,640,1.0,11,6,5,63.43896484375,both
MirrorWEBSmoke2846_jpg.rf.f21f1a5d6a82cbc7a45154c0085343d6.jpg,train,640,640,1.0,1,1,0,61.530029296875,fire_only
MirrorWEBSmoke2854_jpg.rf.04f4c71de20a1491b6aa39e863553a00.jpg,train,640,640,1.0,2,1,1,68.218994140625,both
MirrorWEBSmoke2858_jpg.rf.affd93e1f3f3b7165ebceb9387abcfb8.jpg,train,640,640,1.0,3,2,1,55.20166015625,both
MirrorWEBSmoke298_jpg.rf.91f02c3a1f60d762a7a0f6e81b9daabb.jpg,train,640,640,1.0,2,1,1,123.4091796875,both
MirrorWEBSmoke2999_jpg.rf.0959264115c556e048b8a1df6ae42718.jpg,train,640,640,1.0,6,1,5,66.12109375,both
MirrorWEBSmoke329_jpg.rf.0ca14b6128bc05b87dd5d428c9a44235.jpg,train,640,640,1.0,2,1,1,104.17578125,both
MirrorWEBSmoke329_jpg.rf.3f2184723ef565aa74b824b0178b089d.jpg,train,640,640,1.0,2,1,1,103.428955078125,both
MirrorWEBSmoke3327_jpg.rf.072baeacb9bbc7886b4ace848f432171.jpg,train,640,640,1.0,4,3,1,91.796875,both
MirrorWEBSmoke333_jpg.rf.8e71daf4353bc5962c01c4d7e4177b89.jpg,train,640,640,1.0,3,1,2,67.717041015625,both
MirrorWEBSmoke3380_jpg.rf.1354e1363100b834247812d60a655bec.jpg,train,640,640,1.0,10,4,6,45.0673828125,both
MirrorWEBSmoke3534_jpg.rf.bd8415035bf07c80661594c20bfc1458.jpg,train,640,640,1.0,4,2,2,68.893798828125,both
MirrorWEBSmoke373_jpg.rf.22fde79c69e4e26190f16e7c10a44495.jpg,train,640,640,1.0,8,4,4,77.971435546875,both
MirrorWEBSmoke616_jpg.rf.2840bd7128eae2f49022d6b6e557a862.jpg,train,640,640,1.0,3,2,1,41.849609375,both
MirrorWEBSmoke687_jpg.rf.2287c75080bd297bca270dc301e919b7.jpg,train,640,640,1.0,2,1,1,94.907470703125,both
MirrorWEBSmoke709_jpg.rf.af701977d0112caa9567b9268ef53114.jpg,train,640,640,1.0,3,1,2,61.64794921875,both
MirrorWEBSmoke721_jpg.rf.5afc6f59eaa482caaa738e54a01380e3.jpg,train,640,640,1.0,7,4,3,93.80322265625,both
MirrorWEBSmoke867_jpg.rf.da4d6ffcd6f9a5e2dc58b145e0f99988.jpg,train,640,640,1.0,2,1,1,114.422119140625,both
new_fire_108_jpg.rf.0963c0457645ee6952ded0072bd3de6f.jpg,train,640,640,1.0,1,1,0,130.39697265625,fire_only
new_fire_108_jpg.rf.99364153f0bb16c09bb16a9554c270a9.jpg,train,640,640,1.0,1,1,0,127.73193359375,fire_only
new_fire_14_jpg.rf.929c9fe297676c440ef832a661bbe3df.jpg,train,640,640,1.0,2,2,0,111.6103515625,fire_only
new_fire_23_jpg.rf.6afed2c4b8891a1b27f382bd0e5bc915.jpg,train,640,640,1.0,1,1,0,107.3330078125,fire_only
new_fire_39_jpg.rf.cd565d7a59f99b5bbc74fedf1835ae10.jpg,train,640,640,1.0,6,6,0,41.404541015625,fire_only
new_fire_39_jpg.rf.d388bb17cc7d9fe67835694e5e518d24.jpg,train,640,640,1.0,6,6,0,39.725830078125,fire_only
new_fire_49_jpg.rf.0a6799d7ef637cc9a3812e7cf93235ce.jpg,train,640,640,1.0,1,1,0,115.163330078125,fire_only
new_fire_4_png_jpg.rf.ee56fba4baf3b8f7d3bcfefd3603b6dc.jpg,train,640,640,1.0,1,1,0,103.402099609375,fire_only
new_fire_4_png_jpg.rf.ef049ee95b69e73e52bda77dba733dad.jpg,train,640,640,1.0,1,1,0,105.486083984375,fire_only
new_fire_54_jpg.rf.22b2c83a17657aa651b9e13beb06fcf3.jpg,train,640,640,1.0,3,1,2,92.49658203125,both
new_fire_55_jpg.rf.c38745a3cab1f02dc1994906103b0020.jpg,train,640,640,1.0,1,1,0,67.8447265625,fire_only
new_fire_55_jpg.rf.c7345e6042d462cd9d251e73518b87b4.jpg,train,640,640,1.0,1,1,0,67.205078125,fire_only
new_fire_63_jpg.rf.7391a0fe4606b7d93b18464cb5614f9b.jpg,train,640,640,1.0,1,1,0,93.6875,fire_only
new_fire_63_jpg.rf.7fe9c5cc503dadf44ea568c9e9668b08.jpg,train,640,640,1.0,1,1,0,91.47412109375,fire_only
new_fire_fire-434_png_jpg.rf.994d96bbec07a71773bb17d49ecca60f.jpg,train,640,640,1.0,1,1,0,24.060791015625,fire_only
new_fire_fire-434_png_jpg.rf.e742f1d9558796465bbbd621b6cf7aca.jpg,train,640,640,1.0,1,1,0,25.19677734375,fire_only
new_fire_fire-440_png_jpg.rf.14fa6611fb011a6c391b1c1bfdc38318.jpg,train,640,640,1.0,1,1,0,71.135986328125,fire_only
new_fire_fire-442_png_jpg.rf.2191ac4cae40122277aa96c8f8928ffb.jpg,train,640,640,1.0,1,1,0,59.29150390625,fire_only
new_fire_fire-444_png_jpg.rf.b1c0f250560633d6be44a7ee14a2f1c0.jpg,train,640,640,1.0,1,1,0,72.75439453125,fire_only
new_fire_fire-461_png_jpg.rf.c56867be5dad352bda2ae6f31c1de7e2.jpg,train,640,640,1.0,4,4,0,21.772705078125,fire_only
new_fire_fire-474_png_jpg.rf.98fa17897d2b53946e794c84da6a4002.jpg,train,640,640,1.0,1,1,0,23.529052734375,fire_only
new_fire_fire-483_png_jpg.rf.871293f1ca47bb3b9ddbaaa429f129f1.jpg,train,640,640,1.0,1,1,0,41.55517578125,fire_only
new_fire_fire-485_png_jpg.rf.67bed445412d8bd6beeadf7f9b4bd703.jpg,train,640,640,1.0,3,2,1,79.551025390625,both
new_fire_fire-485_png_jpg.rf.d58ff24924cd13dd404493deb5c4c253.jpg,train,640,640,1.0,3,2,1,80.08642578125,both
new_fire_fire-48_png_jpg.rf.5a160404a8d1ac959bda75592f552f68.jpg,train,640,640,1.0,1,1,0,92.763916015625,fire_only
new_fire_fire-492_png_jpg.rf.f2cd4f22d414d3efece5559eefc01d21.jpg,train,640,640,1.0,1,1,0,88.596435546875,fire_only
new_fire_fire-499_png_jpg.rf.dabf17a2574b0de0eda171a59966a268.jpg,train,640,640,1.0,2,2,0,52.428466796875,fire_only
new_fire_fire-501_png_jpg.rf.54273276cf3033dc3941db80b0ac8361.jpg,train,640,640,1.0,1,1,0,53.30859375,fire_only
new_fire_fire-509_png_jpg.rf.b4050be9a25cb63bdaa84fe7223435fc.jpg,train,640,640,1.0,3,1,2,62.50830078125,both
new_fire_fire-509_png_jpg.rf.e15a5b27b126133abe9ca8c253d324e7.jpg,train,640,640,1.0,3,1,2,60.569580078125,both
new_fire_fire-516_png_jpg.rf.62c0c1f516aa2a93d751d97aee8df790.jpg,train,640,640,1.0,1,1,0,81.653564453125,fire_only
new_fire_fire-517_png_jpg.rf.e894b781a103d0e2f17d5adaaa6695c8.jpg,train,640,640,1.0,1,1,0,76.691162109375,fire_only
new_fire_fire-518_png_jpg.rf.d0cb280a5c13b524157ca88c473aa303.jpg,train,640,640,1.0,2,2,0,24.50927734375,fire_only
new_fire_fire-520_png_jpg.rf.9c3c7d532a4ea616c476d49d6119061f.jpg,train,640,640,1.0,1,1,0,21.038330078125,fire_only
new_fire_fire-522_png_jpg.rf.aa9011e5e5276f89b9a3a6f291220b16.jpg,train,640,640,1.0,1,1,0,32.162353515625,fire_only
new_fire_fire-524_png_jpg.rf.231877bdcc0fff5808cea334786333cd.jpg,train,640,640,1.0,1,1,0,41.609375,fire_only
new_fire_fire-527_png_jpg.rf.4285bd351536225f8b7e93b6051405d6.jpg,train,640,640,1.0,1,1,0,48.097412109375,fire_only
new_fire_fire-528_png_jpg.rf.6e5fc290ff07f41c212898151e7885a5.jpg,train,640,640,1.0,1,1,0,61.57958984375,fire_only
new_fire_fire-529_png_jpg.rf.9417838fff35ae8251c0bff7062caea8.jpg,train,640,640,1.0,3,1,2,48.92041015625,both
new_fire_fire-52_png_jpg.rf.edb65317fe4d73a1a668c97d2b333ecd.jpg,train,640,640,1.0,2,2,0,50.60400390625,fire_only
new_fire_fire-52_png_jpg.rf.edc864189429c8b420886500f680d74c.jpg,train,640,640,1.0,2,2,0,49.19677734375,fire_only
new_fire_fire-531_png_jpg.rf.c60407948eed4bd5151b935c9ace0a83.jpg,train,640,640,1.0,1,1,0,65.46533203125,fire_only
new_fire_fire-535_png_jpg.rf.13511e64e7fb252f4d7e7e25e3bee6af.jpg,train,640,640,1.0,1,1,0,62.476806640625,fire_only
new_fire_fire-537_png_jpg.rf.d8d3d1735195aa8552bad3569383565c.jpg,train,640,640,1.0,2,2,0,23.5908203125,fire_only
new_fire_fire-538_png_jpg.rf.922e903af5047fa4d1cf3c20392c5803.jpg,train,640,640,1.0,1,1,0,69.79345703125,fire_only
new_fire_fire-540_png_jpg.rf.a15565574b092661cdcdd01ae32e8133.jpg,train,640,640,1.0,1,1,0,91.14404296875,fire_only
new_fire_fire-540_png_jpg.rf.ce7593391bb8447dd6ee279414916ac6.jpg,train,640,640,1.0,1,1,0,89.72705078125,fire_only
new_fire_fire-541_png_jpg.rf.36f3f57ddbe270847bbc9683214f7456.jpg,train,640,640,1.0,1,1,0,24.23974609375,fire_only
new_fire_fire-547_png_jpg.rf.8f0c724dd43eaed1002a23773e0814bc.jpg,train,640,640,1.0,1,1,0,58.5029296875,fire_only
new_fire_fire-547_png_jpg.rf.a19f3901e108cdc3abdab9e2da3ce6af.jpg,train,640,640,1.0,1,1,0,57.498046875,fire_only
new_fire_fire-549_png_jpg.rf.aa40dba2f8e32346eb61c5b6dfbbc525.jpg,train,640,640,1.0,1,1,0,57.92626953125,fire_only
new_fire_fire-556_png_jpg.rf.0f51b773a2fe6ff597d2695c796615af.jpg,train,640,640,1.0,1,1,0,68.640625,fire_only
new_fire_fire-558_png_jpg.rf.5e9f225a9f589b2c8e1aa2c784f3de6c.jpg,train,640,640,1.0,1,1,0,80.8876953125,fire_only
new_fire_fire-559_png_jpg.rf.294d7d61c630e4430b3a9d97aceb84c0.jpg,train,640,640,1.0,2,2,0,40.176025390625,fire_only
new_fire_fire-559_png_jpg.rf.b2ef143c327de7a621929a358504c104.jpg,train,640,640,1.0,2,2,0,37.033935546875,fire_only
new_fire_fire-559_png_jpg.rf.d768794df43ada887b3243a01c0a4427.jpg,train,640,640,1.0,2,2,0,40.176025390625,fire_only
new_fire_fire-55_png_jpg.rf.67d9e9dc67d174aa6955e7b2a92385e9.jpg,train,640,640,1.0,1,1,0,80.29638671875,fire_only
new_fire_fire-561_png_jpg.rf.b49d0cc99c3e0d63688de3ad91892080.jpg,train,640,640,1.0,1,1,0,48.6865234375,fire_only
new_fire_fire-565_png_jpg.rf.1db71a7fa78b87293a11aa8e973593bd.jpg,train,640,640,1.0,2,2,0,68.479248046875,fire_only
new_fire_fire-566_png_jpg.rf.d7026e35aea13091d0fd3117c6274218.jpg,train,640,640,1.0,1,1,0,17.376708984375,fire_only
new_fire_fire-568_png_jpg.rf.05093fff628cfcde717c739ca5cd8a00.jpg,train,640,640,1.0,1,1,0,43.782958984375,fire_only
new_fire_fire-56_png_jpg.rf.407dd2717d5753aab0fc2e9685cd909f.jpg,train,640,640,1.0,1,1,0,38.4638671875,fire_only
new_fire_fire-572_png_jpg.rf.9f06a309df799fb663acdd57b1a619d4.jpg,train,640,640,1.0,1,1,0,54.7607421875,fire_only
new_fire_fire-577_png_jpg.rf.400c07ec2db9c72476bda59e29e7a14b.jpg,train,640,640,1.0,1,1,0,43.994384765625,fire_only
new_fire_fire-577_png_jpg.rf.beb42c11393af07da9e79e6e7f96d07c.jpg,train,640,640,1.0,1,1,0,41.339111328125,fire_only
new_fire_fire-581_png_jpg.rf.5c661afee3051355299126334c3f727d.jpg,train,640,640,1.0,1,1,0,47.555419921875,fire_only
new_fire_fire-588_png_jpg.rf.6a697b5189a957d4d5f6c2c8fb000be2.jpg,train,640,640,1.0,1,1,0,60.013671875,fire_only
new_fire_fire-588_png_jpg.rf.d02f73fbe6b73677df453b3bfcf619aa.jpg,train,640,640,1.0,1,1,0,57.513427734375,fire_only
new_fire_fire-589_png_jpg.rf.63c5783a0a394aa42412b6b69beb2863.jpg,train,640,640,1.0,1,1,0,50.481689453125,fire_only
new_fire_fire-589_png_jpg.rf.ef69516f5f3835e88db2a3ac114df00c.jpg,train,640,640,1.0,1,1,0,55.59375,fire_only
new_fire_fire-592_png_jpg.rf.7f0e6b01a7e91fb0860c6a39db9b5f6d.jpg,train,640,640,1.0,1,1,0,52.421142578125,fire_only
new_fire_fire-594_png_jpg.rf.85adfe152b77237697a4696730d397de.jpg,train,640,640,1.0,3,3,0,52.673095703125,fire_only
new_fire_fire-596_png_jpg.rf.76cc6be488d1ce6c0dfd5401e76fc82d.jpg,train,640,640,1.0,1,1,0,73.72802734375,fire_only
new_fire_fire-607_png_jpg.rf.86d8aaed47e3ed3eeebe22e3a091f6b7.jpg,train,640,640,1.0,1,1,0,54.99267578125,fire_only
new_fire_fire-608_png_jpg.rf.d01302e6453f05b6b8b590460b9117b2.jpg,train,640,640,1.0,1,1,0,57.350830078125,fire_only
new_fire_fire-608_png_jpg.rf.e034b099c3276dcca82cd2e3d02eb500.jpg,train,640,640,1.0,1,1,0,54.610595703125,fire_only
new_fire_fire-60_png_jpg.rf.677838c9408eba8e058fbff925b566b7.jpg,train,640,640,1.0,1,1,0,59.3564453125,fire_only
new_fire_fire-622_png_jpg.rf.5a16a53ce43a2dccb43533fbd303f02b.jpg,train,640,640,1.0,1,1,0,46.468017578125,fire_only
new_fire_fire-623_png_jpg.rf.3174b55cfc04e5a3040c09cfda39348b.jpg,train,640,640,1.0,2,2,0,31.251953125,fire_only
new_fire_fire-623_png_jpg.rf.3cc1d637f25b81ed125f8a82f70aede3.jpg,train,640,640,1.0,2,2,0,30.563720703125,fire_only
new_fire_fire-623_png_jpg.rf.6b0c7212219b031996690bc714b4c128.jpg,train,640,640,1.0,2,2,0,30.563720703125,fire_only
new_fire_fire-628_png_jpg.rf.35b4dc4f80e213f42141d06d30b10042.jpg,train,640,640,1.0,3,1,2,81.230712890625,both
new_fire_fire-62_png_jpg.rf.b5d1fe770aab9293b4870215e99bd636.jpg,train,640,640,1.0,4,2,2,65.032470703125,both
new_fire_fire-631_png_jpg.rf.8b8c6d2d9e02ad08d8a7ce990ba780da.jpg,train,640,640,1.0,1,1,0,98.36669921875,fire_only
new_fire_fire-647_png_jpg.rf.1d4a1d671f27e238637527cf2fc0482d.jpg,train,640,640,1.0,3,3,0,42.432373046875,fire_only
new_fire_fire-647_png_jpg.rf.c8c655d37b024f745d83b1a4a0c9a36b.jpg,train,640,640,1.0,3,3,0,39.586669921875,fire_only
new_fire_fire-648_png_jpg.rf.2f32bacb03469131fbe65090ad78e64d.jpg,train,640,640,1.0,1,1,0,48.34716796875,fire_only
new_fire_fire-650_png_jpg.rf.b835ec6eddf70a32033c9f896b583ff8.jpg,train,640,640,1.0,1,1,0,74.380859375,fire_only
new_fire_fire-650_png_jpg.rf.d954b75640a23b2ebb2b8e86cc7b94a8.jpg,train,640,640,1.0,1,1,0,74.6572265625,fire_only
new_fire_fire-656_png_jpg.rf.bad3d673cf32bb143008708f0a93aa10.jpg,train,640,640,1.0,2,2,0,44.056396484375,fire_only
new_fire_fire-657_png_jpg.rf.fa68dd3dfdd9a38e90bc9605e2c19b18.jpg,train,640,640,1.0,1,1,0,66.425048828125,fire_only
new_fire_fire-660_png_jpg.rf.20f0b4099f77c80df096c7b76dc10af0.jpg,train,640,640,1.0,2,2,0,33.916015625,fire_only
new_fire_fire-660_png_jpg.rf.31cd8451f2b94dfded97c8fef92ad8ca.jpg,train,640,640,1.0,2,2,0,35.9423828125,fire_only
new_fire_fire-660_png_jpg.rf.7ca97c48ebbef2b5a6d7a54a4ba610d3.jpg,train,640,640,1.0,2,2,0,35.9423828125,fire_only
new_fire_fire-668_png_jpg.rf.0e2cd4c93d73366482a224346f4df373.jpg,train,640,640,1.0,4,4,0,65.3583984375,fire_only
new_fire_fire-674_png_jpg.rf.7a5636587064430977c03e1c2bbca6fc.jpg,train,640,640,1.0,1,1,0,87.396484375,fire_only
new_fire_fire-675_png_jpg.rf.3b7a42888154b75b3055edde749e5fb1.jpg,train,640,640,1.0,1,1,0,44.29638671875,fire_only
new_fire_fire-675_png_jpg.rf.85b60c8d15aae34b863b60b4e09babbd.jpg,train,640,640,1.0,1,1,0,42.560302734375,fire_only
new_fire_fire-683_png_jpg.rf.902af2f80c11e9e73b8495ab9da13c64.jpg,train,640,640,1.0,2,2,0,40.76708984375,fire_only
new_fire_fire-685_png_jpg.rf.25a6915b689b69d4c569d67d846346f2.jpg,train,640,640,1.0,3,3,0,50.525390625,fire_only
new_fire_fire-687_png_jpg.rf.1f69b248d318d8153a468a464e4cf387.jpg,train,640,640,1.0,2,2,0,45.79296875,fire_only
new_fire_fire-689_png_jpg.rf.c25a9de1959b4ca2391a666c14675fd0.jpg,train,640,640,1.0,1,1,0,45.202392578125,fire_only
new_fire_fire-697_png_jpg.rf.298c62a9a8a41c4a0ed57c4f9f85b6dc.jpg,train,640,640,1.0,1,1,0,27.07861328125,fire_only
new_fire_fire-701_png_jpg.rf.2c887db1246b266e9b20efa137711288.jpg,train,640,640,1.0,1,1,0,29.150634765625,fire_only
new_fire_fire-701_png_jpg.rf.7a8673e550c649feed7bfd60e58223ef.jpg,train,640,640,1.0,1,1,0,28.44091796875,fire_only
new_fire_fire-708_png_jpg.rf.b978a5ff90980a93f9fc49d93d20f4b9.jpg,train,640,640,1.0,1,1,0,34.697265625,fire_only
new_fire_fire-708_png_jpg.rf.edbf8be059353bd15302af80fd8db16a.jpg,train,640,640,1.0,1,1,0,33.76025390625,fire_only
new_fire_fire-723_png_jpg.rf.391cf852a243c61c30a5bc4b0327814e.jpg,train,640,640,1.0,1,1,0,28.625,fire_only
new_fire_fire-724_png_jpg.rf.967ed96b4560f3f5c221db4f50ae8278.jpg,train,640,640,1.0,1,0,1,74.945556640625,smoke_only
new_fire_fire-727_png_jpg.rf.0a491195a2300b1ac0f291e0a449467e.jpg,train,640,640,1.0,5,1,4,48.737548828125,both
new_fire_fire-729_png_jpg.rf.2543199ef531adb3dea6de9bac6878d4.jpg,train,640,640,1.0,1,1,0,31.6953125,fire_only
new_fire_fire-730_png_jpg.rf.b7f04def311a61661ba973d3adfadb2f.jpg,train,640,640,1.0,1,1,0,43.641357421875,fire_only
new_fire_fire-732_png_jpg.rf.93696251baae317f5552478899a08e92.jpg,train,640,640,1.0,1,1,0,50.107177734375,fire_only
new_fire_fire-745_png_jpg.rf.5b83fc7b65eeb1e39dd8771aa05648fc.jpg,train,640,640,1.0,1,1,0,68.06005859375,fire_only
new_fire_fire-749_png_jpg.rf.d171228960ce0536ce68f3db86aeb9ff.jpg,train,640,640,1.0,1,1,0,31.37353515625,fire_only
new_fire_fire-750_png_jpg.rf.67ae8bd38c5daa97b3d4cd533be71619.jpg,train,640,640,1.0,1,1,0,23.959228515625,fire_only
new_fire_fire-753_png_jpg.rf.5788b8a53058defa895307b4a5ef8990.jpg,train,640,640,1.0,2,2,0,37.788818359375,fire_only
new_fire_fire-80_png_jpg.rf.971209684669791ec56d7c69ade084c9.jpg,train,640,640,1.0,2,2,0,46.44287109375,fire_only
new_fire_fire-81_png_jpg.rf.2b6ba645724f2441fae63f2b1c91ef97.jpg,train,640,640,1.0,4,1,3,51.98388671875,both
new_fire_fire-81_png_jpg.rf.99b55503c16b7ba4327ba1827905f048.jpg,train,640,640,1.0,4,1,3,52.228271484375,both
new_fire_fire-88_png_jpg.rf.bc9a3cb2166f4570654b8bb5642c95d3.jpg,train,640,640,1.0,1,1,0,64.558349609375,fire_only
new_fire_fire-88_png_jpg.rf.fd1b28e002ea3eb6c0e98da2aeff1386.jpg,train,640,640,1.0,1,1,0,61.30126953125,fire_only
new_fire_fire-8_png_jpg.rf.a4168059fd783daa473e814dc381f1a9.jpg,train,640,640,1.0,7,4,3,51.494384765625,both
new_fire_fire-90_png_jpg.rf.5f03d4552f1b27d5151c9e29ebc18cb6.jpg,train,640,640,1.0,6,6,0,46.4814453125,fire_only
new_fire_fire-90_png_jpg.rf.63a1775e6028fb203a2f17d70e0b0788.jpg,train,640,640,1.0,6,6,0,49.314453125,fire_only
new_fire_fire-93_png_jpg.rf.f39cc4963a0db1b032dd121664fa977c.jpg,train,640,640,1.0,3,1,2,89.950439453125,both
new_fire_fire-95_png_jpg.rf.1597275e4bc443da00443f0be949de9e.jpg,train,640,640,1.0,2,1,1,85.333740234375,both
new_fire_fire-96_png_jpg.rf.65c7d9816c06e0eac0662f998fd50a0f.jpg,train,640,640,1.0,3,2,1,94.67138671875,both
new_fire_fire-97_png_jpg.rf.20723ece864e3e77e01e93423f1088e4.jpg,train,640,640,1.0,1,1,0,79.3466796875,fire_only
new_fire_fire-99_png_jpg.rf.057b5ef1602f76bc1e1a12c1eed12d18.jpg,train,640,640,1.0,3,3,0,29.647216796875,fire_only
new_fire_fire-99_png_jpg.rf.1dd5c791957cdf660b00df8f4173f61f.jpg,train,640,640,1.0,3,3,0,29.647216796875,fire_only
NoiseWEBFire052_jpg.rf.f1462f5bf54839ce90ed9947b0df077f.jpg,train,640,640,1.0,3,1,2,80.122802734375,both
NoiseWEBFire054_jpg.rf.b8d544e2b05652472a8f2372796a38ef.jpg,train,640,640,1.0,3,1,2,67.200439453125,both
NoiseWEBFire070_jpg.rf.b5cb506b0b5d45ad569c9e1f84fc4bfd.jpg,train,640,640,1.0,3,3,0,75.739501953125,fire_only
NoiseWEBFire1042_jpg.rf.b6f771e6be8329fe41f1cf080aa28982.jpg,train,640,640,1.0,3,2,1,83.44482421875,both
NoiseWEBFire1043_jpg.rf.2204d35cd445dde4c72a11a6c4d580dd.jpg,train,640,640,1.0,3,2,1,90.993408203125,both
NoiseWEBFire1086_jpg.rf.1eabf08a220de019e7d31568927c9bd6.jpg,train,640,640,1.0,4,3,1,49.4892578125,both
NoiseWEBFire1090_jpg.rf.e7d185f218d7d8bfa254400ea7b847d3.jpg,train,640,640,1.0,3,2,1,58.2021484375,both
NoiseWEBFire1100_jpg.rf.52ef06054460b1fb74c3809324dcc12a.jpg,train,640,640,1.0,5,3,2,54.84619140625,both
NoiseWEBFire1147_jpg.rf.44cb13a3af857def262466a5af273271.jpg,train,640,640,1.0,5,5,0,102.2890625,fire_only
NoiseWEBFire1180_jpg.rf.6059bcebfa1f6bf9e9cd58d88a499fe6.jpg,train,640,640,1.0,9,8,1,65.023681640625,both
NoiseWEBFire1180_jpg.rf.a0ba05831f11c7156ed70ea96943c4ef.jpg,train,640,640,1.0,9,8,1,66.14306640625,both
NoiseWEBFire1251_jpg.rf.8917b4f350812a94a02b314e65ec0372.jpg,train,640,640,1.0,7,7,0,50.177490234375,fire_only
NoiseWEBFire1294_jpg.rf.829304504fb2a034414558804e3f37d5.jpg,train,640,640,1.0,2,2,0,32.2314453125,fire_only
NoiseWEBFire1294_jpg.rf.8a296a35bc0c58efafc1b814de02324a.jpg,train,640,640,1.0,2,2,0,33.604248046875,fire_only
NoiseWEBFire1307_jpg.rf.46fc94f5d8b30dca74456b290c6ef090.jpg,train,640,640,1.0,1,1,0,68.08154296875,fire_only
NoiseWEBFire1342_jpg.rf.f4e3c61f3460dc32173dbd6530806b57.jpg,train,640,640,1.0,5,5,0,82.89599609375,fire_only
NoiseWEBFire1343_jpg.rf.162f57114e8591e59e99f90ac6dad53e.jpg,train,640,640,1.0,5,5,0,75.92431640625,fire_only
NoiseWEBFire1355_jpg.rf.3e1b702a56532c16e9c0ef6061ff76f3.jpg,train,640,640,1.0,5,3,2,95.36474609375,both
NoiseWEBFire1362_jpg.rf.07667f81b1e0a21060ceb1dc5d03474c.jpg,train,640,640,1.0,2,2,0,70.832763671875,fire_only
NoiseWEBFire1362_jpg.rf.e964f55c0d557632d65118da6172484f.jpg,train,640,640,1.0,2,2,0,71.286865234375,fire_only
NoiseWEBFire1365_jpg.rf.d19a6a4efdd887d365e9ab6abe037568.jpg,train,640,640,1.0,3,2,1,83.637451171875,both
NoiseWEBFire1370_jpg.rf.b94943e53d4fae4c058bc2cc8a0984d9.jpg,train,640,640,1.0,2,2,0,78.111572265625,fire_only
NoiseWEBFire1373_jpg.rf.fe3f132ee0d722ed9c71263fe9a08c75.jpg,train,640,640,1.0,3,3,0,65.90478515625,fire_only
NoiseWEBFire1379_jpg.rf.40a9765dba1e1f54cf308b4689e3c64f.jpg,train,640,640,1.0,3,1,2,78.427734375,both
NoiseWEBFire1384_jpg.rf.96ffc1d8458e094a2d9b0cc274501e45.jpg,train,640,640,1.0,4,2,2,46.865966796875,both
NoiseWEBFire1413_jpg.rf.0ada22b829a346a81c5b3cdfc086bfb0.jpg,train,640,640,1.0,3,3,0,55.89013671875,fire_only
NoiseWEBFire1421_jpg.rf.13eec7a400f30f61a658ffe8fb590c17.jpg,train,640,640,1.0,2,2,0,49.070068359375,fire_only
NoiseWEBFire1423_jpg.rf.c4d6ba61632fa6fd2fe04f0bd9d90198.jpg,train,640,640,1.0,3,1,2,82.90869140625,both
NoiseWEBFire1427_jpg.rf.9577ee89a7c516990e10fbd28ac17ffc.jpg,train,640,640,1.0,2,2,0,48.51513671875,fire_only
NoiseWEBFire1441_jpg.rf.cf00ae101147c4f7bdd7dc8d2a4cced3.jpg,train,640,640,1.0,2,1,1,43.2841796875,both
NoiseWEBFire1443_jpg.rf.5642c637e8eca79c99f02912a6dfdfb3.jpg,train,640,640,1.0,3,2,1,77.08984375,both
NoiseWEBFire1445_jpg.rf.80641f2bcf9d9ea40eceb9a87096055a.jpg,train,640,640,1.0,2,1,1,69.6640625,both
NoiseWEBFire1445_jpg.rf.8649028490b515b6d09d3fe4fb586c15.jpg,train,640,640,1.0,2,1,1,69.826416015625,both
NoiseWEBFire1449_jpg.rf.782e7df06e5ececd8b56cbbb69136ade.jpg,train,640,640,1.0,2,2,0,63.31298828125,fire_only
NoiseWEBFire1449_jpg.rf.8d540a647efd03f68a5dd0de9646a586.jpg,train,640,640,1.0,2,2,0,64.051513671875,fire_only
NoiseWEBFire1520_jpg.rf.6b8aefdbba45a054d021d0fa2b7bc6a0.jpg,train,640,640,1.0,4,4,0,32.3837890625,fire_only
NoiseWEBFire169_jpg.rf.ea8586f80afa17ea5b8d895db7e794cf.jpg,train,640,640,1.0,6,4,2,116.723876953125,both
NoiseWEBFire169_jpg.rf.fd4095fa43b7e5661fb72257b421a957.jpg,train,640,640,1.0,6,4,2,118.27197265625,both
NoiseWEBFire174_jpg.rf.2e40aa3acecc97a7fe9e2fa19c80a046.jpg,train,640,640,1.0,2,1,1,85.540771484375,both
NoiseWEBFire177_jpg.rf.b3addd95b7ec283015de0904b605f8ce.jpg,train,640,640,1.0,6,4,2,83.280029296875,both
NoiseWEBFire185_jpg.rf.741134dd57490739eed1995a1279f2e6.jpg,train,640,640,1.0,5,3,2,110.2724609375,both
NoiseWEBFire187_jpg.rf.017e0bd51dacf57234366dd7cc6e39f2.jpg,train,640,640,1.0,2,2,0,78.49658203125,fire_only
NoiseWEBFire202_jpg.rf.7cdf0bbcd3f63ef92e147bb1b8e95432.jpg,train,640,640,1.0,8,8,0,48.64208984375,fire_only
NoiseWEBFire202_jpg.rf.8630eef26a63a88363c9724924baa216.jpg,train,640,640,1.0,8,8,0,47.888671875,fire_only
NoiseWEBFire203_jpg.rf.d5b60bab3c0c5206a9c3f0680690878e.jpg,train,640,640,1.0,8,8,0,48.568115234375,fire_only
NoiseWEBFire2050_jpg.rf.bbfab29d54656826dcb7f4f9622b20f3.jpg,train,640,640,1.0,4,2,2,85.687744140625,both
NoiseWEBFire862_jpg.rf.1c776653dfc9e7ea238bf09ef105488d.jpg,train,640,640,1.0,2,2,0,89.1552734375,fire_only
NoiseWEBFP1264_jpg.rf.1ddfbddd527e7408fe085d2cde3ef61e.jpg,train,640,640,1.0,1,0,1,67.36767578125,smoke_only
NoiseWEBFP1265_jpg.rf.336aa96f2f893a93f096d2061b5b5051.jpg,train,640,640,1.0,1,0,1,68.224853515625,smoke_only
NoiseWEBSmoke032_jpg.rf.ef1fd7ae6cb0b72740992f7340d87a91.jpg,train,640,640,1.0,4,3,1,71.140380859375,both
NoiseWEBSmoke038_jpg.rf.845320b8b92dec4241ae2080a2f8caed.jpg,train,640,640,1.0,2,1,1,92.695556640625,both
NoiseWEBSmoke095_jpg.rf.b375a070f974b8759a3449336c74e7ec.jpg,train,640,640,1.0,3,2,1,104.378662109375,both
NoiseWEBSmoke095_jpg.rf.f898a97d10c1394d07347f71c9978120.jpg,train,640,640,1.0,3,2,1,104.34619140625,both
NoiseWEBSmoke100_jpg.rf.2164b8e1d025443c179b73ec72dbe5e7.jpg,train,640,640,1.0,2,1,1,98.98974609375,both
NoiseWEBSmoke1210_jpg.rf.434adc00c0ff05a5b233f7711ad23288.jpg,train,640,640,1.0,2,1,1,60.324462890625,both
NoiseWEBSmoke1218_jpg.rf.ffb434d1a3cd380588dd422ca8b605e6.jpg,train,640,640,1.0,5,4,1,71.2109375,both
NoiseWEBSmoke1221_jpg.rf.bd6b5395c92f0bb81693a06b97ac4015.jpg,train,640,640,1.0,4,2,2,61.472900390625,both
NoiseWEBSmoke1315_jpg.rf.c60b78ab130ec6da0a77a3adf3658a61.jpg,train,640,640,1.0,3,3,0,92.127685546875,fire_only
NoiseWEBSmoke1334_jpg.rf.b3fd1ad3eb647008d716c0e9ae96b47a.jpg,train,640,640,1.0,2,1,1,73.613525390625,both
NoiseWEBSmoke1795_jpg.rf.0905fb32953a20ecc2658bf9d367066f.jpg,train,640,640,1.0,2,1,1,78.14208984375,both
NoiseWEBSmoke1798_jpg.rf.728868b1ec935bc5425709c6fc7d43cb.jpg,train,640,640,1.0,3,2,1,90.357666015625,both
NoiseWEBSmoke1798_jpg.rf.c1fa85e2638526f253e62e7008e1d4f5.jpg,train,640,640,1.0,3,2,1,89.625244140625,both
NoiseWEBSmoke1862_jpg.rf.33c5c5d80a29b073454f596b922a7f68.jpg,train,640,640,1.0,5,4,1,92.17626953125,both
NoiseWEBSmoke1882_jpg.rf.9bad4d77c32448ea54fb379cae053337.jpg,train,640,640,1.0,5,2,3,64.04052734375,both
NoiseWEBSmoke1888_jpg.rf.ad81f008e5d69f40488be03ce93fcd0d.jpg,train,640,640,1.0,2,1,1,57.19580078125,both
NoiseWEBSmoke1919_jpg.rf.e8ab8006de9c3fb3be3454f4baeeea78.jpg,train,640,640,1.0,3,2,1,66.520263671875,both
NoiseWEBSmoke1933_jpg.rf.26ca899e96d40065fce9a4cd5a16c7a8.jpg,train,640,640,1.0,1,1,0,58.192626953125,fire_only
NoiseWEBSmoke1934_jpg.rf.621931cb479d1549088eeb26c03d198d.jpg,train,640,640,1.0,2,2,0,55.043212890625,fire_only
NoiseWEBSmoke2032_jpg.rf.99758817a55e9dea79535c0b49e0119a.jpg,train,640,640,1.0,4,2,2,80.63671875,both
NoiseWEBSmoke2131_jpg.rf.c12fa72aab496b83ecdd859f11b164e0.jpg,train,640,640,1.0,5,4,1,90.553955078125,both
NoiseWEBSmoke2186_jpg.rf.9e7c83fc91d33f3af8aa62e477db51e5.jpg,train,640,640,1.0,2,1,1,78.97265625,both
NoiseWEBSmoke2186_jpg.rf.a8cc5074ce9564a98e710ca3d93f637a.jpg,train,640,640,1.0,2,1,1,78.494873046875,both
NoiseWEBSmoke2208_jpg.rf.a3ececaa852beb25e2176c439f39bcd4.jpg,train,640,640,1.0,2,1,1,62.993896484375,both
NoiseWEBSmoke2255_jpg.rf.c63b0e69bdced2d4b50954e6a0529c72.jpg,train,640,640,1.0,2,1,1,91.29248046875,both
NoiseWEBSmoke2260_jpg.rf.41c4ef23fd7ef8d4ac6602110b487cd8.jpg,train,640,640,1.0,4,3,1,58.66845703125,both
NoiseWEBSmoke2486_jpg.rf.2cb089375ca604f50afd540ede8a39ea.jpg,train,640,640,1.0,3,2,1,70.503662109375,both
NoiseWEBSmoke2509_jpg.rf.4203af099d8cc764b9d81d5913aac400.jpg,train,640,640,1.0,2,1,1,45.743408203125,both
NoiseWEBSmoke2535_jpg.rf.6dec8a01387343209572caaca9c64f9a.jpg,train,640,640,1.0,4,3,1,68.444580078125,both
NoiseWEBSmoke2539_jpg.rf.4873a35995d86a2b2c79a0b3f69bed9e.jpg,train,640,640,1.0,3,2,1,98.63720703125,both
NoiseWEBSmoke2540_jpg.rf.bbaf0f5d695d3127298a1d3fcfaceb98.jpg,train,640,640,1.0,2,1,1,101.23095703125,both
NoiseWEBSmoke2570_jpg.rf.d13cf03e43e21c10a806fa25ee7d8ce6.jpg,train,640,640,1.0,3,2,1,73.03759765625,both
NoiseWEBSmoke2610_jpg.rf.390bcdbafd06b80e55a88cc5052432a8.jpg,train,640,640,1.0,2,1,1,76.00830078125,both
NoiseWEBSmoke2852_jpg.rf.8acc8cfab4d81fb888bef1a4365a0a67.jpg,train,640,640,1.0,3,1,2,66.349853515625,both
NoiseWEBSmoke2853_jpg.rf.7afb2cb08407b68893bfc1250c5af47a.jpg,train,640,640,1.0,3,1,2,90.900390625,both
NoiseWEBSmoke2854_jpg.rf.dad9d128165239c4f2f877a76a57c411.jpg,train,640,640,1.0,2,1,1,73.711181640625,both
NoiseWEBSmoke2870_jpg.rf.55e04669ce88e04659f1c4aa9acd78ff.jpg,train,640,640,1.0,2,1,1,72.232666015625,both
NoiseWEBSmoke2874_jpg.rf.d215bc31c2faef5387cc175e22a46064.jpg,train,640,640,1.0,4,3,1,68.972412109375,both
NoiseWEBSmoke2874_jpg.rf.edf13f48e455651f1895cbfedcb6d4f8.jpg,train,640,640,1.0,4,3,1,70.311279296875,both
NoiseWEBSmoke2911_jpg.rf.fa3de81d298c730c028cd9f9d834700e.jpg,train,640,640,1.0,2,1,1,69.927490234375,both
NoiseWEBSmoke2919_jpg.rf.16883fc62d830efe214b19553ad974c6.jpg,train,640,640,1.0,2,1,1,105.54833984375,both
NoiseWEBSmoke2919_jpg.rf.bbb870df42bf9f27c1942465f5ccedbc.jpg,train,640,640,1.0,2,1,1,105.43505859375,both
NoiseWEBSmoke2924_jpg.rf.986c5ae7fd6113c6b9edbb6512ffffd8.jpg,train,640,640,1.0,3,2,1,64.21728515625,both
NoiseWEBSmoke2951_jpg.rf.2b48a440e3ca448722a0d2424c059912.jpg,train,640,640,1.0,7,5,2,70.758056640625,both
NoiseWEBSmoke2954_jpg.rf.eed2f75ec019feeb1f971e41dd564942.jpg,train,640,640,1.0,5,4,1,78.6279296875,both
NoiseWEBSmoke298_jpg.rf.d9ebbc456154f6561503d76521c1d69a.jpg,train,640,640,1.0,2,1,1,126.467041015625,both
NoiseWEBSmoke2994_jpg.rf.d0ffa6ed9dbe32f0df5175b333eece21.jpg,train,640,640,1.0,3,2,1,54.884033203125,both
NoiseWEBSmoke3083_jpg.rf.8370f6ba1266ce3a5648e08f924fe29d.jpg,train,640,640,1.0,2,1,1,61.61962890625,both
NoiseWEBSmoke3084_jpg.rf.739a43e7e01a133f3e435e2d9df9b246.jpg,train,640,640,1.0,4,3,1,49.66552734375,both
NoiseWEBSmoke3222_jpg.rf.9683b6e392c28fba41a65549d3c24d97.jpg,train,640,640,1.0,2,1,1,76.653564453125,both
NoiseWEBSmoke3223_jpg.rf.4ddec1a043fcbcf9a71bc096e65bd2e2.jpg,train,640,640,1.0,2,1,1,71.55419921875,both
NoiseWEBSmoke3245_jpg.rf.17713d4b6146f4a4b849aa5c5a1124e2.jpg,train,640,640,1.0,2,1,1,50.616943359375,both
NoiseWEBSmoke3323_jpg.rf.669a24347522dd1047e867dec367ba30.jpg,train,640,640,1.0,5,4,1,70.0556640625,both
NoiseWEBSmoke3325_jpg.rf.71d913787ad33ec1a0b06357d58efdb8.jpg,train,640,640,1.0,2,1,1,120.75634765625,both
NoiseWEBSmoke3325_jpg.rf.cbe4c98293e18f635ef99e7afe1e0a56.jpg,train,640,640,1.0,2,1,1,120.337646484375,both
NoiseWEBSmoke3326_jpg.rf.7197b9fef2c3fcbbc4c8c83762be3c3a.jpg,train,640,640,1.0,3,2,1,110.583984375,both
NoiseWEBSmoke333_jpg.rf.4b6c8747c6cfeffcab19f12019e32acb.jpg,train,640,640,1.0,2,1,1,71.01611328125,both
NoiseWEBSmoke333_jpg.rf.d6db8b07538f45d19e974b6bf994e30b.jpg,train,640,640,1.0,2,1,1,70.58544921875,both
NoiseWEBSmoke3351_jpg.rf.a18d792f7be015ac0371555daee86969.jpg,train,640,640,1.0,2,1,1,122.77294921875,both
NoiseWEBSmoke3355_jpg.rf.c06fab17338c0acb866918c6d8c3ab7c.jpg,train,640,640,1.0,2,1,1,90.276123046875,both
NoiseWEBSmoke3380_jpg.rf.dbbb999fcb6d928cbecb666d0a8be2ce.jpg,train,640,640,1.0,7,4,3,55.27001953125,both
NoiseWEBSmoke3425_jpg.rf.4e94dd4c3adae5faff002555edc67f4f.jpg,train,640,640,1.0,2,1,1,111.669189453125,both
NoiseWEBSmoke343_jpg.rf.4eedc81a921f5bd8799a09337c495bf5.jpg,train,640,640,1.0,7,6,1,93.597900390625,both
NoiseWEBSmoke3534_jpg.rf.f06f483b182fc18a9d06ea43859ea20c.jpg,train,640,640,1.0,3,2,1,71.862060546875,both
NoiseWEBSmoke356_jpg.rf.490221dd502e2a438047b7a7d4da7f48.jpg,train,640,640,1.0,2,1,1,41.559326171875,both
NoiseWEBSmoke356_jpg.rf.6c7a194e2457eb709daf2c1e45e575d3.jpg,train,640,640,1.0,2,1,1,41.3828125,both
NoiseWEBSmoke378_jpg.rf.3d8b2e8a3e748808493ddcdc8ed4a5ac.jpg,train,640,640,1.0,8,6,2,103.763916015625,both
NoiseWEBSmoke381_jpg.rf.d30cb290816cbd893125f84044848974.jpg,train,640,640,1.0,3,2,1,71.288818359375,both
NoiseWEBSmoke433_jpg.rf.345ee6f9b23a2bd7a1ac466c1e7b913e.jpg,train,640,640,1.0,3,2,1,115.234130859375,both
NoiseWEBSmoke480_jpg.rf.7e37393f1e496c69ac2ba763e87a9052.jpg,train,640,640,1.0,2,1,1,76.94921875,both
NoiseWEBSmoke623_jpg.rf.a633035e3157b6d7cfeec3dc3f651aaa.jpg,train,640,640,1.0,3,1,2,76.0859375,both
NoiseWEBSmoke623_jpg.rf.eb66050970f94370fc6c55422dd8eae1.jpg,train,640,640,1.0,3,1,2,73.85693359375,both
NoiseWEBSmoke633_jpg.rf.660a99ef57ad2ba80ae423922a554ab7.jpg,train,640,640,1.0,3,3,0,66.6943359375,fire_only
NoiseWEBSmoke707_jpg.rf.b2cb2f259553cbb9c475fa53c226fd3a.jpg,train,640,640,1.0,5,4,1,65.220947265625,both
NoiseWEBSmoke709_jpg.rf.dfe403fddaa43ad33e9c10924847842d.jpg,train,640,640,1.0,3,1,2,68.074462890625,both
SYCZZAJQ65HKRAXZP63DEOKGW4_jpg.rf.60a3e97d03ad438686ea5fe3c142db8a.jpg,train,640,640,1.0,2,1,1,105.36083984375,both
SYCZZAJQ65HKRAXZP63DEOKGW4_jpg.rf.e48693122b0dfb8c8361b641a9c8b80d.jpg,train,640,640,1.0,2,1,1,104.77197265625,both
WEBFire052_jpg.rf.04044f570bc5090a72005784d0e22f30.jpg,train,640,640,1.0,2,1,1,75.60693359375,both
WEBFire054_jpg.rf.09bf73cb052d6c42601267b9657c81cf.jpg,train,640,640,1.0,2,1,1,55.30224609375,both
WEBFire054_jpg.rf.af4d74662e35af77108e517ccb95c80b.jpg,train,640,640,1.0,2,1,1,56.200927734375,both
WEBFire060_jpg.rf.8dbb55d0fec51242ebc359453a8d962c.jpg,train,640,640,1.0,3,1,2,89.540283203125,both
WEBFire067_jpg.rf.613f0c3c99681111e2009e2a459c1a3b.jpg,train,640,640,1.0,3,2,1,54.826171875,both
WEBFire067_jpg.rf.f15f48e98ee86b69d732370cc8092cd8.jpg,train,640,640,1.0,3,2,1,55.392333984375,both
WEBFire1024_jpg.rf.1785006c691fb16c1fd6ab4f3b646063.jpg,train,640,640,1.0,3,2,1,64.498779296875,both
WEBFire1025_jpg.rf.5c3a16d69ed1c9ae811c07b0e7b496a2.jpg,train,640,640,1.0,3,2,1,63.319091796875,both
WEBFire103_jpg.rf.183ee72e6ddee6f4ea4e893a34796b88.jpg,train,640,640,1.0,6,6,0,38.866455078125,fire_only
WEBFire1042_jpg.rf.7ac98416d8a58bb2c22d1b439b1ed45a.jpg,train,640,640,1.0,3,2,1,76.413818359375,both
WEBFire1043_jpg.rf.c2f750c81fb805ef9d7cbf4b1fd3c2d4.jpg,train,640,640,1.0,3,2,1,88.105224609375,both
WEBFire1046_jpg.rf.8206a71405b267a2a67a6bf2a700cb8b.jpg,train,640,640,1.0,1,1,0,52.7392578125,fire_only
WEBFire1047_jpg.rf.aa002799f325379a4567bbd4dc4cc33e.jpg,train,640,640,1.0,2,2,0,44.225830078125,fire_only
WEBFire1054_jpg.rf.1cec9f15cec01e08bbb4bcd7f19ca76b.jpg,train,640,640,1.0,5,4,1,58.9384765625,both
WEBFire1078_jpg.rf.9a4c5f83a1f4820b2f45bcbe38fca410.jpg,train,640,640,1.0,5,5,0,54.47216796875,fire_only
WEBFire1083_jpg.rf.b1f643b3858fe5d3b7e4ffe88a786c3e.jpg,train,640,640,1.0,3,2,1,59.160888671875,both
WEBFire1085_jpg.rf.762e4ad0c258abb7d5d30035815a87d7.jpg,train,640,640,1.0,4,3,1,45.77685546875,both
WEBFire1085_jpg.rf.ebd9ecd30c16856913f87b019f256de6.jpg,train,640,640,1.0,4,3,1,45.919677734375,both
WEBFire1090_jpg.rf.e361b9f0fdce42ccd41d1c4c45d76b4f.jpg,train,640,640,1.0,2,1,1,51.66552734375,both
WEBFire1092_jpg.rf.4758dab07e4016af2c099e57cea7df40.jpg,train,640,640,1.0,3,2,1,58.478515625,both
WEBFire1098_jpg.rf.ef8ed00bcd441712f477e5a3a4a121a4.jpg,train,640,640,1.0,1,1,0,61.3564453125,fire_only
WEBFire1119_jpg.rf.adca99477ee514e9b8a03de5758f4288.jpg,train,640,640,1.0,4,4,0,39.875,fire_only
WEBFire1120_jpg.rf.0e50cfe9250b7b60892c776ef89befc4.jpg,train,640,640,1.0,9,8,1,75.02197265625,both
WEBFire1121_jpg.rf.0e4f5003c1d67a2825b8170a23fe9ea9.jpg,train,640,640,1.0,8,7,1,75.44482421875,both
WEBFire1131_jpg.rf.0d615fb67cb096f6e34a47bec3d7e22d.jpg,train,640,640,1.0,2,1,1,67.3154296875,both
WEBFire1131_jpg.rf.f1f8622bbfc5f08ec2c2cd1f017e5f84.jpg,train,640,640,1.0,2,1,1,67.3154296875,both
WEBFire1133_jpg.rf.bbdd71e1245a1aa34b34d86dce2aa744.jpg,train,640,640,1.0,8,8,0,52.10546875,fire_only
WEBFire1147_jpg.rf.fc698665a50e6f9a9204d887ce4f23bf.jpg,train,640,640,1.0,8,7,1,90.8623046875,both
WEBFire1157_jpg.rf.bf142690224aecfd9b12af3511b8e0f9.jpg,train,640,640,1.0,1,1,0,39.822998046875,fire_only
WEBFire1169_jpg.rf.06e664995e9e22729eba0cc6f9089650.jpg,train,640,640,1.0,2,2,0,27.88427734375,fire_only
WEBFire1180_jpg.rf.f30144e1ebcb72bebc45336495c796f6.jpg,train,640,640,1.0,8,8,0,60.281005859375,fire_only
WEBFire1180_jpg.rf.f91ac7b968bc66690f223470fa582dcf.jpg,train,640,640,1.0,8,8,0,61.5654296875,fire_only
WEBFire1187_jpg.rf.6ddb7a17532d9b924196485cfc7d9ec3.jpg,train,640,640,1.0,3,2,1,39.218994140625,both
WEBFire1191_jpg.rf.50c7de773df4a721a9ab89a40c0770ca.jpg,train,640,640,1.0,2,1,1,48.94091796875,both
WEBFire1191_jpg.rf.e3fe61917fb0d87c29c41dcbeb0abfaf.jpg,train,640,640,1.0,2,1,1,50.027099609375,both
WEBFire1194_jpg.rf.7ccc1a2edf805031f8f2212e88947ead.jpg,train,640,640,1.0,3,1,2,47.6435546875,both
WEBFire1196_jpg.rf.2f2b45ccf8a0a1e3cfd39dce0ee4f87c.jpg,train,640,640,1.0,2,1,1,41.43017578125,both
WEBFire1196_jpg.rf.3c28434e2cbcb47355f60393e117a435.jpg,train,640,640,1.0,2,1,1,40.19140625,both
WEBFire1198_jpg.rf.aaa845c75befc04d6bce8e943ce63c3f.jpg,train,640,640,1.0,1,1,0,60.2578125,fire_only
WEBFire1205_jpg.rf.c77f2e27476c28b9585cd61ad46ace68.jpg,train,640,640,1.0,1,1,0,58.24169921875,fire_only
WEBFire1205_jpg.rf.fac3c41f7324a4eeecbf75cd929f4331.jpg,train,640,640,1.0,1,1,0,58.790283203125,fire_only
WEBFire1207_jpg.rf.ceeefa12f37c4129f17fc61d8dd31f1b.jpg,train,640,640,1.0,2,1,1,35.514404296875,both
WEBFire1212_jpg.rf.d517201a0f75792a7743a387e73a1e36.jpg,train,640,640,1.0,2,1,1,61.335693359375,both
WEBFire1219_jpg.rf.8044431bf949217800af4140a1f552d8.jpg,train,640,640,1.0,2,2,0,22.224853515625,fire_only
WEBFire1221_jpg.rf.48a53e72c087600c38a83a7fa956eec5.jpg,train,640,640,1.0,1,1,0,46.530517578125,fire_only
WEBFire1224_jpg.rf.a302ae2829689ddfe135c06bd537b869.jpg,train,640,640,1.0,1,1,0,28.12548828125,fire_only
WEBFire1224_jpg.rf.ed19058646f57725bef052cee1668bb3.jpg,train,640,640,1.0,1,1,0,29.65380859375,fire_only
WEBFire1230_jpg.rf.13ee4355d2a126adb70ada951d70be66.jpg,train,640,640,1.0,1,1,0,41.396240234375,fire_only
WEBFire1231_jpg.rf.d2d850745792188c06042975cc57855c.jpg,train,640,640,1.0,1,1,0,24.961181640625,fire_only
WEBFire1242_jpg.rf.2fe9cb14a304181aad2d502d362024d7.jpg,train,640,640,1.0,1,1,0,12.517822265625,fire_only
WEBFire1251_jpg.rf.985959df39125ed0b69d45a4448e2547.jpg,train,640,640,1.0,9,8,1,38.00146484375,both
WEBFire1256_jpg.rf.10005956cb07c3aed20c69951aa914fe.jpg,train,640,640,1.0,1,1,0,93.30029296875,fire_only
WEBFire1256_jpg.rf.aefa9aa52f160bd74cb633ea5fe326c2.jpg,train,640,640,1.0,1,1,0,94.251953125,fire_only
WEBFire1307_jpg.rf.b69b53f0c411cdd87514a6ee639e421c.jpg,train,640,640,1.0,1,1,0,47.656494140625,fire_only
WEBFire1324_jpg.rf.2e4bfc4ebf2e54f4ac7862c7f0c8b033.jpg,train,640,640,1.0,5,3,2,85.837890625,both
WEBFire1330_jpg.rf.b51fd0bc08046df56c6d1a468cb3dbf6.jpg,train,640,640,1.0,3,3,0,37.84814453125,fire_only
WEBFire1342_jpg.rf.20d40e0688cad9ceb63c565dc9bdcf9f.jpg,train,640,640,1.0,5,5,0,75.698974609375,fire_only
WEBFire1354_jpg.rf.3a58a9a168cb67fafa5f5166c426a46c.jpg,train,640,640,1.0,5,3,2,91.234130859375,both
WEBFire1354_jpg.rf.b76506d055eb40520859a88f809af2b5.jpg,train,640,640,1.0,5,3,2,92.103271484375,both
WEBFire1356_jpg.rf.693c1c9b33c52e44b3ee700c28305deb.jpg,train,640,640,1.0,5,4,1,77.10498046875,both
WEBFire1356_jpg.rf.da300be01409547036a4336ff0595141.jpg,train,640,640,1.0,5,4,1,77.44384765625,both
WEBFire1358_jpg.rf.c8d0713f88c250a675564887a7b7fef6.jpg,train,640,640,1.0,5,5,0,69.941162109375,fire_only
WEBFire1362_jpg.rf.ba76e52faa0f5426d181f37d28909992.jpg,train,640,640,1.0,3,2,1,65.162841796875,both
WEBFire1365_jpg.rf.961b1d0b8f0b464fd639799a3ea7eaa1.jpg,train,640,640,1.0,3,2,1,72.968994140625,both
WEBFire1367_jpg.rf.ca86154a9a86fd2b8537f9dc99492e5e.jpg,train,640,640,1.0,3,3,0,36.051025390625,fire_only
WEBFire1370_jpg.rf.70806cdda5fce0bec834d39d37af8d93.jpg,train,640,640,1.0,2,2,0,74.669921875,fire_only
WEBFire1371_jpg.rf.cb083ca2d88921f45b6294f8bd7facba.jpg,train,640,640,1.0,4,2,2,100.80908203125,both
WEBFire1374_jpg.rf.7d2638d81214c8f3750f6d54bb9753f0.jpg,train,640,640,1.0,2,1,1,35.41259765625,both
WEBFire1379_jpg.rf.6dcacbea57718f99777b092366a61d94.jpg,train,640,640,1.0,3,1,2,70.12841796875,both
WEBFire1380_jpg.rf.dbfb49ea57fc0484504cecda9d8c7010.jpg,train,640,640,1.0,2,2,0,31.142822265625,fire_only
WEBFire1384_jpg.rf.95f7bfe7e3d52aae51c182ca501893c8.jpg,train,640,640,1.0,2,2,0,36.91845703125,fire_only
WEBFire1384_jpg.rf.e3bf05af2845a5a2c46f8b354dce30c9.jpg,train,640,640,1.0,2,2,0,37.668701171875,fire_only
WEBFire1393_jpg.rf.25f7f91f293984ea4aeb9d30e74880a2.jpg,train,640,640,1.0,3,3,0,28.475341796875,fire_only
WEBFire1393_jpg.rf.dfa7bbaf3624c207b5da5ae37637876f.jpg,train,640,640,1.0,3,3,0,28.475341796875,fire_only
WEBFire1394_jpg.rf.54eac1b088ab9680b899ebab4620630d.jpg,train,640,640,1.0,4,2,2,33.018798828125,both
WEBFire1398_jpg.rf.b61638a56ca785c965561f54a0b76eaa.jpg,train,640,640,1.0,5,4,1,58.348388671875,both
WEBFire1402_jpg.rf.ac552f63b9c5f1c28c64b8c0d7d3acd5.jpg,train,640,640,1.0,3,3,0,31.962890625,fire_only
WEBFire1406_jpg.rf.44508dd10eccbf2ab5ff6e589d87c462.jpg,train,640,640,1.0,4,4,0,44.442138671875,fire_only
WEBFire1407_jpg.rf.d37c87a575b46af9fe82cd91c5a67383.jpg,train,640,640,1.0,1,1,0,33.500732421875,fire_only
WEBFire1409_jpg.rf.af9af9fee211923d687862adfb92545a.jpg,train,640,640,1.0,5,4,1,72.762939453125,both
WEBFire1411_jpg.rf.d480c198ab663298c2225be5b0ed9693.jpg,train,640,640,1.0,4,2,2,65.4296875,both
WEBFire1412_jpg.rf.39e7298b74f821f8c6213b260423f1d8.jpg,train,640,640,1.0,2,2,0,72.01416015625,fire_only
WEBFire1412_jpg.rf.fd412a9940f96f52614fe105f5527090.jpg,train,640,640,1.0,2,2,0,72.367919921875,fire_only
WEBFire1414_jpg.rf.f1432f0164493df37226d5eba1b93a9a.jpg,train,640,640,1.0,2,1,1,66.033935546875,both
WEBFire1415_jpg.rf.7dbeead71669811f3d1ee30c4711547b.jpg,train,640,640,1.0,1,1,0,47.149658203125,fire_only
WEBFire1419_jpg.rf.364ab456f0e070f19c223ea350c9bcee.jpg,train,640,640,1.0,2,2,0,50.540283203125,fire_only
WEBFire1419_jpg.rf.ddaf34a4897d9e9bf4eab4b2ae9c0eb4.jpg,train,640,640,1.0,2,2,0,50.77587890625,fire_only
WEBFire1420_jpg.rf.da3e750ffc5f153186f401fc0a9162b4.jpg,train,640,640,1.0,2,2,0,55.6357421875,fire_only
WEBFire1421_jpg.rf.9e8dbf8aafb4f151d315062a38d5c159.jpg,train,640,640,1.0,2,2,0,37.95849609375,fire_only
WEBFire1423_jpg.rf.6da552a737d1a5df67346032d7accd01.jpg,train,640,640,1.0,1,1,0,75.744384765625,fire_only
WEBFire1424_jpg.rf.f2134300628d0d8534a2337f2c5f13c6.jpg,train,640,640,1.0,6,6,0,57.929443359375,fire_only
WEBFire1430_jpg.rf.861a5a2bf2d222baf8839bdf0c41bc7f.jpg,train,640,640,1.0,3,2,1,95.08935546875,both
WEBFire1431_jpg.rf.f5a9c480f34ae492874b25be4760afd0.jpg,train,640,640,1.0,3,2,1,39.75341796875,both
WEBFire1433_jpg.rf.9040578b75db2d2061e12c0ea73da19d.jpg,train,640,640,1.0,3,2,1,70.751708984375,both
WEBFire1433_jpg.rf.a8d0623e6ebacc449d72d25ce9fd72ce.jpg,train,640,640,1.0,3,2,1,71.227783203125,both
WEBFire1438_jpg.rf.4886d5936347a8aae2098e74ba2888ef.jpg,train,640,640,1.0,2,1,1,81.051513671875,both
WEBFire1440_jpg.rf.a556c7c4473838c0083a32b02028ef01.jpg,train,640,640,1.0,4,3,1,71.4287109375,both
WEBFire1441_jpg.rf.2dd2dca5d6eb7d388de104d813429358.jpg,train,640,640,1.0,2,1,1,33.2734375,both
WEBFire1443_jpg.rf.7737c1b2ac30c1108b8cfa22add32c11.jpg,train,640,640,1.0,3,2,1,75.332275390625,both
WEBFire1443_jpg.rf.aa9d9d31f65ecd715d0acbf2213f639d.jpg,train,640,640,1.0,3,2,1,75.079833984375,both
WEBFire1445_jpg.rf.ac55b8e64cc6e5ab9d217ae33c23fdca.jpg,train,640,640,1.0,2,1,1,66.293701171875,both
WEBFire1448_jpg.rf.02ed6460f6cfcff0f4a60228a3e321a2.jpg,train,640,640,1.0,4,4,0,66.831298828125,fire_only
WEBFire1449_jpg.rf.ca560a1f23c504ca3c8478e31c5cd427.jpg,train,640,640,1.0,4,4,0,59.107666015625,fire_only
WEBFire1459_jpg.rf.a5130a3b1781939fab5851df0fd26c34.jpg,train,640,640,1.0,4,4,0,56.187255859375,fire_only
WEBFire1462_jpg.rf.ea027a5614b0201e206ebfac68e27a5f.jpg,train,640,640,1.0,3,3,0,48.0888671875,fire_only
WEBFire1471_jpg.rf.fbe2fc934990fb915136538bf8d38768.jpg,train,640,640,1.0,2,2,0,62.6318359375,fire_only
WEBFire1475_jpg.rf.c60462d7b3aad8492224b932c6a0333c.jpg,train,640,640,1.0,4,4,0,74.693359375,fire_only
WEBFire1481_jpg.rf.237f3d5979d2e6d143728fad16e0801d.jpg,train,640,640,1.0,2,2,0,56.43701171875,fire_only
WEBFire1520_jpg.rf.f2c35d39672d1ea17f96f1d28b6f16ab.jpg,train,640,640,1.0,4,4,0,19.654296875,fire_only
WEBFire1528_jpg.rf.721846b2e0dbf3cae059c938fd14e59a.jpg,train,640,640,1.0,1,1,0,22.048583984375,fire_only
WEBFire1535_jpg.rf.4a3eb2b9a28b69615f30e12b653eaa45.jpg,train,640,640,1.0,1,1,0,34.902587890625,fire_only
WEBFire1539_jpg.rf.2e0146faa3f45bf8248f74df4b47709e.jpg,train,640,640,1.0,1,1,0,62.420166015625,fire_only
WEBFire1539_jpg.rf.ca81bbc7f06ccae13dc4dcb50483830b.jpg,train,640,640,1.0,1,1,0,61.7470703125,fire_only
WEBFire1540_jpg.rf.a288685d5681600668f04c969a1a61ca.jpg,train,640,640,1.0,1,1,0,44.327880859375,fire_only
WEBFire1542_jpg.rf.debd4d58db37f1362b48d1e50ae61b8f.jpg,train,640,640,1.0,2,2,0,51.134521484375,fire_only
WEBFire1546_jpg.rf.7936ee892c5d8dca6d9c3f3d48b552d8.jpg,train,640,640,1.0,3,3,0,43.40625,fire_only
WEBFire1547_jpg.rf.c49e76a996f70a36728e79aa3d58067b.jpg,train,640,640,1.0,1,1,0,60.87939453125,fire_only
WEBFire1550_jpg.rf.06407b5af2f75e5dcb623c1470b83e17.jpg,train,640,640,1.0,1,1,0,11.488525390625,fire_only
WEBFire1551_jpg.rf.b0e797c523a05160d388a310c67bcb6d.jpg,train,640,640,1.0,2,2,0,24.35498046875,fire_only
WEBFire1552_jpg.rf.25f9ab1906f7debac10e1739073c4b9a.jpg,train,640,640,1.0,1,1,0,20.384765625,fire_only
WEBFire1554_jpg.rf.f25270da0145507ae25044ad6907879e.jpg,train,640,640,1.0,1,1,0,6.130615234375,fire_only
WEBFire1555_jpg.rf.9ac811d975436bed5fa1cd6af68e2b6d.jpg,train,640,640,1.0,1,1,0,4.354248046875,fire_only
WEBFire1556_jpg.rf.dcae3c557c98145867c53b4849877d48.jpg,train,640,640,1.0,1,1,0,6.480224609375,fire_only
WEBFire1588_jpg.rf.881ca158449b5e35ec3f9d8b183490ac.jpg,train,640,640,1.0,4,1,3,103.87841796875,both
WEBFire1598_jpg.rf.16889a92babc7a8cc44e1866e37bf54f.jpg,train,640,640,1.0,1,1,0,85.07958984375,fire_only
WEBFire1631_jpg.rf.e7121194d2a83a82159e9b5b131aec49.jpg,train,640,640,1.0,2,1,1,76.040771484375,both
WEBFire164_jpg.rf.82315d38349f8b758de2075f4437f1ea.jpg,train,640,640,1.0,3,2,1,87.369384765625,both
WEBFire1665_jpg.rf.f926d0cd945c9646787ef0f83bfc430a.jpg,train,640,640,1.0,2,1,1,91.291015625,both
WEBFire1667_jpg.rf.c4ff8a3eceefe95f7f2e943d487d9b0f.jpg,train,640,640,1.0,3,2,1,100.05322265625,both
WEBFire1671_jpg.rf.f815963d0adb57fde5bda3fdedd77707.jpg,train,640,640,1.0,3,2,1,112.32763671875,both
WEBFire1695_jpg.rf.25a1d7ac375f529abfb4efd40259d518.jpg,train,640,640,1.0,2,1,1,106.44189453125,both
WEBFire169_jpg.rf.bf7fce828b9d706b40d5e755e22d153f.jpg,train,640,640,1.0,4,4,0,115.17822265625,fire_only
WEBFire1709_jpg.rf.21c66a5309cf9baf5eaa30d3ab5ef69a.jpg,train,640,640,1.0,1,1,0,64.85986328125,fire_only
WEBFire1717_jpg.rf.30c422a0ca546bc8d6d2c151988316ed.jpg,train,640,640,1.0,2,2,0,97.042236328125,fire_only
WEBFire1719_jpg.rf.0458997da32866b352f70513d2f336bd.jpg,train,640,640,1.0,1,1,0,57.15283203125,fire_only
WEBFire1719_jpg.rf.c1062e070014f2945c5f09c39d6dca1d.jpg,train,640,640,1.0,1,1,0,57.15283203125,fire_only
WEBFire1725_jpg.rf.c2cdce4e343f12ec2fb2f87e7c63aee9.jpg,train,640,640,1.0,1,1,0,17.54052734375,fire_only
WEBFire175_jpg.rf.01d8bfa5febe36532d2fe99d49dbbf5d.jpg,train,640,640,1.0,2,2,0,76.2685546875,fire_only
WEBFire177_jpg.rf.14cabec45b8f979ad4b14ebcbed4a207.jpg,train,640,640,1.0,6,4,2,76.169189453125,both
WEBFire1816_jpg.rf.1b49cafe0369588cbcec8595494d7372.jpg,train,640,640,1.0,3,3,0,53.43603515625,fire_only
WEBFire1847_jpg.rf.d1b60df0f463d2e9332cb6189407b8ef.jpg,train,640,640,1.0,3,3,0,74.931640625,fire_only
WEBFire1858_jpg.rf.61c8557a32fbe6c3c16eb14e2ffa9b2b.jpg,train,640,640,1.0,4,4,0,34.69775390625,fire_only
WEBFire185_jpg.rf.0759e11bf4b0c9820ca71abcb501871c.jpg,train,640,640,1.0,5,3,2,109.94775390625,both
WEBFire1870_jpg.rf.6bc70e4311008ced8a109a462dbd9afa.jpg,train,640,640,1.0,6,6,0,51.080810546875,fire_only
WEBFire187_jpg.rf.dca96152d439fea3807f1d2c2b4b428e.jpg,train,640,640,1.0,2,2,0,77.114990234375,fire_only
WEBFire1882_jpg.rf.1302c48de134413eb8b54cf3875f6873.jpg,train,640,640,1.0,3,3,0,94.74755859375,fire_only
WEBFire1885_jpg.rf.82e208a8c5db68639a19e2db5c1c55a0.jpg,train,640,640,1.0,2,1,1,75.51220703125,both
WEBFire1887_jpg.rf.aa44ecad6b4e66c055e7b5082886bbd2.jpg,train,640,640,1.0,5,5,0,49.771240234375,fire_only
WEBFire1892_jpg.rf.8107c1ca3570c33bdb55fd474f66d415.jpg,train,640,640,1.0,4,4,0,47.2021484375,fire_only
WEBFire1894_jpg.rf.dbcb5e3417ad059d3f5fea5bc20cddfd.jpg,train,640,640,1.0,2,2,0,76.634033203125,fire_only
WEBFire189_jpg.rf.5c136244be9b4a6c0501176009e3a6ef.jpg,train,640,640,1.0,6,5,1,54.7900390625,both
WEBFire1910_jpg.rf.58c529c3f926c1f67ab99cf64802d840.jpg,train,640,640,1.0,1,1,0,43.864013671875,fire_only
WEBFire192_jpg.rf.c91355e9e06db277141dced5c3509bad.jpg,train,640,640,1.0,3,2,1,59.69580078125,both
WEBFire1959_jpg.rf.71cf8d74eab6072a002c36f496e87d1e.jpg,train,640,640,1.0,2,1,1,65.861328125,both
WEBFire1971_jpg.rf.295bd7f74b13baa57fad020bb716e30d.jpg,train,640,640,1.0,9,9,0,33.920654296875,fire_only
WEBFire197_jpg.rf.33f2b2f5448c7107c6ab4d475330cbce.jpg,train,640,640,1.0,4,3,1,93.84326171875,both
WEBFire198_jpg.rf.c61ade1a01b463cdf090c8cd751beae5.jpg,train,640,640,1.0,4,4,0,54.1650390625,fire_only
WEBFire1995_jpg.rf.3833667c18ba6a421b537a75561ba49d.jpg,train,640,640,1.0,4,4,0,60.158203125,fire_only
WEBFire2013_jpg.rf.29e0fd63edd4336dd3780fea36378c3f.jpg,train,640,640,1.0,3,2,1,78.419921875,both
WEBFire2027_jpg.rf.fb1710cc2ed613aaa4912988d2a8c085.jpg,train,640,640,1.0,6,5,1,99.83837890625,both
WEBFire202_jpg.rf.52b49f808daf2c95ac8a9f660d69df33.jpg,train,640,640,1.0,8,8,0,39.781982421875,fire_only
WEBFire2033_jpg.rf.4e2b41eaf150992987bf0b5947b17e82.jpg,train,640,640,1.0,4,4,0,17.5654296875,fire_only
WEBFire203_jpg.rf.334dab0c011d4becaac2d2ba7162ea10.jpg,train,640,640,1.0,8,8,0,39.70849609375,fire_only
WEBFire2048_jpg.rf.a4e96c3c682eda429350b2a9f6e2e5a2.jpg,train,640,640,1.0,4,3,1,46.927490234375,both
WEBFire204_jpg.rf.6dea9a3d743611c80e725829170a9f97.jpg,train,640,640,1.0,7,7,0,39.569091796875,fire_only
WEBFire204_jpg.rf.b4a3ec35ff0a4a503c22a36c263dfa92.jpg,train,640,640,1.0,7,7,0,38.753662109375,fire_only
WEBFire2050_jpg.rf.ae6d89d5285f81a65b213c59b8b0eefc.jpg,train,640,640,1.0,4,2,2,82.192138671875,both
WEBFire2084_jpg.rf.5561bdea88319b4279f4ac18ffdec186.jpg,train,640,640,1.0,3,2,1,51.125244140625,both
WEBFire2133_jpg.rf.07e07d0f05510b8048903967fb1fc3c1.jpg,train,640,640,1.0,7,7,0,30.888671875,fire_only
WEBFire2198_jpg.rf.1b67c1770826a3d39132f5779c03e912.jpg,train,640,640,1.0,3,3,0,21.72607421875,fire_only
WEBFire242_jpg.rf.4ee1fb90f0a49ab491943da88c2caafc.jpg,train,640,640,1.0,10,10,0,40.13671875,fire_only
WEBFire242_jpg.rf.b9b51f9b3cbae7f0292c04513e05c7d8.jpg,train,640,640,1.0,10,10,0,38.7138671875,fire_only
WEBFire243_jpg.rf.958d3cfeb0a8884a77f178f909f97368.jpg,train,640,640,1.0,8,8,0,36.65087890625,fire_only
WEBFire245_jpg.rf.f7cf27eea4931f5bebf22b8571e77a64.jpg,train,640,640,1.0,8,8,0,31.0283203125,fire_only
WEBFire247_jpg.rf.3b3aeec9597e7d32578a22ad95828d2c.jpg,train,640,640,1.0,7,7,0,22.84521484375,fire_only
WEBFire247_jpg.rf.7e963d01c6d5aedf83fe333fb62c1145.jpg,train,640,640,1.0,7,7,0,21.545166015625,fire_only
WEBFire248_jpg.rf.7d85a3549c71df6058721433ac9a0b0e.jpg,train,640,640,1.0,7,7,0,20.202392578125,fire_only
WEBFire248_jpg.rf.c106f4c61feee759e4b4945f7c574c20.jpg,train,640,640,1.0,7,7,0,21.484375,fire_only
WEBFire250_jpg.rf.d90cc1097ec7cfea76b4da9f069e8c87.jpg,train,640,640,1.0,7,6,1,23.620849609375,both
WEBFire259_jpg.rf.48517e2f5fd8b8dfbbd99451656a0305.jpg,train,640,640,1.0,4,4,0,61.645751953125,fire_only
WEBFire269_jpg.rf.6b66689402106120eb59cdeade2acfc8.jpg,train,640,640,1.0,11,11,0,49.280029296875,fire_only
WEBFire290_jpg.rf.2246deb98b0b56cf91ccd07cf8739908.jpg,train,640,640,1.0,4,2,2,64.215576171875,both
WEBFire299_jpg.rf.0c8a50181e3099f03b3dec4a0d28b0ae.jpg,train,640,640,1.0,2,1,1,68.832275390625,both
WEBFire424_jpg.rf.6d3786044a0c6df423c6e4dd64550a72.jpg,train,640,640,1.0,1,1,0,76.03564453125,fire_only
WEBFire427_jpg.rf.68b1d943d4d57a1c9db0b843e3ac292a.jpg,train,640,640,1.0,2,1,1,77.002197265625,both
WEBFire428_jpg.rf.d91ff00ca94bedf06540c776b09d7583.jpg,train,640,640,1.0,2,1,1,73.17578125,both
WEBFire428_jpg.rf.e67d987708706b126f7ee48a3e726e54.jpg,train,640,640,1.0,2,1,1,72.462646484375,both
WEBFire563_jpg.rf.ddafa808941866862c74868c9a463311.jpg,train,640,640,1.0,3,3,0,33.91259765625,fire_only
WEBFire565_jpg.rf.2d8ca52135fd31564c005d412a6c93a5.jpg,train,640,640,1.0,2,2,0,68.407470703125,fire_only
WEBFire568_jpg.rf.280530d20c35e55d31b5d04a77e36c76.jpg,train,640,640,1.0,3,2,1,51.781005859375,both
WEBFire574_jpg.rf.a620634b48bffce90b139b168254d186.jpg,train,640,640,1.0,7,5,2,151.6337890625,both
WEBFire575_jpg.rf.46d576986fb8d7dc814ed85346f7a4f0.jpg,train,640,640,1.0,2,1,1,27.045166015625,both
WEBFire576_jpg.rf.1a25eda2a83d0ef39fa6840676e39176.jpg,train,640,640,1.0,3,3,0,91.31298828125,fire_only
WEBFire577_jpg.rf.368c1821ca6617f5444391e6f5224d1c.jpg,train,640,640,1.0,3,3,0,90.78564453125,fire_only
WEBFire579_jpg.rf.0b365d9b743a318ad1cf013392a62cc2.jpg,train,640,640,1.0,3,3,0,90.78076171875,fire_only
WEBFire580_jpg.rf.a3b478e2e9235a31531ac699b39e7128.jpg,train,640,640,1.0,1,1,0,66.304443359375,fire_only
WEBFire653_jpg.rf.229e6e340bee1ea2371c52085310c0d5.jpg,train,640,640,1.0,3,2,1,80.521728515625,both
WEBFire752_jpg.rf.372fc8fd29ea41604b42491d6fe49ec8.jpg,train,640,640,1.0,3,1,2,82.328369140625,both
WEBFire941_jpg.rf.4c77f755fbe32a23a3404bfbd5c79188.jpg,train,640,640,1.0,6,6,0,48.120361328125,fire_only
WEBFP1272_jpg.rf.c43d4556ffcbf8f47c6448a883dc3e51.jpg,train,640,640,1.0,1,0,1,64.0498046875,smoke_only
WEBSmoke013_jpg.rf.db3dc7eaaa6242933803fcf32afdfa8e.jpg,train,640,640,1.0,3,2,1,84.615966796875,both
WEBSmoke032_jpg.rf.b21420724a30d92caf21142cda0ff68e.jpg,train,640,640,1.0,4,3,1,63.824462890625,both
WEBSmoke038_jpg.rf.77c57208612faa21b781d13fc0ab9b51.jpg,train,640,640,1.0,2,1,1,90.316162109375,both
WEBSmoke045_jpg.rf.fd1bb7b17bfb9e7f190e7a3176ffcbc5.jpg,train,640,640,1.0,1,0,1,99.82177734375,smoke_only
WEBSmoke055_jpg.rf.09da9b31b560a5611cf9cba0e1cc0b7f.jpg,train,640,640,1.0,3,1,2,87.483642578125,both
WEBSmoke055_jpg.rf.78a8159f4a75c7d98f7b1456a70e1d5c.jpg,train,640,640,1.0,3,1,2,87.483642578125,both
WEBSmoke1007_jpg.rf.652925fda8e4555e20910b5f9c143903.jpg,train,640,640,1.0,1,1,0,64.082763671875,fire_only
WEBSmoke1007_jpg.rf.a460cb24a4b39e1e219c6dcea924eea9.jpg,train,640,640,1.0,1,1,0,64.6708984375,fire_only
WEBSmoke100_jpg.rf.6638dd937a473f538afc73004bd3501d.jpg,train,640,640,1.0,2,1,1,96.0712890625,both
WEBSmoke1075_jpg.rf.4b81cc93b519196303afe759e1d1a122.jpg,train,640,640,1.0,2,2,0,84.239013671875,fire_only
WEBSmoke1075_jpg.rf.ed305c7039b26bccc70147dc1b002576.jpg,train,640,640,1.0,2,2,0,84.429931640625,fire_only
WEBSmoke1082_jpg.rf.44ef2ea718c33847de4aa76506ce4719.jpg,train,640,640,1.0,4,3,1,57.605712890625,both
WEBSmoke1089_jpg.rf.23758bc36360630e0033a36df17e1970.jpg,train,640,640,1.0,3,2,1,91.608642578125,both
WEBSmoke1089_jpg.rf.87de66491de885fec39dcdb8ef50d545.jpg,train,640,640,1.0,3,2,1,92.26123046875,both
WEBSmoke112_jpg.rf.6484403b14458b31598de3a485905028.jpg,train,640,640,1.0,2,1,1,111.062255859375,both
WEBSmoke112_jpg.rf.fc89b1708f5976e1f520098f7536453a.jpg,train,640,640,1.0,2,1,1,111.0859375,both
WEBSmoke1205_jpg.rf.c1fb36999e3542e2db67575dce3077b3.jpg,train,640,640,1.0,5,5,0,60.99658203125,fire_only
WEBSmoke1210_jpg.rf.3ff8e8e6d4f35d73690a8a1f02421364.jpg,train,640,640,1.0,2,1,1,54.477783203125,both
WEBSmoke1215_jpg.rf.19b92cd39cb79a4ca9175f4e7349c438.jpg,train,640,640,1.0,6,5,1,63.409912109375,both
WEBSmoke1218_jpg.rf.6c34ca21c0f769115bbe26fce5121065.jpg,train,640,640,1.0,6,4,2,68.04931640625,both
WEBSmoke1221_jpg.rf.38ec15f0aec0c6831e1d3ebde9ca5f74.jpg,train,640,640,1.0,3,2,1,58.748291015625,both
WEBSmoke1221_jpg.rf.d0e18d21a925286c09c6dea23189b8ac.jpg,train,640,640,1.0,3,2,1,58.80517578125,both
WEBSmoke1249_jpg.rf.3edefbc1726743a0b2867fec38ab15b5.jpg,train,640,640,1.0,2,1,1,101.693603515625,both
WEBSmoke1307_jpg.rf.cbc4e4137ab3d2698fb149c3c05dff3a.jpg,train,640,640,1.0,4,3,1,106.593505859375,both
WEBSmoke1309_jpg.rf.f92ce8dcfccab843a26514e442cc85f5.jpg,train,640,640,1.0,2,1,1,99.511474609375,both
WEBSmoke1316_jpg.rf.48119f32ae51c85326c70c682de010bd.jpg,train,640,640,1.0,9,9,0,86.377197265625,fire_only
WEBSmoke1334_jpg.rf.2c2145162eaf01a6965eda3398b0c0ea.jpg,train,640,640,1.0,2,1,1,66.689697265625,both
WEBSmoke1524_jpg.rf.61ce47bd5cb84af5fa3935f46d961945.jpg,train,640,640,1.0,3,1,2,98.594482421875,both
WEBSmoke1566_jpg.rf.755d84798479bb0ba3552d7723fd006e.jpg,train,640,640,1.0,3,1,2,67.99951171875,both
WEBSmoke1622_jpg.rf.22c1387a8bdfaff898ea635b6e577e67.jpg,train,640,640,1.0,2,1,1,43.743896484375,both
WEBSmoke1622_jpg.rf.352287a6b6353c6187f758168c7f56f5.jpg,train,640,640,1.0,2,1,1,43.743896484375,both
WEBSmoke1646_jpg.rf.95de701cb3a8c4f6594f0f4feb0a4ce5.jpg,train,640,640,1.0,1,0,1,102.5,smoke_only
WEBSmoke1794_jpg.rf.9c4065180dba7f1f5e5000ad14ba019c.jpg,train,640,640,1.0,3,2,1,86.85107421875,both
WEBSmoke1795_jpg.rf.e6c21cf18d9c6ab94c6abc864e9dd512.jpg,train,640,640,1.0,2,1,1,69.8505859375,both
WEBSmoke1798_jpg.rf.314b8e029e43a2c143421f8d4c18fbaa.jpg,train,640,640,1.0,3,2,1,77.005126953125,both
WEBSmoke1798_jpg.rf.9806a52735f6bcf4685aac904c92802f.jpg,train,640,640,1.0,3,2,1,77.8876953125,both
WEBSmoke1862_jpg.rf.3a320dc6b5805f1e761055fb1168f60c.jpg,train,640,640,1.0,5,4,1,86.239501953125,both
WEBSmoke1862_jpg.rf.cc824bdddb328e8a8d8bb53220628371.jpg,train,640,640,1.0,5,4,1,87.151123046875,both
WEBSmoke1882_jpg.rf.5a2fddff32325d6f44689091071d5c6c.jpg,train,640,640,1.0,3,2,1,55.384765625,both
WEBSmoke1995_jpg.rf.68130cf8e3fb9873cefd471599fdc7ed.jpg,train,640,640,1.0,5,3,2,61.324951171875,both
WEBSmoke2208_jpg.rf.4cebb9bfbae3efacab98166e96ded58b.jpg,train,640,640,1.0,2,1,1,54.96923828125,both
WEBSmoke2208_jpg.rf.d10fbee743c396b2e1ebb55f747fd0bb.jpg,train,640,640,1.0,2,1,1,54.08447265625,both
WEBSmoke2274_jpg.rf.aa280f8a66b13d5377fed777ab70f496.jpg,train,640,640,1.0,3,2,1,48.9306640625,both
WEBSmoke2275_jpg.rf.6d66c5dbc06e9a6cd415d79705c5f7e7.jpg,train,640,640,1.0,3,1,2,75.599609375,both
WEBSmoke2276_jpg.rf.c002b1ce63a78bc41adbc476bb91a93f.jpg,train,640,640,1.0,3,1,2,68.96533203125,both
WEBSmoke2281_jpg.rf.7cc1e037ef8fb9fa03a27fe7be6cd45c.jpg,train,640,640,1.0,5,3,2,61.71728515625,both
WEBSmoke2282_jpg.rf.1ab08b150024bf5946e4563e884d66da.jpg,train,640,640,1.0,3,1,2,67.7529296875,both
WEBSmoke2292_jpg.rf.e81a502435049a69a5c79dcd32ac064d.jpg,train,640,640,1.0,5,2,3,60.81640625,both
WEBSmoke2294_jpg.rf.e293506d4b8223323f3b9fbc34a2d459.jpg,train,640,640,1.0,2,1,1,65.85791015625,both
WEBSmoke2311_jpg.rf.f40ccd73515d012616c20828e704e173.jpg,train,640,640,1.0,3,2,1,71.942138671875,both
WEBSmoke2333_jpg.rf.f93214218cb91d7c8f9a9f6cf56f4def.jpg,train,640,640,1.0,3,1,2,74.48486328125,both
WEBSmoke2358_jpg.rf.57a71fc8598c8b604572b658688c9aae.jpg,train,640,640,1.0,3,3,0,48.0927734375,fire_only
WEBSmoke2368_jpg.rf.9be2eb1e800848e0706c44f8957ba2a3.jpg,train,640,640,1.0,6,5,1,60.87158203125,both
WEBSmoke2370_jpg.rf.b7e282c90006a64c394fcd0167d02695.jpg,train,640,640,1.0,6,6,0,48.218017578125,fire_only
WEBSmoke2375_jpg.rf.20d2640aa95a8a7cd31dddccf50ffdd1.jpg,train,640,640,1.0,5,4,1,53.335693359375,both
WEBSmoke2383_jpg.rf.db3f83929a6b3d8a9c4f053df4ea2e49.jpg,train,640,640,1.0,4,4,0,69.7890625,fire_only
WEBSmoke2386_jpg.rf.bb2cadb1de63cbed7f6528d8f97b1f95.jpg,train,640,640,1.0,9,7,2,53.55029296875,both
0077_JPG_jpg.rf.489e6d90b6deff5668ce30e6b5734e2e.jpg,valid,640,640,1.0,1,0,1,107.918212890625,smoke_only
0077_JPG_jpg.rf.a5fb55668e23cea6f8d83a9ab6760059.jpg,valid,640,640,1.0,1,0,1,108.329345703125,smoke_only
0078_jpg.rf.5449781530721182a7588501bf4e87a8.jpg,valid,640,640,1.0,2,1,1,96.788330078125,both
0078_jpg.rf.eaa8112a3ca2239eea236881b32fb78c.jpg,valid,640,640,1.0,2,1,1,95.66845703125,both
0080_JPG_jpg.rf.6d3b0f95649fd735c570d3b6d7f05923.jpg,valid,640,640,1.0,1,0,1,69.09716796875,smoke_only
0080_JPG_jpg.rf.d6ece078c3ca1a58b0044e08339161b4.jpg,valid,640,640,1.0,1,0,1,69.09716796875,smoke_only
0082_jpg.rf.a364df67eda6654bff4fd03672db43fa.jpg,valid,640,640,1.0,1,1,0,114.54541015625,fire_only
0097_jpg.rf.ebdce7efb5e151b8f33c6d9333592aa9.jpg,valid,640,640,1.0,2,2,0,101.001708984375,fire_only
00980a5f319aec67_jpg.rf.22f8e11f4a2a4fd9d81ff01a1bd9965d.jpg,valid,640,640,1.0,1,1,0,64.519775390625,fire_only
00980a5f319aec67_jpg.rf.f201df9ddba3730ab602c724bab80ada.jpg,valid,640,640,1.0,1,1,0,65.40576171875,fire_only
0101_jpg.rf.54a7002bc8dc091ebf9ef8f00e16306f.jpg,valid,640,640,1.0,1,1,0,110.16455078125,fire_only
0101_jpg.rf.673c7934675770f3be41836cedf17cd2.jpg,valid,640,640,1.0,1,0,1,128.30615234375,smoke_only
0101_jpg.rf.fb78798a8161d63c27bad826f74ecbc6.jpg,valid,640,640,1.0,1,1,0,111.6572265625,fire_only
0103_jpg.rf.809e185f0d1b97dc751efbfc813775ad.jpg,valid,640,640,1.0,1,1,0,119.223876953125,fire_only
0103_jpg.rf.b1e287c6901a3b244fa14559af8f8ec4.jpg,valid,640,640,1.0,1,1,0,114.02001953125,fire_only
0103_jpg.rf.b9343ef49124ccc0abb6d705dc08984e.jpg,valid,640,640,1.0,1,1,0,114.15625,fire_only
0105_jpg.rf.1132a27f5646ade15745a99fbd0dd0a3.jpg,valid,640,640,1.0,1,1,0,111.158203125,fire_only
0105_jpg.rf.7635273019621394df24a9dbdaf7f13e.jpg,valid,640,640,1.0,2,1,1,72.534423828125,both
0107_jpg.rf.1c829a712d39c89c9b4428f7549ebb35.jpg,valid,640,640,1.0,2,1,1,106.6669921875,both
0111_jpg.rf.4a1483e08527bad84e9a01b93eb4aaf8.jpg,valid,640,640,1.0,1,1,0,73.802978515625,fire_only
0111_jpg.rf.5216147fea42268eb5b268137b68dfbb.jpg,valid,640,640,1.0,1,1,0,158.465576171875,fire_only
0111_jpg.rf.d40ccadd9d737e75359ba4e4eb16665e.jpg,valid,640,640,1.0,1,1,0,73.802978515625,fire_only
0112_JPG_jpg.rf.bdd3fd202de0730d733e461c1d25c684.jpg,valid,640,640,1.0,1,1,0,109.82958984375,fire_only
0114_JPG_jpg.rf.41f8ac4ea47aeb52c8a390e8b2d14cd8.jpg,valid,640,640,1.0,2,1,1,128.98876953125,both
0115_jpg.rf.c3a7e8c7a26fec106f5da0ef2a98b0bf.jpg,valid,640,640,1.0,1,1,0,171.63818359375,fire_only
0115_jpg.rf.dd8085c3f369a33a5b4ce63d670eb7d2.jpg,valid,640,640,1.0,1,0,1,145.94189453125,smoke_only
0123_jpg.rf.d09f4e5ddf97b1e045154ab253484480.jpg,valid,640,640,1.0,1,0,1,145.238525390625,smoke_only
0126_jpg.rf.2a5e67d5443574030ff86f985202e9c0.jpg,valid,640,640,1.0,1,1,0,106.615478515625,fire_only
0126_jpg.rf.523cad736306eeb972e4b9a863274098.jpg,valid,640,640,1.0,2,1,1,77.931396484375,both
01275d5d68568970_jpg.rf.28af44c255365ddfd93d754b81f9f67a.jpg,valid,640,640,1.0,1,1,0,94.93603515625,fire_only
0130_jpg.rf.6c174c2ef39afe5ea1822afef78f97ff.jpg,valid,640,640,1.0,2,1,1,136.224853515625,both
0140_jpg.rf.765d5e0637a61573ccf1aaac60740324.jpg,valid,640,640,1.0,1,1,0,88.027587890625,fire_only
0140_jpg.rf.a283e05d5c802f8dea5271e1edc2cdb0.jpg,valid,640,640,1.0,2,1,1,136.397216796875,both
0140_jpg.rf.f10dc99a4c6e2da7c57e6671d330717a.jpg,valid,640,640,1.0,1,1,0,88.1767578125,fire_only
0144_jpg.rf.4270e9c3103d89ef62d176ce390f59c4.jpg,valid,640,640,1.0,1,1,0,40.335693359375,fire_only
0149_JPG_jpg.rf.f44f56bc4c84347e48ce5da6f78f69f1.jpg,valid,640,640,1.0,3,1,2,145.3154296875,both
0153_jpg.rf.cda05f05fc29cfb11019778746f5e79b.jpg,valid,640,640,1.0,1,1,0,155.907470703125,fire_only
0177_jpg.rf.0f11a13ad53b63730ce52f31fc36275b.jpg,valid,640,640,1.0,1,1,0,47.67431640625,fire_only
0177_jpg.rf.715c06ccdb07979eb8c6de5cc81776e6.jpg,valid,640,640,1.0,1,1,0,45.3203125,fire_only
0178_jpg.rf.a67923c18b7ae2c60a3a8c742a0cabae.jpg,valid,640,640,1.0,1,1,0,115.626708984375,fire_only
0183_jpg.rf.9b0cf95f09933b86596b7713c14f9aa5.jpg,valid,640,640,1.0,1,0,1,97.265625,smoke_only
0187_jpg.rf.4f90625511f9f96d88d10a456b80b27b.jpg,valid,640,640,1.0,1,1,0,112.26025390625,fire_only
0188_jpg.rf.2ec503d863ca960d4c2288cbc9ebd7e9.jpg,valid,640,640,1.0,1,1,0,121.794677734375,fire_only
0194_jpg.rf.fdf637424369ee75d0d22ef9709339fd.jpg,valid,640,640,1.0,1,1,0,56.904541015625,fire_only
100_jpg.rf.67662c32925d100c5e3a16499d3d211b.jpg,valid,640,640,1.0,1,1,0,81.097900390625,fire_only
102-Copy_jpg.rf.735791771fcbc9aa97f4136eceeb7d05.jpg,valid,640,640,1.0,6,2,4,117.560302734375,both
1041_jpg.rf.ea4c7f1f66b164264ebec99c3511b297.jpg,valid,640,640,1.0,4,3,1,27.57421875,both
106_jpg.rf.5a750335c2fda7595ac1953923d41519.jpg,valid,640,640,1.0,2,1,1,84.786376953125,both
1115_jpg.rf.a40039faf2e7368ebdeaed91ba7d4776.jpg,valid,640,640,1.0,2,2,0,72.783447265625,fire_only
1366_jpg.rf.7ddc9e94e60ce3f6ee0f622a1012cf8f.jpg,valid,640,640,1.0,3,2,1,58.07470703125,both
1642ee4a716f67e4_jpg.rf.55cf91075b7eaee23a08a59c4a61bc3f.jpg,valid,640,640,1.0,1,1,0,95.224609375,fire_only
1642ee4a716f67e4_jpg.rf.8aa8e01b9ebfb3fa6f5caae75ef3d7d3.jpg,valid,640,640,1.0,1,1,0,95.971923828125,fire_only
20_jpg.rf.82f6cebff842557278bbe8922eaa2751.jpg,valid,640,640,1.0,1,0,1,128.185791015625,smoke_only
20_jpg.rf.9536b0f1fe62a40338542409314dc096.jpg,valid,640,640,1.0,1,0,1,128.693603515625,smoke_only
20_jpg.rf.a3f309b1352defe02cfbe97d81beef8a.jpg,valid,640,640,1.0,1,1,0,74.47412109375,fire_only
236413eba58a6dea_jpg.rf.deffe3f829a9b280a0e70e61aad62f31.jpg,valid,640,640,1.0,1,1,0,97.572265625,fire_only
27024b5d7e71a173_jpg.rf.eaa9ada772d41b4e52f6933b4ba19503.jpg,valid,640,640,1.0,1,1,0,50.770263671875,fire_only
28_jpg.rf.3e5da1f7c6cb13dafe6178883d23ebde.jpg,valid,640,640,1.0,2,0,2,128.47216796875,smoke_only
28_jpg.rf.cb7d8681e17c3982cbf549eb7e13e3bc.jpg,valid,640,640,1.0,1,1,0,82.793701171875,fire_only
30_jpg.rf.d507357f0284d0bc10bd27683a2db7a8.jpg,valid,640,640,1.0,2,1,1,92.31201171875,both
30_jpg.rf.dd9b3e9f3efb5d1552f4d8b08fcf4b59.jpg,valid,640,640,1.0,1,1,0,35.411376953125,fire_only
316dbea4f1e6afb9_jpg.rf.8fad8fd1a2fdf36bc6f82ef5650aad6b.jpg,valid,640,640,1.0,1,1,0,61.42041015625,fire_only
36_jpg.rf.95537b4f6f0eaa00e4f28f6308051de7.jpg,valid,640,640,1.0,1,1,0,107.19580078125,fire_only
36_jpg.rf.d02f0536e26630e50c1cfbc37a6323b6.jpg,valid,640,640,1.0,3,1,2,125.64697265625,both
37_jpg.rf.56e55f6ce85bce512b9c8f108b465d4e.jpg,valid,640,640,1.0,1,1,0,126.61279296875,fire_only
37_jpg.rf.d7ee90a57d5e3f56db3404a78cc985a4.jpg,valid,640,640,1.0,1,1,0,126.61279296875,fire_only
38_jpg.rf.e943021e4566d8c3ad2fb324910e97c5.jpg,valid,640,640,1.0,2,1,1,84.201416015625,both
3_jpg.rf.e2bed6508c11e350fa342df71f256e77.jpg,valid,640,640,1.0,1,0,1,149.747802734375,smoke_only
406_jpg.rf.411881a8f95bcc4a9a98f82acf6af922.jpg,valid,640,640,1.0,5,3,2,68.63623046875,both
436_jpg.rf.422af9455bbbfecab8a2fc499b4f05c1.jpg,valid,640,640,1.0,3,1,2,82.5087890625,both
440_jpg.rf.9cab88621f23afa96a2aba371c7aad55.jpg,valid,640,640,1.0,2,1,1,44.744384765625,both
440_jpg.rf.e78f303e53d811d9040547645b2fc2d3.jpg,valid,640,640,1.0,2,1,1,44.310302734375,both
44_jpg.rf.114effedcdad06f223dccda23f103e13.jpg,valid,640,640,1.0,2,1,1,45.59912109375,both
503_jpg.rf.76350526728c9f42e4962441d5aa47e6.jpg,valid,640,640,1.0,6,3,3,67.9794921875,both
51_jpg.rf.82895a80090840480734a7ff62bc1752.jpg,valid,640,640,1.0,1,1,0,145.433349609375,fire_only
535_jpg.rf.cba7525851d962f034afa99aa8ac2936.jpg,valid,640,640,1.0,5,3,2,66.365234375,both
535_jpg.rf.ec65a7fd36896328432ea8dc31a864ef.jpg,valid,640,640,1.0,5,3,2,64.312744140625,both
538_jpg.rf.64469e16d81c2811f499ef95d845e0ca.jpg,valid,640,640,1.0,3,2,1,60.4794921875,both
53_jpg.rf.38397f4c154f05e41a324c4df67b5a7a.jpg,valid,640,640,1.0,1,1,0,58.78955078125,fire_only
53_jpg.rf.8644a5c5ded2401d383b2f273238a08d.jpg,valid,640,640,1.0,1,1,0,59.916259765625,fire_only
56-Copy_jpg.rf.a850932b649b36424bb630ade2155143.jpg,valid,640,640,1.0,5,5,0,56.94189453125,fire_only
564_jpg.rf.1088874d8094899f9a25af4655fa8841.jpg,valid,640,640,1.0,7,3,4,65.68994140625,both
564_jpg.rf.6e88690b6b51c91597482dde076903ab.jpg,valid,640,640,1.0,7,3,4,64.69091796875,both
57_jpg.rf.552ab61237a6e9986bd5c801ec268cd3.jpg,valid,640,640,1.0,1,1,0,113.156005859375,fire_only
5f1a62b92753c988_jpg.rf.0a5a1484620bcc605590423739a2aab0.jpg,valid,640,640,1.0,1,1,0,101.391845703125,fire_only
60-Copy_jpg.rf.ff5e3313d33961dd73a57125e675b8b2.jpg,valid,640,640,1.0,4,4,0,38.28271484375,fire_only
681_jpg.rf.f96f62fd2e4b652eebcb0fed1a3a2f18.jpg,valid,640,640,1.0,1,1,0,66.972412109375,fire_only
693_jpg.rf.2a637b7bf6de14fd6229d3f75acbae52.jpg,valid,640,640,1.0,1,1,0,92.5322265625,fire_only
732134a6ffd2435f_jpg.rf.b4300406ac4559fef5547da6dccc7dad.jpg,valid,640,640,1.0,1,1,0,60.94287109375,fire_only
732134a6ffd2435f_jpg.rf.e0f948c32090e13232407dd04ea827fc.jpg,valid,640,640,1.0,1,1,0,61.831787109375,fire_only
75_jpg.rf.c1dd4cf3dd07d7e71df78599376d880e.jpg,valid,640,640,1.0,1,1,0,81.087890625,fire_only
75_jpg.rf.d26a496ece94073400a736a948e3361c.jpg,valid,640,640,1.0,1,1,0,82.10009765625,fire_only
767_jpg.rf.ba8c378faf250c37db1709d67d4414c5.jpg,valid,640,640,1.0,1,1,0,30.20458984375,fire_only
77_jpg.rf.39681d3bedd6e1824151031b27ef8521.jpg,valid,640,640,1.0,1,1,0,141.33154296875,fire_only
782_jpg.rf.7bb62bba3c7212ea2ae632cc1aca0500.jpg,valid,640,640,1.0,1,1,0,30.29052734375,fire_only
782_jpg.rf.a3047f911d3d6652f2c6ea3cb1616d8d.jpg,valid,640,640,1.0,1,1,0,33.17333984375,fire_only
79_jpg.rf.af5036df196e8a1cc46271e4d6de919d.jpg,valid,640,640,1.0,1,1,0,114.44189453125,fire_only
81_jpg.rf.b08544e77a4503c563531026dc23c64f.jpg,valid,640,640,1.0,1,1,0,142.159912109375,fire_only
820f97de4ffd3cbd_jpg.rf.70dea533423ae4d7e0e035e5009eff3b.jpg,valid,640,640,1.0,1,1,0,44.882080078125,fire_only
831_jpg.rf.52c0ba3149a7f327d83b3e43a1600376.jpg,valid,640,640,1.0,1,1,0,78.980712890625,fire_only
833_jpg.rf.a00d13b0ea4dafd9206bcfe0504dd254.jpg,valid,640,640,1.0,1,1,0,70.034912109375,fire_only
833_jpg.rf.f049bd0616bc67dc2ab3a2ab1810a9a1.jpg,valid,640,640,1.0,1,1,0,72.798583984375,fire_only
83_jpg.rf.c265c0fc5925d0db07886f089c36cf1c.jpg,valid,640,640,1.0,1,1,0,55.924560546875,fire_only
851_jpg.rf.0cd38a4cbeb96c1251f6d5077a0fac23.jpg,valid,640,640,1.0,2,1,1,50.49853515625,both
851_jpg.rf.a4f6d08a1a8d8c1d90d49d7d5e8007e9.jpg,valid,640,640,1.0,2,1,1,52.29150390625,both
884_jpg.rf.9ffa6f88bc70ab562a2f39680d217500.jpg,valid,640,640,1.0,6,2,4,73.93212890625,both
931_jpg.rf.a7ef3ff27e2d69e40b35150c34c5f712.jpg,valid,640,640,1.0,10,6,4,61.50634765625,both
931_jpg.rf.f6e2eb073b6a80aca7045f0012689f22.jpg,valid,640,640,1.0,10,6,4,59.79736328125,both
961_jpg.rf.2e3907f9a1ba9ca6a4c3cfd782f43496.jpg,valid,640,640,1.0,2,2,0,61.529296875,fire_only
963_jpg.rf.f586d594de9435c2574f12ba809a5329.jpg,valid,640,640,1.0,16,11,5,65.9267578125,both
967_jpg.rf.6aa9a0d97d53b337baf5875bcb64341c.jpg,valid,640,640,1.0,2,1,1,81.2177734375,both
984_jpg.rf.0da0b8cfa6f221298851c9bd1b18828d.jpg,valid,640,640,1.0,3,1,2,58.838623046875,both
984_jpg.rf.bf6c08e447c5f7ec2dcd80cf6d6527e9.jpg,valid,640,640,1.0,3,1,2,59.297119140625,both
BowFire_MirrorWEBSmoke2608_jpg.rf.6c26900442d9e33817e793adbea323fd.jpg,valid,640,640,1.0,2,1,1,99.31298828125,both
Burning-Flame_jpg.rf.6fc4616c632bd91706532742bce41e0b.jpg,valid,640,640,1.0,0,0,0,97.4091796875,background
ck0k9aqm99o2o0721aml8qpqr_jpeg_jpg.rf.80567dc1b2911cc4bce630e459bc62d1.jpg,valid,640,640,1.0,1,0,1,116.342529296875,smoke_only
ck0k9ghqt7a8l0944mcvy0jsx_jpeg_jpg.rf.398ca21629051c4e0f84397c982d15e6.jpg,valid,640,640,1.0,1,0,1,117.26318359375,smoke_only
ck0k9jss09oxq0721c8pd7eds_jpeg_jpg.rf.145dab0f3bad724a4c832a41efdc388c.jpg,valid,640,640,1.0,1,0,1,118.6416015625,smoke_only
ck0kcnh1p4uns0794bs53wqam_jpeg_jpg.rf.57ae91d2a25213634438b0b7762ccabf.jpg,valid,640,640,1.0,1,0,1,111.2109375,smoke_only
ck0kcoc8ik6ni0848clxs0vif_jpeg_jpg.rf.9b9395b2dc9f893ba3e9dbdac812ddf1.jpg,valid,640,640,1.0,1,0,1,107.1220703125,smoke_only
ck0kcubsi4r530863gt6or3em_jpeg_jpg.rf.649ac34a961f52af539d91b6fdef5e8f.jpg,valid,640,640,1.0,1,0,1,115.944580078125,smoke_only
ck0kcy2pmj1v70a464cl53bkw_jpeg_jpg.rf.1493d5e916537b1030298ca24d0399b3.jpg,valid,640,640,1.0,1,0,1,146.3017578125,smoke_only
ck0kcz0wr67xc0838pqo5w48a_jpeg_jpg.rf.eae5180e107a061289e9b153c6a2a671.jpg,valid,640,640,1.0,1,0,1,147.18212890625,smoke_only
ck0kd70pu4w7b07946742zfpg_jpeg_jpg.rf.8c90674f31f8b930a8f386105e4bccb2.jpg,valid,640,640,1.0,1,0,1,123.003662109375,smoke_only
ck0kd86qe8gf507018qw8usfe_jpeg_jpg.rf.0faf60c9469cedc39b852c4ea1f3c8b4.jpg,valid,640,640,1.0,1,0,1,138.661376953125,smoke_only
ck0kepk22a57e07215s22fyiv_jpeg_jpg.rf.438f09764838c2e810daef8ea91f9d88.jpg,valid,640,640,1.0,1,0,1,107.31640625,smoke_only
ck0keq7xa4xxd0863otmigtsy_jpeg_jpg.rf.ea52e63af8277066020c576b93a0feb2.jpg,valid,640,640,1.0,1,0,1,107.035888671875,smoke_only
ck0kfjen48qhj0701wjkosmel_jpeg_jpg.rf.750462d2b7419c1d1edac116559d006d.jpg,valid,640,640,1.0,1,0,1,114.564453125,smoke_only
ck0kfk23ukj1m0848e93um98b_jpeg_jpg.rf.eac9b87886871aa8c99bc74ff33fdb0b.jpg,valid,640,640,1.0,1,0,1,147.489013671875,smoke_only
ck0khrg9xan7u0721mn5rxpzo_jpeg_jpg.rf.a7e748cbf9262dbd661b7aa202402da0.jpg,valid,640,640,1.0,1,0,1,141.590087890625,smoke_only
ck0kkizhblbln0848zygsqz0h_jpeg_jpg.rf.200967d53a6aeedd1939a81e867d024b.jpg,valid,640,640,1.0,1,0,1,118.060791015625,smoke_only
ck0kkjnqo5xx10794xzpyur0y_jpeg_jpg.rf.14ee7e45ccd217dc59bd69f2cbfe8e07.jpg,valid,640,640,1.0,1,0,1,118.550048828125,smoke_only
ck0kl079lk71f0a46m6yo4q9m_jpeg_jpg.rf.cc28dc9398eee14b22e7356456aaf0bf.jpg,valid,640,640,1.0,1,0,1,107.61572265625,smoke_only
ck0kl11aa7dlt0838zoqikube_jpeg_jpg.rf.c14bd8b3b6c623e373eaa190c0a4dff1.jpg,valid,640,640,1.0,1,0,1,106.33203125,smoke_only
ck0kl5uir7ej708386nnh95ra_jpeg_jpg.rf.b6f6668f44e50fd790f99347864cf1ec.jpg,valid,640,640,1.0,1,0,1,147.011474609375,smoke_only
ck0klcevilg5n0848axl4ww0k_jpeg_jpg.rf.0383f000d4627069f2c8745a8c971db6.jpg,valid,640,640,1.0,1,0,1,145.69970703125,smoke_only
ck0km3uktkdxc0a46uf6e417v_jpeg_jpg.rf.beae3eb4745f1d205519ae7a170820ba.jpg,valid,640,640,1.0,1,0,1,135.54345703125,smoke_only
ck0km4hlk63zp0863ur0owhkg_jpeg_jpg.rf.409c0af7ab8e1220b6fbab11bc87f377.jpg,valid,640,640,1.0,1,0,1,132.4013671875,smoke_only
ck0kmhpz99t9w0701ftiu8jlx_jpeg_jpg.rf.cc2991906732128c09f170e827f745ba.jpg,valid,640,640,1.0,1,0,1,116.281982421875,smoke_only
ck0kmr5ewkhpq0a46nuv73id4_jpeg_jpg.rf.675f0ba6c9b1ad5b8fe4fad055b2ec19.jpg,valid,640,640,1.0,1,0,1,117.955810546875,smoke_only
ck0knam319ybv0701clozevt3_jpeg_jpg.rf.15abe45c41df7094c9a894b5eeb05200.jpg,valid,640,640,1.0,1,0,1,110.611328125,smoke_only
ck0koqfpl6g0x0863mmghhzwg_jpeg_jpg.rf.15c820077c92a303269de65c9f8c43af.jpg,valid,640,640,1.0,1,0,1,106.02685546875,smoke_only
ck0koqfpl6g0x0863mmghhzwg_jpeg_jpg.rf.244e9c93f0373b4ec0b342eee708f321.jpg,valid,640,640,1.0,1,0,1,106.02685546875,smoke_only
ck0kosbce7vpn0838c5telfw3_jpeg_jpg.rf.b90af27eeed18571e25268a0d2759cf5.jpg,valid,640,640,1.0,1,0,1,116.3720703125,smoke_only
ck0kovirm99fg0944fdv57hd8_jpeg_jpg.rf.62ec3a7db6d62693d3a70b0d3975d80e.jpg,valid,640,640,1.0,1,0,1,147.1962890625,smoke_only
ck0kow7lga3y30701f2yvt2b2_jpeg_jpg.rf.c9b93c9de80f69372a4a1a323143a035.jpg,valid,640,640,1.0,1,0,1,138.50244140625,smoke_only
ck0l8bhz891hy086381o84nhd_jpeg_jpg.rf.0897d35cbabf8cf4fa776e8b550c930c.jpg,valid,640,640,1.0,1,0,1,137.265625,smoke_only
ck0l9d0tt981g0863dmttkl8h_jpeg_jpg.rf.40b99fd2b2c6206d696b5ef75d739610.jpg,valid,640,640,1.0,1,0,1,116.2412109375,smoke_only
ck0l9uumy9b4i0863izsuks74_jpeg_jpg.rf.2989e678404b20cc4bc2af1b524300cf.jpg,valid,640,640,1.0,1,0,1,116.8427734375,smoke_only
ck0l9wcc5cyhb07010g94nwxz_jpeg_jpg.rf.e8ec8598be01b72a997547ff1759cbe1.jpg,valid,640,640,1.0,1,0,1,115.11767578125,smoke_only
ck0lwh1i7ed810863a8ql1pat_jpeg_jpg.rf.6e429870be3b94d31b971409f1e6fe1c.jpg,valid,640,640,1.0,1,0,1,110.77783203125,smoke_only
ck0lwirdeh6zk0944n5uj6q6i_jpeg_jpg.rf.080021b70ba48a6503ade53b9cc16496.jpg,valid,640,640,1.0,1,0,1,107.43017578125,smoke_only
ck0lwjms6i2ru0701i4l78d84_jpeg_jpg.rf.f864cf275cada61bca8822f699e8f993.jpg,valid,640,640,1.0,1,0,1,105.906982421875,smoke_only
ck0lx7plvg1e50838ps3cuu9h_jpeg_jpg.rf.b939ee22e4f44ddf68d7fc8259fbfcf9.jpg,valid,640,640,1.0,1,0,1,147.923095703125,smoke_only
ck0lx8c34u38a08480v1hz7dz_jpeg_jpg.rf.8b5e4757e10f6caf29710c19191c650e.jpg,valid,640,640,1.0,1,0,1,115.260986328125,smoke_only
ck0lzyygqj00t0944qnwlwjf2_jpeg_jpg.rf.75f2c37c2e2398fbe104598c8d09f7c4.jpg,valid,640,640,1.0,1,0,1,117.000244140625,smoke_only
ck0m0ch9ugnna07940o8x989j_jpeg_jpg.rf.725bbc7251c1767dc54e3d92289fa2c3.jpg,valid,640,640,1.0,1,0,1,118.4658203125,smoke_only
ck0m1m206hgy907944qxlvo5i_jpeg_jpg.rf.cc97c96389d476a4f8d86d5e606941f4.jpg,valid,640,640,1.0,1,0,1,111.15185546875,smoke_only
ck0na2ozl2ejz08633ausfi26_jpeg_jpg.rf.c268347e2a458f1f1f4a9c72a401b268.jpg,valid,640,640,1.0,1,0,1,116.135009765625,smoke_only
ck0na55fy5b720701gr5xzev9_jpeg_jpg.rf.f120fbd8d3e8151b1aeeb3d4f9c141a7.jpg,valid,640,640,1.0,1,0,1,146.1748046875,smoke_only
ck0na5s461w2n0794ifd5c5cs_jpeg_jpg.rf.f0e37eb7659a66fe19bcaf7771c2bcef.jpg,valid,640,640,1.0,1,0,1,148.156494140625,smoke_only
ck0nabd8whgv30848prwciv2b_jpeg_jpg.rf.419a8a005850c4d89a6d9c8c5d8a7c0a.jpg,valid,640,640,1.0,1,0,1,123.723876953125,smoke_only
ck0ncji892we50794albpt7x4_jpeg_jpg.rf.d7d5a046957ad5c278f8ee52a584b0bd.jpg,valid,640,640,1.0,1,0,1,139.241943359375,smoke_only
ck0ndbtmr8oa50721hzgxpue8_jpeg_jpg.rf.b961e874019c383d10d86cd4a6014fc8.jpg,valid,640,640,1.0,1,0,1,117.50244140625,smoke_only
ck0ndcirh69sn0944tmwamh75_jpeg_jpg.rf.1b6774dc14b8dab5f196c213c6365918.jpg,valid,640,640,1.0,1,0,1,118.69921875,smoke_only
ck0ndugzs6hv90944q18viki9_jpeg_jpg.rf.b48bea203cef15e3186f215d2202a3ca.jpg,valid,640,640,1.0,1,0,1,111.16064453125,smoke_only
ck0ndxi6w6j5f0944tbx465xr_jpeg_jpg.rf.ee33615aef8634ac8267fc031661fe4b.jpg,valid,640,640,1.0,1,0,1,106.92626953125,smoke_only
ck0nem99k9e9v0721yu2dtiqq_jpeg_jpg.rf.30f87c285c4900efcd5f140dd397b897.jpg,valid,640,640,1.0,1,0,1,114.6845703125,smoke_only
ck0nepj3s015b0a88py3wvbqu_jpeg_jpg.rf.49fb1953b1d57963a99dbd1923d9632b.jpg,valid,640,640,1.0,1,0,1,147.8916015625,smoke_only
ck0nett9672gj0944feegfre7_jpeg_jpg.rf.fe88a0ade9f385809123cffd125f7720.jpg,valid,640,640,1.0,1,0,1,104.04150390625,smoke_only
ck0nf3wev47fm0794xfr1xuhs_jpeg_jpg.rf.dfa03bb6d1e5a0b8e810da187ce2e58a.jpg,valid,640,640,1.0,1,0,1,122.616943359375,smoke_only
ck0nf4ks0js7z0848cku0h6t5_jpeg_jpg.rf.4b824b8588caa8ad18d764117d3b874e.jpg,valid,640,640,1.0,1,0,1,139.241455078125,smoke_only
ck0nfxm5e5gq50863tqwxrgft_jpeg_jpg.rf.a85a898ec764447e4bc3d2afb4335429.jpg,valid,640,640,1.0,1,0,1,117.82958984375,smoke_only
ck0nfz8fe60yr0838az9x331y_jpeg_jpg.rf.612f27cc510fd31e699d6dd5030407a0.jpg,valid,640,640,1.0,1,0,1,118.77001953125,smoke_only
ck0ouldkdrpic086327fu1wjk_jpeg_jpg.rf.11400ae72421f23b641b1d55e5e35cc6.jpg,valid,640,640,1.0,1,0,1,107.7412109375,smoke_only
ck0oulyr8sldl0838tkv3hqk8_jpeg_jpg.rf.1f89a46a121f8b7ab5a6521fde02e177.jpg,valid,640,640,1.0,1,0,1,106.5859375,smoke_only
ck0ovnfap7g9u0848nlx6v59i_jpeg_jpg.rf.becaf93ec699473c6779c271a9be3e75.jpg,valid,640,640,1.0,1,0,1,146.985107421875,smoke_only
ck0ovrdff7ir20848kelskyn8_jpeg_jpg.rf.01b8194e6e4527e7c27119695da327df.jpg,valid,640,640,1.0,1,0,1,146.88232421875,smoke_only
ck0owo8knvext07012gernxb0_jpeg_jpg.rf.6dbb96151199fc0f72797ef6ebcb627f.jpg,valid,640,640,1.0,1,0,1,137.239013671875,smoke_only
ck0qb78lnsvjg0a46r1s6hxr1_jpeg_jpg.rf.5146953a1dddbe7f38da74cf1e5027fd.jpg,valid,640,640,1.0,1,0,1,139.24072265625,smoke_only
ck0qbrxq0fc870863u9dy1xsl_jpeg_jpg.rf.ad208c91b8bb4313b800c38593a9272f.jpg,valid,640,640,1.0,1,0,1,118.0732421875,smoke_only
ck0qbsnz6fcn40863jl1deoe9_jpeg_jpg.rf.1bdcba1e1fded3601486627394f93f3a.jpg,valid,640,640,1.0,1,0,1,118.35986328125,smoke_only
ck0qd4sisfz1x0863riapvr9k_jpeg_jpg.rf.6dd367da4a2469cb6246ead956e11aca.jpg,valid,640,640,1.0,1,0,1,107.760498046875,smoke_only
ck0qd5it1i1wl0944fqp8vf9c_jpeg_jpg.rf.9a57a8a7afa17da88957029d4db45d78.jpg,valid,640,640,1.0,1,0,1,106.14306640625,smoke_only
ck0qd7cyiib8f0701npyn63rc_jpeg_jpg.rf.bc9b65aa0a2372d55f8487315326ec81.jpg,valid,640,640,1.0,1,0,1,116.27978515625,smoke_only
ck0qdeht7feba0794xskx01vd_jpeg_jpg.rf.3c7e340c0354734d9ee264745b69d670.jpg,valid,640,640,1.0,1,0,1,147.153076171875,smoke_only
ck0qdf4hwkrzf0721pwn991sv_jpeg_jpg.rf.1069bc32c15ca736ecfb05388138b341.jpg,valid,640,640,1.0,1,0,1,140.16064453125,smoke_only
ck0rp6q4583zz0721mrh6corb_jpeg_jpg.rf.36ed7ec8e9b05e383b544a19a1309d44.jpg,valid,640,640,1.0,1,0,1,137.19482421875,smoke_only
ck0rplig25z1n0944kpecwx3o_jpeg_jpg.rf.8a38aedb0039381ee2f9949ae287fd0a.jpg,valid,640,640,1.0,1,0,1,118.1728515625,smoke_only
ck0rqdyeq4kxa08633xv2wqe1_jpeg_jpg.rf.5f8c3b0c98df636490addba89798b80d.jpg,valid,640,640,1.0,1,0,1,114.88232421875,smoke_only
ck0rqlgco58j50838724x6rym_jpeg_jpg.rf.81f1035171aac8865d74c29d26954305.jpg,valid,640,640,1.0,1,0,1,107.4736328125,smoke_only
ck0rqlgco58j50838724x6rym_jpeg_jpg.rf.89edd5b0082a50a4df46b5c034325af4.jpg,valid,640,640,1.0,1,0,1,107.4736328125,smoke_only
ck0rqph585aki0838q1hxpf6k_jpeg_jpg.rf.a4160803ba023f51be3f1cf2de3d57c8.jpg,valid,640,640,1.0,1,0,1,106.120361328125,smoke_only
ck0rqrdr86mhp09441c8d69w7_jpeg_jpg.rf.2a6f4b8b5f45df0e581469de0533340a.jpg,valid,640,640,1.0,1,0,1,116.320068359375,smoke_only
ck0rr40pt71p40701fl50vzfa_jpeg_jpg.rf.b7994657a85e66b19a1309394d92dcd4.jpg,valid,640,640,1.0,1,0,1,114.465087890625,smoke_only
ck0rr4nj43za20794o7o3btuw_jpeg_jpg.rf.742062fedf5a6810bc779065f7c4a22c.jpg,valid,640,640,1.0,1,0,1,137.98583984375,smoke_only
ck0rrpwlvj04d0a46r4th0cjf_jpeg_jpg.rf.fac5e8ed98c07d9d89d9fc97f1f81e0a.jpg,valid,640,640,1.0,1,0,1,139.93798828125,smoke_only
ck0t2d3kbyou40a46a56kl6x8_jpeg_jpg.rf.c1a7d9f9bb7eb8b4055bac84a823d5b6.jpg,valid,640,640,1.0,1,0,1,116.231689453125,smoke_only
ck0t2pyk3l0ym08636r4hqnty_jpeg_jpg.rf.b75950b88727ed66e7d19794638673be.jpg,valid,640,640,1.0,1,0,1,116.977783203125,smoke_only
ck0t2tlmmzfds0848mvj42ujg_jpeg_jpg.rf.394332fd749c6efdae5e96a7d703ca46.jpg,valid,640,640,1.0,1,0,1,118.545654296875,smoke_only
ck0t3r8twkazh0794uxyta3xz_jpeg_jpg.rf.13a61fefdb85aa7e500b4bcbaaaede15.jpg,valid,640,640,1.0,1,0,1,111.092041015625,smoke_only
ck0t3zlhdz6180a46kq06kflk_jpeg_jpg.rf.d4c151c59d40a4fa754b54db9db62886.jpg,valid,640,640,1.0,1,0,1,107.357177734375,smoke_only
ck0t4mzl8ljds0863b0iswyfc_jpeg_jpg.rf.bb7a1947805b774dfa9cd3dd63feb1c3.jpg,valid,640,640,1.0,1,0,1,146.2529296875,smoke_only
ck0t4pic2zxuv0848rp6npxiw_jpeg_jpg.rf.6c598dd081e7335a0f988ea93108a082.jpg,valid,640,640,1.0,1,0,1,148.15478515625,smoke_only
ck0t50qh5zfpc0a46o2ppy49w_jpeg_jpg.rf.c338ed63c6d6a0ea9dca4d452e26aef2.jpg,valid,640,640,1.0,1,0,1,127.9521484375,smoke_only
ck0t5xpty0hyp08488g6a7n6l_jpeg_jpg.rf.d51065ab983499224d28fb3e21b8be36.jpg,valid,640,640,1.0,1,0,1,106.478515625,smoke_only
ck0t6epc3ql720721yfbt878q_jpeg_jpg.rf.0b4b1f0b9fdc5bee9c0baa9b79ec34ae.jpg,valid,640,640,1.0,1,0,1,118.5986328125,smoke_only
ck0t73htzoi4l0944t1g4vr7e_jpeg_jpg.rf.a8aa6f17c48da9c2dfa150e903d4ab6b.jpg,valid,640,640,1.0,1,0,1,111.166015625,smoke_only
ck0t7s2o0ne4408387zvqn6pr_jpeg_jpg.rf.c9b89700225cfe46b1c711dfd65df8a6.jpg,valid,640,640,1.0,1,0,1,147.236083984375,smoke_only
ck0tsvw19vzj90721zgwt6zcu_jpeg_jpg.rf.38830122a533ab5524c874af09cb650c.jpg,valid,640,640,1.0,1,0,1,124.332763671875,smoke_only
ck0tswp1wtrfp0701idogph92_jpeg_jpg.rf.ddd10e033499594f56dfbd95d206fdd9.jpg,valid,640,640,1.0,1,0,1,141.08642578125,smoke_only
ck0twb97n5uc20a46en2e2spb_jpeg_jpg.rf.0467b1fe99503e13e4c64e9edf940061.jpg,valid,640,640,1.0,1,0,1,117.676513671875,smoke_only
ck0twbzbz6hga0848z3sx5lsi_jpeg_jpg.rf.a21adc215c6b2da6d41cce968c00b822.jpg,valid,640,640,1.0,1,0,1,118.815673828125,smoke_only
ck0twzjvps8kb0863yht85hg8_jpeg_jpg.rf.f0e6dff22616acce5c5c2ae5f4d4f175.jpg,valid,640,640,1.0,1,0,1,107.514892578125,smoke_only
ck0tx9epawjk50721w6282v2c_jpeg_jpg.rf.8cf9d2423f6a32ba24dae5b684a450e3.jpg,valid,640,640,1.0,1,0,1,146.525390625,smoke_only
ck0txbqlewjuv0721agjyhu78_jpeg_jpg.rf.91e58b5855e4597c26f84b4fffd0cb8f.jpg,valid,640,640,1.0,1,0,1,147.04248046875,smoke_only
ck0txrkyx611l0a46u3b4n8bb_jpeg_jpg.rf.0e4df683d6d4a5367966bc5d767c7c24.jpg,valid,640,640,1.0,1,0,1,127.416015625,smoke_only
ck0txs402uehd070195c9mfko_jpeg_jpg.rf.76fbd76fe19e3d62f891b2f30cf0be99.jpg,valid,640,640,1.0,1,0,1,141.578125,smoke_only
ck0tyexsuugj1070158ffdyyt_jpeg_jpg.rf.4b6f570a865d1305c03221d0d617ab5d.jpg,valid,640,640,1.0,1,0,1,118.013427734375,smoke_only
ck0tyfppk6qqc0848u6xtpzgx_jpeg_jpg.rf.8cbc3bfed6eb270228d69848008a5e59.jpg,valid,640,640,1.0,1,0,1,118.482666015625,smoke_only
ck0tyvn3lwprq0721btsf3icr_jpeg_jpg.rf.ac1c26cc6bb8a1988fb65c670bc83248.jpg,valid,640,640,1.0,1,0,1,107.48974609375,smoke_only
ck0tyx4x7t16i0838grtlspkh_jpeg_jpg.rf.f7b0c858cd60535384bf3976cdeb40bc.jpg,valid,640,640,1.0,1,0,1,106.254150390625,smoke_only
ck0tz7lcnugfi0944xj04x69y_jpeg_jpg.rf.861c8dcf7b4ccf7c17314df24bd610ab.jpg,valid,640,640,1.0,1,0,1,147.037109375,smoke_only
ck0tzh0mmsjb70863m9jdqypg_jpeg_jpg.rf.92d3118e40fb7773f2c73afbdf9deb5c.jpg,valid,640,640,1.0,1,0,1,143.24609375,smoke_only
ck0tzox41umlv0701crxo159j_jpeg_jpg.rf.62dada40eda445771af56203c6bc4be2.jpg,valid,640,640,1.0,1,0,1,137.791748046875,smoke_only
ck0tzphn3t5by0838ge18vkq7_jpeg_jpg.rf.85991b26a4f4a62d90919a857df76c36.jpg,valid,640,640,1.0,1,0,1,137.058837890625,smoke_only
ck0tzzys2sm6b0863k8qyy7hp_jpeg_jpg.rf.b96055883b8226b5e969821db89679cf.jpg,valid,640,640,1.0,1,0,1,116.383544921875,smoke_only
ck0u030x8uono0701kp4dvddz_jpeg_jpg.rf.0ade5437a22825b40cae4bcb1143d056.jpg,valid,640,640,1.0,1,0,1,118.178466796875,smoke_only
ck0u03onjuosl0701rhy18f7o_jpeg_jpg.rf.7d1af7f98d6e8cdeaa1c0c73fd161593.jpg,valid,640,640,1.0,1,0,1,115.075927734375,smoke_only
ck0u0i88bunv00944unevdbqg_jpeg_jpg.rf.e7f7800494fbd6488748b80c9b0771a1.jpg,valid,640,640,1.0,1,0,1,107.333984375,smoke_only
ck0u0iymarljc079432rld6ur_jpeg_jpg.rf.16f08db7de38ac05ec6c9cdacd72533c.jpg,valid,640,640,1.0,1,0,1,106.102294921875,smoke_only
ck0u0m0dqtaz70838kcm0o9w3_jpeg_jpg.rf.c63fa47f2a46f10a6d116e96793b650a.jpg,valid,640,640,1.0,1,0,1,116.116943359375,smoke_only
ck0u0raa96fpd0a46z626vh9b_jpeg_jpg.rf.e0f0f7f15ce7ca95f530980d56b3cbf8.jpg,valid,640,640,1.0,1,0,1,147.3486328125,smoke_only
ck0u13g18uv1x070166k2ew3t_jpeg_jpg.rf.966e999df41d2ada836e0c5d3e1dc0db.jpg,valid,640,640,1.0,1,0,1,140.55078125,smoke_only
ck0ug28sbusje083872me6leq_jpeg_jpg.rf.451bf7bc87f3ff0f6810f26eb3c0ef17.jpg,valid,640,640,1.0,1,0,1,116.458984375,smoke_only
ck0uivtpc841h0a46ydgo7566_jpeg_jpg.rf.3c17f80ec730f1b13a522c97b748255e.jpg,valid,640,640,1.0,1,0,1,116.6728515625,smoke_only
ck0uj9sgjyq2b0721813otzrx_jpeg_jpg.rf.4ac836199a019b28533823db48e56188.jpg,valid,640,640,1.0,1,0,1,115.217529296875,smoke_only
ck0ujob3n85zc0a46r0pdmhoy_jpeg_jpg.rf.e896090af441c60b097b2d79a67fbac7.jpg,valid,640,640,1.0,1,0,1,110.556396484375,smoke_only
ck0ujw76nui2g0863hz7l7uqo_jpeg_jpg.rf.0dd81eb24a39bf3369f819c9b9be0028.jpg,valid,640,640,1.0,1,0,1,105.780517578125,smoke_only
ck0ujxwiv8tpa0848i4mm92da_jpeg_jpg.rf.1c2831f71c7374286b8dc39d87447917.jpg,valid,640,640,1.0,1,0,1,116.271484375,smoke_only
ck0ukgesfwh7f0944smkfpncd_jpeg_jpg.rf.49bdf59bbb713cc5461bb82b6599024f.jpg,valid,640,640,1.0,1,0,1,132.05517578125,smoke_only
ck0ukh756v4e308383pqia4e4_jpeg_jpg.rf.ca64d64649747757e34d29e000700dd2.jpg,valid,640,640,1.0,1,0,1,135.0341796875,smoke_only
ezgif-frame-096_jpg.rf.8aad679755972aec4053b27fe75eaad2.jpg,valid,640,640,1.0,0,0,0,99.31103515625,background
ezgif-frame-099_jpg.rf.1fada8a17e26ecfb547736287dbc4f80.jpg,valid,640,640,1.0,1,1,0,143.81982421875,fire_only
ezgif-frame-100_jpg.rf.bc1b54c911ecd4b94d8e13286ac09890.jpg,valid,640,640,1.0,1,1,0,223.392333984375,fire_only
ezgif-frame-105_jpg.rf.de4ec9e23fd7becb277435075c034df4.jpg,valid,640,640,1.0,1,1,0,213.25048828125,fire_only
ezgif-frame-107_jpg.rf.7623612d0e68fec8c359a5908932d1f4.jpg,valid,640,640,1.0,1,1,0,175.000244140625,fire_only
ezgif-frame-117_jpg.rf.82faf148c34d3015927db3c0003edd1b.jpg,valid,640,640,1.0,1,1,0,57.633544921875,fire_only
ezgif-frame-125_jpg.rf.64b4e6c2d9ed1a0efb58275b9a68e7cc.jpg,valid,640,640,1.0,1,1,0,61.713134765625,fire_only
ezgif-frame-132_jpg.rf.d972db84594200eed8459251c6b5c4b2.jpg,valid,640,640,1.0,1,1,0,8.56005859375,fire_only
fire1-10-_jpg.rf.d135c8590c17fc7fd05ef163ff779548.jpg,valid,640,640,1.0,5,4,1,94.715576171875,both
fire1-1010-_jpg.rf.2528fec68c735625dd519bcc22e4613c.jpg,valid,640,640,1.0,14,12,2,98.748046875,both
fire1-1013-_jpg.rf.c99f5bccc051a135f2fee0bb5755900e.jpg,valid,640,640,1.0,10,7,3,115.2294921875,both
fire1-102-_jpg.rf.cd490660a2f27317b9a98a11a2f640cc.jpg,valid,640,640,1.0,1,1,0,102.168701171875,fire_only
fire1-1022-_jpg.rf.5a23415d6c98aec0b0c8d3015853b35f.jpg,valid,640,640,1.0,5,5,0,117.970947265625,fire_only
fire1-104-_jpg.rf.ca3b543f42ea5618918aab17dcf0215a.jpg,valid,640,640,1.0,1,1,0,102.4404296875,fire_only
fire1-1041-_jpg.rf.13b71d0f4503e580fe1b08c7146e0e4a.jpg,valid,640,640,1.0,1,1,0,49.52392578125,fire_only
fire1-1041-_jpg.rf.b2c6c07b54c6420b349446ff520306bf.jpg,valid,640,640,1.0,1,1,0,46.8193359375,fire_only
fire1-105-_jpg.rf.05e28a484413065869f8c202f96568b5.jpg,valid,640,640,1.0,1,1,0,100.406494140625,fire_only
fire1-105-_jpg.rf.f9d5bd353acd054e360ef381550b5da4.jpg,valid,640,640,1.0,1,1,0,99.845947265625,fire_only
fire1-108-_jpg.rf.47213de1110fe3bd175a5a688985f3b2.jpg,valid,640,640,1.0,1,1,0,99.484619140625,fire_only
fire1-108-_jpg.rf.e9db02e926a5e70d95978751c05bf766.jpg,valid,640,640,1.0,1,1,0,100.04296875,fire_only
fire1-1086-_jpg.rf.05f70cf38c2eebac839cd3d5fc7643b5.jpg,valid,640,640,1.0,3,2,1,112.807373046875,both
fire1-109-_jpg.rf.37411d23eaf7c8093095ef4249a63742.jpg,valid,640,640,1.0,1,1,0,98.67626953125,fire_only
fire1-1092-_jpg.rf.903ea15f39129d381d1e362df5ff1b55.jpg,valid,640,640,1.0,1,1,0,104.37158203125,fire_only
fire1-110-_jpg.rf.87c9276bcc42e8a6e9f4d5ed7643bae5.jpg,valid,640,640,1.0,1,1,0,97.755859375,fire_only
fire1-110-_jpg.rf.9b75590ced28f32fef0565dd2a903f9a.jpg,valid,640,640,1.0,1,1,0,98.30810546875,fire_only
fire1-111-_jpg.rf.e72553fa2f50b0799e2b6d64bf909f28.jpg,valid,640,640,1.0,1,1,0,96.124755859375,fire_only
fire1-112-_jpg.rf.a7819b88424b774734ea981541d98299.jpg,valid,640,640,1.0,1,1,0,100.213623046875,fire_only
fire1-113-_jpg.rf.a2cf890cbef1454907f88a28f8203643.jpg,valid,640,640,1.0,1,1,0,93.524169921875,fire_only
fire1-114-_jpg.rf.c51ed1d964bb8ac189ee2c9ec26495cd.jpg,valid,640,640,1.0,1,1,0,93.773681640625,fire_only
fire1-116-_jpg.rf.f00f33f718414fb96f4316c7f4864334.jpg,valid,640,640,1.0,1,1,0,86.060791015625,fire_only
fire1-1161-_jpg.rf.61a4e8e16a0d4c76a0a041cb2e191506.jpg,valid,640,640,1.0,1,1,0,54.706787109375,fire_only
fire1-1164-_jpg.rf.6b7bb08e668e365a372c39b07aab67b1.jpg,valid,640,640,1.0,5,4,1,122.829345703125,both
fire1-1166-_jpg.rf.ef780fe5d9bc0c55274e7372212f2254.jpg,valid,640,640,1.0,1,1,0,79.128173828125,fire_only
fire1-1167-_jpg.rf.4425d84e6f0c693c3f4187bd07ad7157.jpg,valid,640,640,1.0,2,1,1,84.75634765625,both
fire1-1178-_jpg.rf.aab88590f06c4b8ff8f8fa84c5bfa448.jpg,valid,640,640,1.0,6,6,0,122.085693359375,fire_only
fire1-118-_jpg.rf.22aa33bb8e7026053997a069a1ff0966.jpg,valid,640,640,1.0,1,1,0,99.850830078125,fire_only
fire1-119-_jpg.rf.293404fa102342c04920f13e23133885.jpg,valid,640,640,1.0,1,1,0,99.04345703125,fire_only
fire1-12-_jpg.rf.981201607584f6352df4b6ae337ea047.jpg,valid,640,640,1.0,6,5,1,91.090576171875,both
fire1-120-_jpg.rf.830ca3056f798bb1ebe4af5134f43eb2.jpg,valid,640,640,1.0,1,1,0,92.784423828125,fire_only
fire1-121-_jpg.rf.eab944c380ea55fbf49dda54c8d14840.jpg,valid,640,640,1.0,1,1,0,90.36376953125,fire_only
fire1-122-_jpg.rf.b565348e344b8685ac7f521663e20617.jpg,valid,640,640,1.0,1,1,0,96.74365234375,fire_only
fire1-1229-_jpg.rf.ee8da9597af120292c417948248dce4e.jpg,valid,640,640,1.0,6,6,0,114.914794921875,fire_only
fire1-123-_jpg.rf.7a361d6daa25b9bffb4a7e5037814606.jpg,valid,640,640,1.0,1,1,0,99.064697265625,fire_only
fire1-1242-_jpg.rf.3def908ffcbe3464965d9058165f6e85.jpg,valid,640,640,1.0,3,1,2,120.255859375,both
fire1-1245-_jpg.rf.3740f40a5e00216cbb44488397d51602.jpg,valid,640,640,1.0,3,3,0,104.934814453125,fire_only
fire1-1245-_jpg.rf.7fc844ce19ec4ef427ca8e7fb2db37d9.jpg,valid,640,640,1.0,3,3,0,101.998779296875,fire_only
fire1-1249-_jpg.rf.08fb16dc009cd659582dc34d09ec0886.jpg,valid,640,640,1.0,1,1,0,17.425537109375,fire_only
fire1-1249-_jpg.rf.2dfef01d4d612680d983e2e148570fc4.jpg,valid,640,640,1.0,1,1,0,18.440185546875,fire_only
fire1-1254-_jpg.rf.ad7bd66d7fd4c7ffe2b3def68e026a52.jpg,valid,640,640,1.0,3,2,1,30.77197265625,both
fire1-1254-_jpg.rf.b4b47ab98949a97e6eee5e769f0f59b0.jpg,valid,640,640,1.0,3,2,1,28.87841796875,both
fire1-126-_jpg.rf.f278b230d7218cbb1ba8c50c266011ad.jpg,valid,640,640,1.0,1,1,0,92.4404296875,fire_only
fire1-1266-_jpg.rf.04463c8af95380af0d232c697611bcf2.jpg,valid,640,640,1.0,4,2,2,91.48486328125,both
fire1-1266-_jpg.rf.b1390e0c4fd7227ba42cdc1d72a2bac1.jpg,valid,640,640,1.0,4,2,2,92.619140625,both
fire1-128-_jpg.rf.1d89dcb58c210c670b9ea215d5c28b1b.jpg,valid,640,640,1.0,1,1,0,105.413330078125,fire_only
fire1-128-_jpg.rf.659e8f58ff7eb9d2214296461988ea8a.jpg,valid,640,640,1.0,1,1,0,105.413330078125,fire_only
fire1-129-_jpg.rf.65e26352f24ab1fd4dbbd731619cf21e.jpg,valid,640,640,1.0,1,1,0,94.87451171875,fire_only
fire1-13-_jpg.rf.61fdb9f3f419f79285272c8006bd2272.jpg,valid,640,640,1.0,4,3,1,65.894775390625,both
fire1-131-_jpg.rf.914ea508d16b32169507c575c2e88188.jpg,valid,640,640,1.0,1,1,0,102.56396484375,fire_only
fire1-1318-_jpg.rf.5584d79c16759d16c4e86498fca77f34.jpg,valid,640,640,1.0,11,10,1,129.8681640625,both
fire1-1326-_jpg.rf.1ffaeac08ae3b334cfec03c8c4abfaab.jpg,valid,640,640,1.0,1,1,0,96.2041015625,fire_only
fire1-1326-_jpg.rf.a9a7429c2b1fd400e7674b975a2062d1.jpg,valid,640,640,1.0,1,1,0,93.302978515625,fire_only
fire1-1336-_jpg.rf.2c31f5db2ffa722e65ea559b0b6487ec.jpg,valid,640,640,1.0,5,5,0,51.600341796875,fire_only
fire1-1348-_jpg.rf.26680de44a75b4b7a527afe14c3224a5.jpg,valid,640,640,1.0,1,1,0,46.32568359375,fire_only
fire1-1348-_jpg.rf.784b685e9747c0e342f561e817ee6213.jpg,valid,640,640,1.0,1,1,0,50.11328125,fire_only
fire1-1370-_jpg.rf.a7627be0026ad2022bc55229a08fd9c3.jpg,valid,640,640,1.0,4,4,0,96.30712890625,fire_only
fire1-1370-_jpg.rf.fce26a8b83b6ac131a48882c69c73c4a.jpg,valid,640,640,1.0,4,4,0,91.814697265625,fire_only
fire1-1374-_jpg.rf.567bcf4b7f866380b43969859b2e4b2b.jpg,valid,640,640,1.0,1,1,0,60.4140625,fire_only
fire1-1380-_jpg.rf.738733b900d412989edb4e063cc1ccb1.jpg,valid,640,640,1.0,3,2,1,27.739990234375,both
fire1-1385-_jpg.rf.0a23dedb6bbd39f24097df67127e14e7.jpg,valid,640,640,1.0,1,1,0,53.460205078125,fire_only
fire1-1385-_jpg.rf.ca8e7bd6efb92312a2cb4ae9157f6eb7.jpg,valid,640,640,1.0,1,1,0,54.284912109375,fire_only
fire1-1388-_jpg.rf.7ad31c063b5cdb913145414c4a6661ea.jpg,valid,640,640,1.0,6,6,0,34.021240234375,fire_only
fire1-145-_jpg.rf.ec1eb51e3c00b39359edcd6d4749f206.jpg,valid,640,640,1.0,1,1,0,91.4208984375,fire_only
fire1-1460-_jpg.rf.6416973b23b412c7704811b81c06a9c3.jpg,valid,640,640,1.0,1,1,0,28.12841796875,fire_only
fire1-1517-_jpg.rf.ddd6a1d3bcab714bb3d366c00c2e6a3d.jpg,valid,640,640,1.0,1,1,0,30.694580078125,fire_only
fire1-1517-_jpg.rf.e056678b357611fe9daf06a43bb6a78d.jpg,valid,640,640,1.0,1,1,0,28.1767578125,fire_only
fire1-1527-_jpg.rf.cc62c38ade4b22b2aa2e5663a8bbf972.jpg,valid,640,640,1.0,7,4,3,63.282958984375,both
fire1-1527-_jpg.rf.d1df8fbcda43a6a23aeba42422b6361e.jpg,valid,640,640,1.0,7,4,3,57.58447265625,both
fire1-153-_jpg.rf.f3c7985f15a534ecb812340e33a00a5a.jpg,valid,640,640,1.0,2,2,0,100.6201171875,fire_only
fire1-1539-_jpg.rf.d13ed92c2717a3e42076a5337378be54.jpg,valid,640,640,1.0,9,6,3,93.04736328125,both
fire1-1553-_jpg.rf.39ab0da3931840a74038bf9c22767b13.jpg,valid,640,640,1.0,1,1,0,77.46337890625,fire_only
fire1-162-_jpg.rf.0055d922396512644038751a0abc100a.jpg,valid,640,640,1.0,3,3,0,76.5595703125,fire_only
fire1-163-_jpg.rf.60c3ddf29c29618670e9c1dee8c984c8.jpg,valid,640,640,1.0,3,3,0,108.968017578125,fire_only
fire1-189-_jpg.rf.3a5ceb7876831d96a8e8d523763789db.jpg,valid,640,640,1.0,1,1,0,117.280029296875,fire_only
fire1-189-_jpg.rf.e40838acd9f6532e04781174e5ae19a8.jpg,valid,640,640,1.0,1,1,0,117.85546875,fire_only
fire1-19-_jpg.rf.41b1298a57e94de278bb727c1b3fe04f.jpg,valid,640,640,1.0,2,2,0,105.2880859375,fire_only
fire1-192-_jpg.rf.61006b9df68d18f6d4519a3f32ee842d.jpg,valid,640,640,1.0,1,1,0,108.756103515625,fire_only
fire1-194-_jpg.rf.e12968f6291a799c960e3a0e20ab22b2.jpg,valid,640,640,1.0,1,1,0,115.072509765625,fire_only
fire1-200-_jpg.rf.ecccef344b01e1f8494aa69bd551e99a.jpg,valid,640,640,1.0,2,2,0,106.08349609375,fire_only
fire1-205-_jpg.rf.9822a852e9bcbd52bd8dbeae44a64ef3.jpg,valid,640,640,1.0,2,2,0,113.503662109375,fire_only
fire1-209-_jpg.rf.242f1de7fa5179a2d17ffd5d2398844c.jpg,valid,640,640,1.0,2,2,0,112.066650390625,fire_only
fire1-26-_jpg.rf.56ca920f4b92d47e5f81e0a88f63b3fb.jpg,valid,640,640,1.0,4,3,1,94.123291015625,both
fire1-285-_jpg.rf.a2c4f2a1a46a0a68adbb75dc18df34d7.jpg,valid,640,640,1.0,1,1,0,71.191650390625,fire_only
fire1-286-_jpg.rf.4ad1d128f842104d53b94f0cfa46d933.jpg,valid,640,640,1.0,1,1,0,83.8671875,fire_only
fire1-288-_jpg.rf.65c948b0a9be15cd86e3d5d4acae7a27.jpg,valid,640,640,1.0,1,1,0,93.91650390625,fire_only
fire1-289-_jpg.rf.916e61e39384147dc7b16876d98c0491.jpg,valid,640,640,1.0,1,1,0,33.048095703125,fire_only
fire1-292-_jpg.rf.2680daf2f06bfabccafc41df5300fbec.jpg,valid,640,640,1.0,1,1,0,45.419677734375,fire_only
fire1-3-_jpg.rf.25c7e2a2ca75c98beca62ab49226a502.jpg,valid,640,640,1.0,2,1,1,57.064453125,both
fire1-30-_jpg.rf.5cd6fcdba322c62f66c139b7c96a8d0b.jpg,valid,640,640,1.0,6,5,1,115.1240234375,both
fire1-30-_jpg.rf.ef7dd5cd23dcf478368d0faa11e680a0.jpg,valid,640,640,1.0,6,5,1,114.4951171875,both
fire1-309-_jpg.rf.5984df9d5ab4e52b01cdb1235b53d078.jpg,valid,640,640,1.0,1,1,0,62.876220703125,fire_only
fire1-309-_jpg.rf.c9d3db21a3800f20f7da8002c4afcbf5.jpg,valid,640,640,1.0,1,1,0,64.14501953125,fire_only
fire1-31-_jpg.rf.3c6d5f70d79f792f071311249f106bdb.jpg,valid,640,640,1.0,7,4,3,112.821044921875,both
fire1-31-_jpg.rf.3d1e1f49675844a83660ad362f80ccec.jpg,valid,640,640,1.0,7,4,3,112.156494140625,both
fire1-311-_jpg.rf.d8b0dba0170193f080d061fd5a28eda6.jpg,valid,640,640,1.0,1,1,0,53.63720703125,fire_only
fire1-314-_jpg.rf.cc61e6a0e494bfccc29bcec67c3e0872.jpg,valid,640,640,1.0,1,1,0,93.724365234375,fire_only
fire1-322-_jpg.rf.cdf9a9282efab1da399b89fd71f0fb86.jpg,valid,640,640,1.0,1,1,0,59.12939453125,fire_only
fire1-323-_jpg.rf.31c3e8ca1d42ad9d722962401f6a3ac7.jpg,valid,640,640,1.0,1,1,0,60.72119140625,fire_only
fire1-323-_jpg.rf.3d90e48b9c812826135483ab4628ec1f.jpg,valid,640,640,1.0,1,1,0,61.556396484375,fire_only
fire1-326-_jpg.rf.5438ad82bb3bba9a2c20f7fad1e7f6a5.jpg,valid,640,640,1.0,1,1,0,64.7734375,fire_only
fire1-352-_jpg.rf.aa6401da08c98c82e7fcf1762844aa57.jpg,valid,640,640,1.0,2,2,0,52.1357421875,fire_only
fire1-358-_jpg.rf.6f000de8870f4e04ca69ee923ba767ed.jpg,valid,640,640,1.0,2,2,0,65.435302734375,fire_only
fire1-361-_jpg.rf.68bbd19f0e6894eb267660a67ec62d85.jpg,valid,640,640,1.0,2,2,0,75.1181640625,fire_only
fire1-362-_jpg.rf.9b02365b251a3b5916f39e92da4f6193.jpg,valid,640,640,1.0,2,2,0,72.853271484375,fire_only
fire1-362-_jpg.rf.c73a64f1a47a6e510a1cfc0b2e0f3a3d.jpg,valid,640,640,1.0,2,2,0,72.02392578125,fire_only
fire1-366-_jpg.rf.60d15eeae0718fd29e6931afd8d1fc0c.jpg,valid,640,640,1.0,1,1,0,97.02783203125,fire_only
fire1-385-_jpg.rf.5724c398bbbf332009384510f11464ae.jpg,valid,640,640,1.0,1,1,0,102.813720703125,fire_only
fire1-385-_jpg.rf.8c323948139ad27326e91f3070e05ad1.jpg,valid,640,640,1.0,1,1,0,103.85400390625,fire_only
fire1-391-_jpg.rf.331ffd63ae5880e449d217bab3b5f276.jpg,valid,640,640,1.0,1,1,0,100.985107421875,fire_only
fire1-391-_jpg.rf.7e920048cdb3e97030c261dd5e6ff012.jpg,valid,640,640,1.0,1,1,0,100.1298828125,fire_only
fire1-397-_jpg.rf.1c69c8a1c3a8f1db14bbb63cbdd764f4.jpg,valid,640,640,1.0,1,1,0,114.252685546875,fire_only
fire1-398-_jpg.rf.3ebfb723d232c5d540ef506959c45c8f.jpg,valid,640,640,1.0,1,1,0,114.477783203125,fire_only
fire1-399-_jpg.rf.4f44fde7ac21d45a8e9c64c8d5c56f6f.jpg,valid,640,640,1.0,1,1,0,115.252685546875,fire_only
fire1-400-_jpg.rf.9d9cd9edd4b5a43addb7b9b325274be6.jpg,valid,640,640,1.0,1,1,0,114.385009765625,fire_only
fire1-401-_jpg.rf.90bbea7a1ce99ee3aa7fcc07816c01cc.jpg,valid,640,640,1.0,1,1,0,115.987060546875,fire_only
fire1-402-_jpg.rf.ced8273711efa112c54c6ec8332d513a.jpg,valid,640,640,1.0,1,1,0,115.28271484375,fire_only
fire1-403-_jpg.rf.bfdf674a1b6fb67faefc8c02edd4eda2.jpg,valid,640,640,1.0,1,1,0,113.104248046875,fire_only
fire1-44-_jpg.rf.c951a2fe3f0ad4ac50c73cc7774b0b5f.jpg,valid,640,640,1.0,1,1,0,78.230712890625,fire_only
fire1-45-_jpg.rf.4ba5753d954f4bb932dc95ba93308389.jpg,valid,640,640,1.0,1,1,0,82.3818359375,fire_only
fire1-471-_jpg.rf.a387d32c2c021f0bac737d362c0572f5.jpg,valid,640,640,1.0,2,1,1,63.62353515625,both
fire1-478-_jpg.rf.b82e39fe999c20ad456db90892e7a389.jpg,valid,640,640,1.0,1,1,0,44.57080078125,fire_only
fire1-48-_jpg.rf.a26e7c884c0d9cba01585077a8560ca5.jpg,valid,640,640,1.0,1,1,0,64.7529296875,fire_only
fire1-485-_jpg.rf.06e9965054d890c560e29fc2fe9f7148.jpg,valid,640,640,1.0,1,1,0,56.222412109375,fire_only
fire1-489-_jpg.rf.8636001d5410379f800d3052d8f8aa93.jpg,valid,640,640,1.0,1,1,0,51.29443359375,fire_only
fire1-499-_jpg.rf.6c953bb88a85a5878b2b5a3630f94cf8.jpg,valid,640,640,1.0,1,1,0,64.300537109375,fire_only
fire1-500-_jpg.rf.c83ed626a1383e0ca7f85d74d5d8406e.jpg,valid,640,640,1.0,1,1,0,49.98291015625,fire_only
fire1-509-_jpg.rf.21c22d23b57ff316604ab50fad96dc22.jpg,valid,640,640,1.0,2,2,0,49.630859375,fire_only
fire1-525-_jpg.rf.26ab6f388a17e179d77a1e18ca527c32.jpg,valid,640,640,1.0,2,2,0,48.217529296875,fire_only
fire1-527-_jpg.rf.0c0c3ed5f29c0058de182cf4b0208553.jpg,valid,640,640,1.0,3,3,0,59.087890625,fire_only
fire1-530-_jpg.rf.cf90af503279caf0ca075c62d69203f4.jpg,valid,640,640,1.0,1,1,0,53.309814453125,fire_only
fire1-539-_jpg.rf.3aef3dd59f16d15b6fb3986b0fc6d484.jpg,valid,640,640,1.0,1,1,0,53.4365234375,fire_only
fire1-540-_jpg.rf.bcffa0e96a133ca168a0caaf1d543ccc.jpg,valid,640,640,1.0,1,1,0,54.7998046875,fire_only
fire1-542-_jpg.rf.5ad22de631c847d96939457da3a51a11.jpg,valid,640,640,1.0,1,1,0,55.137939453125,fire_only
fire1-543-_jpg.rf.24a5152920a7fb9d831e020a41e17a48.jpg,valid,640,640,1.0,1,1,0,54.388916015625,fire_only
fire1-543-_jpg.rf.c51b45183808eb731280c654aa3cf859.jpg,valid,640,640,1.0,1,1,0,55.648193359375,fire_only
fire1-544-_jpg.rf.40155fc49400f8df0bd6de202f91a419.jpg,valid,640,640,1.0,1,1,0,56.640380859375,fire_only
fire1-544-_jpg.rf.965c8b4d69c51788183f2fad310468d9.jpg,valid,640,640,1.0,1,1,0,55.570068359375,fire_only
fire1-545-_jpg.rf.7d6c24353b8f6cf4277abc50a1e1f6f2.jpg,valid,640,640,1.0,1,1,0,49.381591796875,fire_only
fire1-548-_jpg.rf.19e2b622e9aa425ed86c263cf952e886.jpg,valid,640,640,1.0,1,1,0,51.421875,fire_only
fire1-55-_jpg.rf.9a1f86c36895e898342d64a4ef31474e.jpg,valid,640,640,1.0,1,1,0,76.927490234375,fire_only
fire1-552-_jpg.rf.cdb98468625205459d6e8685bd3c20b8.jpg,valid,640,640,1.0,1,1,0,48.06396484375,fire_only
fire1-58-_jpg.rf.a2521f55a93b42dcbf375143a505ad20.jpg,valid,640,640,1.0,1,1,0,72.94775390625,fire_only
fire1-580-_jpg.rf.f757b16d64ef616d3380ad36af3dd945.jpg,valid,640,640,1.0,2,1,1,82.3115234375,both
fire1-581-_jpg.rf.da729e2d5bdb46ffc3af235382da6d60.jpg,valid,640,640,1.0,1,1,0,83.584228515625,fire_only
fire1-583-_jpg.rf.bf4a80857388913c3fab0a778eb8dcc5.jpg,valid,640,640,1.0,1,1,0,82.3671875,fire_only
fire1-584-_jpg.rf.916f1f7799b234a6472e91d09ef4d40f.jpg,valid,640,640,1.0,1,1,0,83.75439453125,fire_only
fire1-585-_jpg.rf.7ef63c1a3237da0e554ad293cbf8ae4f.jpg,valid,640,640,1.0,1,1,0,85.6865234375,fire_only
fire1-587-_jpg.rf.5680c46af15b0714843c09f0ae8df9ec.jpg,valid,640,640,1.0,1,1,0,85.748291015625,fire_only
fire1-598-_jpg.rf.a1d0d9c8b720744f093a19bae6fd677f.jpg,valid,640,640,1.0,1,1,0,91.79248046875,fire_only
fire1-6-_jpg.rf.dedd78e95865824f7ab750f14ff0cfc5.jpg,valid,640,640,1.0,2,1,1,67.298583984375,both
fire1-682-_jpg.rf.be560f3edeb08051c60e060b1c5ae37e.jpg,valid,640,640,1.0,14,14,0,61.097900390625,fire_only
fire1-685-_jpg.rf.dddd7e047aaece03457dfd386759b531.jpg,valid,640,640,1.0,10,8,2,98.164794921875,both
fire1-691-_jpg.rf.ddc1fa8b7e8a327e07da88c791d75f9d.jpg,valid,640,640,1.0,1,1,0,73.658203125,fire_only
fire1-695-_jpg.rf.155ca86ae9304726b004f428b2bb5ca0.jpg,valid,640,640,1.0,5,3,2,105.090576171875,both
fire1-706-_jpg.rf.618c531b0a4251e9bb0de6cf1d74fed6.jpg,valid,640,640,1.0,12,7,5,80.33203125,both
fire1-706-_jpg.rf.9b087c6bd75d3257e2b484376ab6432d.jpg,valid,640,640,1.0,12,7,5,83.58935546875,both
fire1-729-_jpg.rf.1f4881dcc2bc0e6832b2509514c2309c.jpg,valid,640,640,1.0,1,1,0,3.04150390625,fire_only
fire1-746-_jpg.rf.f967d2cac15c617b78b11f925524e7a7.jpg,valid,640,640,1.0,5,4,1,63.74462890625,both
fire1-764-_jpg.rf.3ae3ea4e2f6f09225f9a3c0c93d7566e.jpg,valid,640,640,1.0,1,1,0,33.768798828125,fire_only
fire1-79-_jpg.rf.3cae33fe60b250518e57429ee040ab44.jpg,valid,640,640,1.0,1,1,0,72.180908203125,fire_only
fire1-796-_jpg.rf.08f4368221b133f19399a83ae105e542.jpg,valid,640,640,1.0,13,12,1,82.530517578125,both
fire1-807-_jpg.rf.13fd0c44a2d8b027e677ef2cd41f82ec.jpg,valid,640,640,1.0,1,1,0,25.863037109375,fire_only
fire1-828-_jpg.rf.68e345f5ab8f4e9c3165b0abe0837517.jpg,valid,640,640,1.0,1,1,0,39.93310546875,fire_only
fire1-834-_jpg.rf.8d23b3639ee9719956e0ee4c63c24b14.jpg,valid,640,640,1.0,1,1,0,45.955322265625,fire_only
fire1-865-_jpg.rf.2bdeb28bab08705bc5f39ec05607e8bb.jpg,valid,640,640,1.0,1,1,0,17.4013671875,fire_only
fire1-865-_jpg.rf.61608a52f28966cc4c822900ae4cf0f6.jpg,valid,640,640,1.0,1,1,0,16.78173828125,fire_only
fire1-874-_jpg.rf.5c40548cf21c05c23fa31cb3aed62a3a.jpg,valid,640,640,1.0,1,1,0,31.62451171875,fire_only
fire1-881-_jpg.rf.bfdc0aca1ae90337d6827c6c893d1d3c.jpg,valid,640,640,1.0,1,1,0,48.185302734375,fire_only
fire1-884-_jpg.rf.ee5d4944a87cbb7251e32bebf1482969.jpg,valid,640,640,1.0,1,1,0,17.539306640625,fire_only
fire1-891-_jpg.rf.5f7ac8ba606c3b3e5baea486770a2ef4.jpg,valid,640,640,1.0,1,1,0,15.392333984375,fire_only
fire1-898-_jpg.rf.bbf5d4edf60e27569ea45600d8670783.jpg,valid,640,640,1.0,1,1,0,53.8759765625,fire_only
fire1-920-_jpg.rf.acf1ca7f7cd260cd72e3e0fbaf5e1dce.jpg,valid,640,640,1.0,1,1,0,41.45068359375,fire_only
fire1-929-_jpg.rf.e4ef77801eb5adfdd9249f40b3e699ef.jpg,valid,640,640,1.0,1,1,0,127.84912109375,fire_only
fire1-935-_jpg.rf.e14069ccdddf432ccfdcc73f8ec4e4a3.jpg,valid,640,640,1.0,3,1,2,126.1953125,both
fire1-936-_jpg.rf.3535475cccc7ad9a7cc2d41756155174.jpg,valid,640,640,1.0,2,2,0,20.85595703125,fire_only
fire1-940-_jpg.rf.d9f343e01ab00558226d838ad7ac4b23.jpg,valid,640,640,1.0,1,1,0,10.670166015625,fire_only
fire1-942-_jpg.rf.3c95c107d9381204ac92b59d68018f9c.jpg,valid,640,640,1.0,1,1,0,28.343994140625,fire_only
fire1-943-_jpg.rf.8088ce0bc011b95508bfa92fcaadaff5.jpg,valid,640,640,1.0,1,1,0,66.348388671875,fire_only
fire1-946-_jpg.rf.014ef878865d9393c6cf3a1aaf3b3969.jpg,valid,640,640,1.0,7,6,1,126.336181640625,both
fire1-950-_jpg.rf.0b27ac4df6354fa4274139a61c97dac6.jpg,valid,640,640,1.0,8,5,3,110.18896484375,both
fire1-965-_jpg.rf.64b5b08af6d0e54887f1de8176c3e395.jpg,valid,640,640,1.0,5,3,2,109.05029296875,both
fire1-966-_jpg.rf.80eaed5cd417f5ef459b54c159b06ac5.jpg,valid,640,640,1.0,3,3,0,107.19189453125,fire_only
FireDetectionImage_WEBFire1104_jpg.rf.601ca77dbc04ead73022d33c79d1aea8.jpg,valid,640,640,1.0,3,2,1,102.7275390625,both
Img_1016_jpg.rf.0d9345e74e78614e5eb5f58a6e808df4.jpg,valid,640,640,1.0,0,0,0,170.685546875,background
Img_1016_jpg.rf.40140367c5167dac0437d72a140d98b4.jpg,valid,640,640,1.0,0,0,0,170.52685546875,background
Img_1016_jpg.rf.eccc45f926e3cf127a875e3ef2c41a08.jpg,valid,640,640,1.0,0,0,0,170.6572265625,background
Img_1017_jpg.rf.7e80def866caef4ccae8477c4a7f5c2c.jpg,valid,640,640,1.0,0,0,0,170.24365234375,background
Img_1017_jpg.rf.89179c095cf1116b85da782ddf0b9a08.jpg,valid,640,640,1.0,0,0,0,170.212890625,background
Img_1017_jpg.rf.b357d2314764a13897de93132f396fc8.jpg,valid,640,640,1.0,0,0,0,170.221923828125,background
Img_1018_jpg.rf.385ccb0146764f0ddc8053dbcd20a69d.jpg,valid,640,640,1.0,0,0,0,167.972412109375,background
Img_1018_jpg.rf.d742e2a0ba9a5d80f882f35b43c40183.jpg,valid,640,640,1.0,0,0,0,167.909423828125,background
Img_1018_jpg.rf.e751e51a1101dcb8ca1056986212de95.jpg,valid,640,640,1.0,0,0,0,167.9423828125,background
Img_1019_jpg.rf.deb723177d0cf063844706745672cfab.jpg,valid,640,640,1.0,0,0,0,167.028076171875,background
Img_1019_jpg.rf.e508f987095e38b99640fe25f3614935.jpg,valid,640,640,1.0,0,0,0,166.9599609375,background
Img_1020_jpg.rf.03eea6f2f3abe9f3454a73284cfe238a.jpg,valid,640,640,1.0,0,0,0,165.226806640625,background
Img_1020_jpg.rf.822ca9480edc1c38c589c01607670bb5.jpg,valid,640,640,1.0,0,0,0,165.26611328125,background
Img_1021_jpg.rf.37203a92ebba0377355199780a48f957.jpg,valid,640,640,1.0,0,0,0,163.338134765625,background
Img_1021_jpg.rf.5c190aa78dfad29fa38cf3309a5ea95a.jpg,valid,640,640,1.0,0,0,0,163.2890625,background
Img_1021_jpg.rf.d881d4ef9c96202777a7cacc148546a7.jpg,valid,640,640,1.0,0,0,0,163.473388671875,background
Img_1022_jpg.rf.766c45b001ccbc1769a85abd6e811fd2.jpg,valid,640,640,1.0,0,0,0,160.0029296875,background
Img_1022_jpg.rf.f20738555a27dac581373b2b92ddf1fd.jpg,valid,640,640,1.0,0,0,0,160.050537109375,background
Img_1024_jpg.rf.8857e7223a93dd8a5f02ada7a87d2f73.jpg,valid,640,640,1.0,0,0,0,156.94970703125,background
Img_1027_jpg.rf.06eca207be643588247dcf737ed47ea3.jpg,valid,640,640,1.0,0,0,0,157.01904296875,background
Img_1027_jpg.rf.691ce853a7b3153a6b992bc89751fd8d.jpg,valid,640,640,1.0,0,0,0,157.081298828125,background
Img_1027_jpg.rf.cc9521080c69b8390f9b81bbf778ac05.jpg,valid,640,640,1.0,0,0,0,156.941650390625,background
Img_1028_jpg.rf.04ff973655b4ebef70258234cdd45d19.jpg,valid,640,640,1.0,0,0,0,157.311279296875,background
Img_1028_jpg.rf.50d1f675e05b047bdc68a2ac48b1fe99.jpg,valid,640,640,1.0,0,0,0,157.27685546875,background
Img_1028_jpg.rf.98958771f0048055bb7f10c4a1c66297.jpg,valid,640,640,1.0,0,0,0,157.35498046875,background
Img_1031_jpg.rf.51ac2e1d9733e67f8f19186ce254dd4a.jpg,valid,640,640,1.0,0,0,0,155.944091796875,background
Img_1031_jpg.rf.6d736831b0aaa11f2d3c1ed496d9e55b.jpg,valid,640,640,1.0,0,0,0,155.8671875,background
Img_1031_jpg.rf.cacbd1cad679ff451aea6c6603b14af0.jpg,valid,640,640,1.0,0,0,0,155.833251953125,background
Img_1034_jpg.rf.456ed09d9971e2c33d9b398cd6812236.jpg,valid,640,640,1.0,0,0,0,155.718994140625,background
Img_1034_jpg.rf.b4c00b21b1cb4a67f1a4060139378f4f.jpg,valid,640,640,1.0,0,0,0,155.7548828125,background
Img_1034_jpg.rf.bd56b5e1c090c535d4ce20b7ebf8d188.jpg,valid,640,640,1.0,0,0,0,155.697998046875,background
Img_1035_jpg.rf.0403a5513450c426fde54b32d99a322e.jpg,valid,640,640,1.0,0,0,0,155.358642578125,background
Img_1035_jpg.rf.085ffc322222b3b4ef0998a706c3a007.jpg,valid,640,640,1.0,0,0,0,155.42138671875,background
Img_1035_jpg.rf.fedf00c280bb1cd713087428d576331e.jpg,valid,640,640,1.0,0,0,0,155.32275390625,background
Img_1036_jpg.rf.6696e6e003a3b6adbfc444b846e8fcaa.jpg,valid,640,640,1.0,0,0,0,155.0302734375,background
Img_1036_jpg.rf.ff5d12ee30428991307678db4c4e5d76.jpg,valid,640,640,1.0,0,0,0,155.011962890625,background
Img_1037_jpg.rf.82c87fbd59eb7f01b687210d7bc66e08.jpg,valid,640,640,1.0,0,0,0,154.917724609375,background
Img_1037_jpg.rf.94a2340334c4ee3a066b29ae68ff82c8.jpg,valid,640,640,1.0,0,0,0,154.958251953125,background
Img_1037_jpg.rf.ff9e8b4220a61b28e360010a85d9b53b.jpg,valid,640,640,1.0,0,0,0,155.041748046875,background
Img_1039_jpg.rf.04c9cb391e785a660a7c04ff97f1c7bc.jpg,valid,640,640,1.0,0,0,0,150.025146484375,background
Img_1039_jpg.rf.dd8054e06822abf8efc2f086797b7777.jpg,valid,640,640,1.0,0,0,0,150.130126953125,background
Img_1040_jpg.rf.373b1872470aa46c45065819de827387.jpg,valid,640,640,1.0,0,0,0,147.071533203125,background
Img_1041_jpg.rf.8ed6e9033fabd010c954332e6ddc4eb6.jpg,valid,640,640,1.0,0,0,0,143.532958984375,background
Img_1041_jpg.rf.92a059915cdb4c0811934d4b5f9fb777.jpg,valid,640,640,1.0,0,0,0,143.3984375,background
Img_1042_jpg.rf.869827f094cc8a681542ff8102f18b74.jpg,valid,640,640,1.0,0,0,0,140.28662109375,background
Img_1042_jpg.rf.dac5d8fc81b89621d84dd1761ee6b88e.jpg,valid,640,640,1.0,0,0,0,140.251708984375,background
Img_1042_jpg.rf.e8277e449de7a41008d5566d50ed2946.jpg,valid,640,640,1.0,0,0,0,140.2685546875,background
Img_1044_jpg.rf.d2d5f4e52dc97de10e2520e0001458fa.jpg,valid,640,640,1.0,0,0,0,135.209228515625,background
Img_1044_jpg.rf.f91cfd00ca005b2423b714a4f4a8b7f5.jpg,valid,640,640,1.0,0,0,0,135.20703125,background
Img_1045_jpg.rf.c7dd0c5a880f39c54e05a1cb0af30374.jpg,valid,640,640,1.0,0,0,0,134.31005859375,background
Img_1048_jpg.rf.80af189dc6cd00b519abca8c073ada0f.jpg,valid,640,640,1.0,0,0,0,137.26025390625,background
Img_1048_jpg.rf.b339df0bf284532418020c87a06fd0d9.jpg,valid,640,640,1.0,0,0,0,137.323486328125,background
Img_1049_jpg.rf.3ac62ea1f256a84cef9e32c5332f75e4.jpg,valid,640,640,1.0,0,0,0,136.80224609375,background
Img_1049_jpg.rf.41b7bebebea811163573d6460836cab1.jpg,valid,640,640,1.0,0,0,0,136.755615234375,background
Img_1049_jpg.rf.e9fe186eae51334405a2305e92f31b4f.jpg,valid,640,640,1.0,0,0,0,136.7265625,background
Img_1050_jpg.rf.15d268a5f5314311992ae78813fbed35.jpg,valid,640,640,1.0,0,0,0,137.108642578125,background
Img_1050_jpg.rf.d303a23bd5cde3c288e4365640f8a37b.jpg,valid,640,640,1.0,0,0,0,137.08154296875,background
Img_1053_jpg.rf.3ad8001b87c7c17848d9bfd4e65222d9.jpg,valid,640,640,1.0,0,0,0,137.392333984375,background
Img_1053_jpg.rf.afddc565cd48dbf7a5c9ddaff46c3249.jpg,valid,640,640,1.0,0,0,0,137.319091796875,background
Img_1053_jpg.rf.bbb1397143adc4ad13f4e547190f9be9.jpg,valid,640,640,1.0,0,0,0,137.5986328125,background
Img_1054_jpg.rf.3e86639dac6e936827d0053b127c1a35.jpg,valid,640,640,1.0,0,0,0,138.9755859375,background
Img_1054_jpg.rf.51fc10eaa76037463e46da9da56f6ee6.jpg,valid,640,640,1.0,0,0,0,138.652099609375,background
Img_1055_jpg.rf.7ab5c72bf426ebd577d85eaee26e9333.jpg,valid,640,640,1.0,0,0,0,140.48291015625,background
Img_1056_jpg.rf.880903816f4ed13fb34d6de8daafe360.jpg,valid,640,640,1.0,0,0,0,141.140869140625,background
Img_1056_jpg.rf.9ee9bb165e6243c0bcb94ceb6b930266.jpg,valid,640,640,1.0,0,0,0,141.16796875,background
Img_1057_jpg.rf.9070eab092975a4aa22b8815db338e98.jpg,valid,640,640,1.0,0,0,0,141.66162109375,background
Img_1057_jpg.rf.e37925f372a78c0babc6142785d6d13b.jpg,valid,640,640,1.0,0,0,0,141.61962890625,background
Img_1058_jpg.rf.782aa825f6ad3cccb35fa668b0b0e38d.jpg,valid,640,640,1.0,0,0,0,141.759521484375,background
Img_1059_jpg.rf.42804aabc6315e8b5912104c7f5a2b39.jpg,valid,640,640,1.0,0,0,0,143.507568359375,background
Img_1059_jpg.rf.aaf3866581c89a7f6730852bf9b4cd71.jpg,valid,640,640,1.0,0,0,0,143.447021484375,background
Img_1060_jpg.rf.5923f7902c9490ed14e56bc1fb71a34f.jpg,valid,640,640,1.0,0,0,0,144.209716796875,background
Img_1060_jpg.rf.aac51356fa289ba890eb5325e2f4050a.jpg,valid,640,640,1.0,0,0,0,143.948974609375,background
Img_1061_jpg.rf.1b38a50bd5a283fc92bbc277b93be118.jpg,valid,640,640,1.0,0,0,0,144.65576171875,background
Img_1061_jpg.rf.33acac8532be650d77d6ab2dd9d22fe3.jpg,valid,640,640,1.0,0,0,0,144.81494140625,background
Img_1062_jpg.rf.f560499627b141fff5786fb66ec91c47.jpg,valid,640,640,1.0,0,0,0,147.338623046875,background
Img_1063_jpg.rf.bbcc8df09f461e28362d40ef07c84839.jpg,valid,640,640,1.0,0,0,0,147.968505859375,background
Img_1063_jpg.rf.ecd12a3d5da876bc901d834df15b7319.jpg,valid,640,640,1.0,0,0,0,147.843994140625,background
Img_1066_jpg.rf.93c2b9319ea13fe741fe9730d9bfe110.jpg,valid,640,640,1.0,0,0,0,151.494873046875,background
Img_1068_jpg.rf.0438a298edddaf2c76ce37a9b684f999.jpg,valid,640,640,1.0,0,0,0,151.85986328125,background
Img_1069_jpg.rf.bfc543739a5cbd176e8fdf04b7b5332c.jpg,valid,640,640,1.0,0,0,0,152.737548828125,background
Img_1069_jpg.rf.e26fb5d56936c1dd9359973fba7f033b.jpg,valid,640,640,1.0,0,0,0,152.79296875,background
Img_1070_jpg.rf.3e4d66e78d58051231f68e4741e215f5.jpg,valid,640,640,1.0,0,0,0,152.2890625,background
Img_1070_jpg.rf.995ea81b6fc2db9159fa2bb9a1335a29.jpg,valid,640,640,1.0,0,0,0,152.3046875,background
Img_1071_jpg.rf.d2f9ba021a7bd9f10f1691aaa073c61a.jpg,valid,640,640,1.0,0,0,0,152.271484375,background
Img_1072_jpg.rf.40ef69183204af8272f0c45bf4ab2c37.jpg,valid,640,640,1.0,0,0,0,150.575439453125,background
Img_1072_jpg.rf.5fdc5aebde8a16c3ef0aa47615419794.jpg,valid,640,640,1.0,0,0,0,150.635009765625,background
Img_1073_jpg.rf.1c83cbd2042caca2021799202066670e.jpg,valid,640,640,1.0,0,0,0,149.75732421875,background
Img_1073_jpg.rf.266fc7ee19eb92ae7e06d91ab360a3d0.jpg,valid,640,640,1.0,0,0,0,149.50244140625,background
Img_1073_jpg.rf.3e8d9c65ff81f6ec7a2324f1205d49aa.jpg,valid,640,640,1.0,0,0,0,149.564208984375,background
Img_1073_jpg.rf.eb71902fd298d3febe862a59ea859d08.jpg,valid,640,640,1.0,0,0,0,149.50244140625,background
Img_1075_jpg.rf.f4340678a8567696bc40b6711d55cef6.jpg,valid,640,640,1.0,0,0,0,150.807861328125,background
Img_1078_jpg.rf.2b8d505bbf4f4ff2309627f77ecfe341.jpg,valid,640,640,1.0,0,0,0,150.587890625,background
Img_1078_jpg.rf.2c9df79b58fece62b76eb87842df1996.jpg,valid,640,640,1.0,0,0,0,150.57470703125,background
Img_1078_jpg.rf.fd59d977fa22d3fb8d3fd80e17b08590.jpg,valid,640,640,1.0,0,0,0,150.617431640625,background
Img_1079_jpg.rf.425c89d234cdfb70f17b5460ced12407.jpg,valid,640,640,1.0,0,0,0,151.8359375,background
Img_1080_jpg.rf.40831b0e9771f1c8c37f7232e85344a9.jpg,valid,640,640,1.0,0,0,0,151.8779296875,background
Img_1081_jpg.rf.2d102f738a8c1540f94c007d8bb9250a.jpg,valid,640,640,1.0,0,0,0,151.752685546875,background
Img_1081_jpg.rf.54c340e625c693890bd734773cf63f29.jpg,valid,640,640,1.0,0,0,0,151.679931640625,background
Img_1082_jpg.rf.da056215bff1dc3e94dd4e004a80cfc4.jpg,valid,640,640,1.0,0,0,0,151.4453125,background
Img_1083_jpg.rf.6f934a50d6216a8989990fd5247dcb97.jpg,valid,640,640,1.0,0,0,0,151.5830078125,background
Img_1083_jpg.rf.9cbda432d39b968f3afcd51059a071d1.jpg,valid,640,640,1.0,0,0,0,151.593994140625,background
Img_1084_jpg.rf.410b81a7ba5f3ff45c1aa69e12993e1d.jpg,valid,640,640,1.0,0,0,0,151.9453125,background
Img_1084_jpg.rf.5e4c90aa107f77ee986b354c467d931f.jpg,valid,640,640,1.0,0,0,0,151.81591796875,background
Img_1084_jpg.rf.6b40279beeedac7c17ddcd6f15125a59.jpg,valid,640,640,1.0,0,0,0,151.927734375,background
Img_1085_jpg.rf.947e4e2a6f0fc2acccd334173ac052ed.jpg,valid,640,640,1.0,0,0,0,151.638916015625,background
Img_1086_jpg.rf.2ea23037cfd44dddea77628ed398315e.jpg,valid,640,640,1.0,0,0,0,151.41162109375,background
Img_1087_jpg.rf.729d9968a0188f7e39a4b9d2dc3490a6.jpg,valid,640,640,1.0,0,0,0,150.82275390625,background
Img_1088_jpg.rf.40dcf8ff0afc3d9caab7cd362d9f4735.jpg,valid,640,640,1.0,0,0,0,150.732666015625,background
Img_1089_jpg.rf.6342b009e754af338ee4194303f2a391.jpg,valid,640,640,1.0,0,0,0,151.111572265625,background
Img_1092_jpg.rf.7e5a00808af049bacffb71157fa85b4b.jpg,valid,640,640,1.0,0,0,0,151.19970703125,background
Img_1092_jpg.rf.9e994c7c91f877810f898aadc41ef229.jpg,valid,640,640,1.0,0,0,0,151.22802734375,background
Img_1093_jpg.rf.9df20822382b9969b61b05d962926d90.jpg,valid,640,640,1.0,0,0,0,151.4541015625,background
Img_1093_jpg.rf.b5eae7b73c05c6417bf1adddd43a50b6.jpg,valid,640,640,1.0,0,0,0,151.262939453125,background
Img_1093_jpg.rf.cd213e26526bdb2b5b6f507a35c22f2d.jpg,valid,640,640,1.0,0,0,0,151.3798828125,background
Img_1095_jpg.rf.343648b15ccc25937436532718800475.jpg,valid,640,640,1.0,0,0,0,151.43701171875,background
Img_1095_jpg.rf.7fbf701bc3feaef26171b117572f1ee0.jpg,valid,640,640,1.0,0,0,0,151.44970703125,background
Img_1095_jpg.rf.d269480b6ca1b09bb1eff4039543015b.jpg,valid,640,640,1.0,0,0,0,151.451904296875,background
Img_1096_jpg.rf.0d2c22d68fcadcc8f017d574d70771d7.jpg,valid,640,640,1.0,0,0,0,151.365234375,background
Img_1097_jpg.rf.8038c7aee5a4ad58bc00633b9c693ebe.jpg,valid,640,640,1.0,0,0,0,151.99951171875,background
Img_1100_jpg.rf.5c22a4bb1415d2e98d94aaa8dba54417.jpg,valid,640,640,1.0,0,0,0,151.876953125,background
Img_1101_jpg.rf.27cec61cdf005f880b0a4fb70a796efd.jpg,valid,640,640,1.0,0,0,0,152.1396484375,background
Img_1102_jpg.rf.3365b352486536485624e8f67450fc31.jpg,valid,640,640,1.0,0,0,0,151.89697265625,background
Img_1102_jpg.rf.897c1e8dd42e69ad58254b8ca935838d.jpg,valid,640,640,1.0,0,0,0,152.02294921875,background
Img_1102_jpg.rf.b084c8e1a7180968161500abb00a5d11.jpg,valid,640,640,1.0,0,0,0,151.791015625,background
Img_1103_jpg.rf.36ffe74b32df3493175d7fccaff182cb.jpg,valid,640,640,1.0,0,0,0,152.33447265625,background
Img_1104_jpg.rf.6516f84186dffc603aa60caab26242df.jpg,valid,640,640,1.0,0,0,0,152.626220703125,background
Img_1105_jpg.rf.1fe5ad166e843e2e7629002337313f43.jpg,valid,640,640,1.0,0,0,0,153.710205078125,background
Img_1105_jpg.rf.f594cef3fc2c03a2f0ba1e16f4d5027a.jpg,valid,640,640,1.0,0,0,0,153.537109375,background
Img_1106_jpg.rf.5ab07d4102979fa5322c13e8c62ecc66.jpg,valid,640,640,1.0,0,0,0,155.302001953125,background
Img_1106_jpg.rf.bf9b1c3f17074f724ff5393a298d2546.jpg,valid,640,640,1.0,0,0,0,155.183349609375,background
Img_1107_jpg.rf.4fd5256cdade08802ed7f6f780d93648.jpg,valid,640,640,1.0,0,0,0,155.873779296875,background
Img_1107_jpg.rf.7c5cf83cd9d7a8ddcad438e2232cd8b7.jpg,valid,640,640,1.0,0,0,0,155.81494140625,background
Img_1108_jpg.rf.52a2dcb8a928eabc27407c921b025f90.jpg,valid,640,640,1.0,0,0,0,154.825927734375,background
Img_1108_jpg.rf.789ca6fa2d07762e9831f60f94f5d68e.jpg,valid,640,640,1.0,0,0,0,154.836669921875,background
Img_1108_jpg.rf.afba01414474f7a4b2975f43eb469c11.jpg,valid,640,640,1.0,0,0,0,154.816650390625,background
Img_1108_jpg.rf.c4f798f26ee4c23c476d7cda17310880.jpg,valid,640,640,1.0,0,0,0,155.25341796875,background
Img_1109_jpg.rf.2985a8e21e33841938cc6d923caf0150.jpg,valid,640,640,1.0,0,0,0,154.3505859375,background
Img_1109_jpg.rf.9f3626d475b69a6105a8b3c3009b5d95.jpg,valid,640,640,1.0,0,0,0,154.4130859375,background
Img_1109_jpg.rf.bd0a60b847147bba59313888ee696210.jpg,valid,640,640,1.0,0,0,0,154.288330078125,background
Img_1109_jpg.rf.f70700126afe25f75595646a5e6a6656.jpg,valid,640,640,1.0,0,0,0,154.3359375,background
Img_1110_jpg.rf.2807b4d3e04f61f7b04086449cd811ca.jpg,valid,640,640,1.0,0,0,0,153.4560546875,background
Img_1110_jpg.rf.32c7bc5101d93e34d64f1a2d512ebce8.jpg,valid,640,640,1.0,0,0,0,153.54296875,background
Img_1110_jpg.rf.5570200ab5a845a78ebb49cd36680334.jpg,valid,640,640,1.0,0,0,0,153.57568359375,background
Img_1110_jpg.rf.b5ac49c00e9540c5f4d977acbcfadde2.jpg,valid,640,640,1.0,0,0,0,153.370361328125,background
Img_1111_jpg.rf.087eb983eaf6ed6bb718ca82bb473fa7.jpg,valid,640,640,1.0,0,0,0,154.1328125,background
Img_1111_jpg.rf.cd871eca3046acbce43209f8b7eab27e.jpg,valid,640,640,1.0,0,0,0,154.14208984375,background
Img_1112_jpg.rf.35a853b716f906303d2453431909df50.jpg,valid,640,640,1.0,0,0,0,153.5771484375,background
Img_1112_jpg.rf.7ee3f3850aec9173c890cc2d6d1a030e.jpg,valid,640,640,1.0,0,0,0,153.42724609375,background
Img_1112_jpg.rf.bbf29bb70db76fcd695fa25fe1765673.jpg,valid,640,640,1.0,0,0,0,153.5078125,background
Img_1113_jpg.rf.21c88a820bfdef993a69a6805ef503aa.jpg,valid,640,640,1.0,0,0,0,152.93310546875,background
Img_1113_jpg.rf.f4604d1679fb7da3612e413972f2128b.jpg,valid,640,640,1.0,0,0,0,152.850341796875,background
Img_1114_jpg.rf.1ac47f0669a15c06e85c7239489188dc.jpg,valid,640,640,1.0,0,0,0,152.36328125,background
Img_1114_jpg.rf.5c436a8ab7f2d70632852f2d2497ace1.jpg,valid,640,640,1.0,0,0,0,151.972412109375,background
Img_1114_jpg.rf.75fc6f3b5c3d4776cd4a2ad2d72cb68b.jpg,valid,640,640,1.0,0,0,0,151.891357421875,background
Img_1115_jpg.rf.e2b914ab72c027c8cfcc046f855fe869.jpg,valid,640,640,1.0,0,0,0,151.662353515625,background
Img_1116_jpg.rf.4431389f08ecf8a95fb2e870895cdf71.jpg,valid,640,640,1.0,0,0,0,151.3515625,background
Img_1116_jpg.rf.b84fab24b0c451db4facda29370efdf5.jpg,valid,640,640,1.0,0,0,0,151.21484375,background
Img_1117_jpg.rf.3dddf33fd1a0a96b728c33ecd690201c.jpg,valid,640,640,1.0,0,0,0,151.93408203125,background
Img_1117_jpg.rf.ac037d7dda53264a2d803e6aa47e2fa2.jpg,valid,640,640,1.0,0,0,0,151.54931640625,background
Img_1117_jpg.rf.fa55852a5883b4035a3832037f7cc452.jpg,valid,640,640,1.0,0,0,0,151.584716796875,background
Img_1118_jpg.rf.fdf2f9aa49a6aa7b5372105683cb2ffe.jpg,valid,640,640,1.0,0,0,0,152.302001953125,background
Img_1119_jpg.rf.72ecbdebc463a6929c615fd70e668d9b.jpg,valid,640,640,1.0,0,0,0,152.14453125,background
Img_1120_jpg.rf.00fb9d4e2a701b7eb0202273e9b11849.jpg,valid,640,640,1.0,0,0,0,152.162109375,background
Img_1120_jpg.rf.0e108de8ad8ebdf086b50c7232cfe329.jpg,valid,640,640,1.0,0,0,0,152.207275390625,background
Img_1121_jpg.rf.75e577041da92506d8c2ddaaec7d848e.jpg,valid,640,640,1.0,0,0,0,152.556884765625,background
Img_1122_jpg.rf.a1a9275d6b517bb7ad9bf37b9017023e.jpg,valid,640,640,1.0,0,0,0,151.25146484375,background
Img_1123_jpg.rf.6a696d233dd9ce44ab4a3262162cb790.jpg,valid,640,640,1.0,0,0,0,151.048095703125,background
Img_1124_jpg.rf.0b2de08e39167f7a5430bb8e94f74770.jpg,valid,640,640,1.0,0,0,0,151.238037109375,background
Img_1124_jpg.rf.502d3709ca1fce32b15c70385c007cd8.jpg,valid,640,640,1.0,0,0,0,151.205810546875,background
Img_1125_jpg.rf.2e4a3e22cd63e326dc45874509383d17.jpg,valid,640,640,1.0,0,0,0,151.7255859375,background
Img_1126_jpg.rf.c7a5437badb669599fe8aa1f933eab9b.jpg,valid,640,640,1.0,0,0,0,151.69970703125,background
Img_1128_jpg.rf.daf80e3c9fec403dcf9343becf585738.jpg,valid,640,640,1.0,0,0,0,152.005859375,background
Img_1128_jpg.rf.f77b1ae66eeaa3ca087783900305604a.jpg,valid,640,640,1.0,0,0,0,151.889404296875,background
Img_1130_jpg.rf.3c1586e48f1f019b087cd4e4d8d52506.jpg,valid,640,640,1.0,0,0,0,151.7001953125,background
Img_1131_jpg.rf.8c0b51a8d947f69b624f5a71b3a672a0.jpg,valid,640,640,1.0,0,0,0,150.896240234375,background
Img_1131_jpg.rf.ba3b331c4d97aebf8d37fea75ca8581b.jpg,valid,640,640,1.0,0,0,0,150.76953125,background
Img_1132_jpg.rf.334a2588f0cf4d1263aa461bb22d3ae2.jpg,valid,640,640,1.0,0,0,0,150.797607421875,background
Img_1132_jpg.rf.dccd14fd13cdd4c60775d735d7cd9050.jpg,valid,640,640,1.0,0,0,0,150.686279296875,background
Img_1133_jpg.rf.52db70566d909ab41602bdda5a2689bc.jpg,valid,640,640,1.0,0,0,0,151.70068359375,background
Img_1133_jpg.rf.5d09a657719c58846d436380f569910e.jpg,valid,640,640,1.0,0,0,0,151.66552734375,background
Img_1134_jpg.rf.20b23f4d6316c3f2afc2ac4ee5172702.jpg,valid,640,640,1.0,0,0,0,151.716064453125,background
Img_1134_jpg.rf.b1d8ef6f0b5627b7796d1305b0156412.jpg,valid,640,640,1.0,0,0,0,151.614501953125,background
Img_1134_jpg.rf.d1f8cf5602a54a71dc2819d112d3bc69.jpg,valid,640,640,1.0,0,0,0,151.695556640625,background
Img_1225_jpg.rf.a22981f89b2ed01efd8c8d46e0d013e1.jpg,valid,640,640,1.0,0,0,0,114.629150390625,background
Img_1232_jpg.rf.9518e71a898a9d5b3a37f08c6096ce3d.jpg,valid,640,640,1.0,0,0,0,103.125732421875,background
Img_1232_jpg.rf.be5f586c23c08c48f6ff966e68354a29.jpg,valid,640,640,1.0,0,0,0,103.1787109375,background
Img_1246_jpg.rf.6b93946fff10709727730b95538533ce.jpg,valid,640,640,1.0,0,0,0,91.258544921875,background
Img_1246_jpg.rf.deae6beb42c68a2133a1d204e4a0fcb2.jpg,valid,640,640,1.0,0,0,0,91.37158203125,background
Img_1252_jpg.rf.cc82432b8bc58ef7b0478e2f5f2d9c01.jpg,valid,640,640,1.0,0,0,0,115.4052734375,background
Img_1255_jpg.rf.99dbd573ce4e57fca3d60572bf06ac30.jpg,valid,640,640,1.0,0,0,0,117.71435546875,background
Img_1255_jpg.rf.bb6f35dffef5895d1e5cc7b26453ea10.jpg,valid,640,640,1.0,0,0,0,118.208251953125,background
Img_1256_jpg.rf.328cdbb7bf46b7866ddc700758dfb947.jpg,valid,640,640,1.0,0,0,0,117.6171875,background
Img_1256_jpg.rf.b9e101677692f307560ad89098ebfa92.jpg,valid,640,640,1.0,0,0,0,117.6591796875,background
Img_1262_jpg.rf.7fbc89f1fbe11fb5b91cfb249d008499.jpg,valid,640,640,1.0,0,0,0,118.040283203125,background
Img_1262_jpg.rf.967c76e1ea27ea341a4d4398aff97ead.jpg,valid,640,640,1.0,0,0,0,118.078857421875,background
Img_1273_jpg.rf.0a0ae5eb63fc8a2c0d34e12339f2af21.jpg,valid,640,640,1.0,0,0,0,122.746826171875,background
Img_1273_jpg.rf.b170cc6b8eb5c2da08c9f111576a4371.jpg,valid,640,640,1.0,0,0,0,122.734130859375,background
Img_1364_jpg.rf.07ad1edebc1ae6d1171dc795f83783d8.jpg,valid,640,640,1.0,0,0,0,100.125732421875,background
Img_1364_jpg.rf.3ffdf0f64405a3bf87db716ee221b687.jpg,valid,640,640,1.0,0,0,0,100.26220703125,background
Img_1364_jpg.rf.a408876d1d27cf4def1c3acb23ba0d39.jpg,valid,640,640,1.0,0,0,0,100.26220703125,background
Img_1364_jpg.rf.ac6edfddd02a6b201eef1b5fb4d6b11a.jpg,valid,640,640,1.0,0,0,0,100.210693359375,background
Img_1365_jpg.rf.56b8256699f4e86569f341de7e36d8a0.jpg,valid,640,640,1.0,0,0,0,100.924560546875,background
Img_1366_jpg.rf.8e2233eaff430e119a30d7c2b6e724d0.jpg,valid,640,640,1.0,0,0,0,101.02197265625,background
Img_1366_jpg.rf.e1bbdce1baaf56d7b218f2b3c0eecffb.jpg,valid,640,640,1.0,0,0,0,100.9462890625,background
Img_1367_jpg.rf.1158ce9dddec71388ecfa8d8e0dc26be.jpg,valid,640,640,1.0,0,0,0,100.89404296875,background
Img_1367_jpg.rf.b9e9e5a09734ebbddd5fe0f09fa2ee0f.jpg,valid,640,640,1.0,0,0,0,100.879638671875,background
Img_1368_jpg.rf.8bd529a1da868fa7bf9441026cdeb4e9.jpg,valid,640,640,1.0,0,0,0,102.431396484375,background
Img_1368_jpg.rf.b0ff12de7df1130c123d4116de8338f5.jpg,valid,640,640,1.0,0,0,0,102.434814453125,background
Img_1368_jpg.rf.f17950c95bf5b0d38c7cb3d8004c7000.jpg,valid,640,640,1.0,0,0,0,102.5732421875,background
Img_1369_jpg.rf.a1f2b16c00bc98aa79c3757c1a4a8f16.jpg,valid,640,640,1.0,0,0,0,104.65771484375,background
Img_1370_jpg.rf.dcb2c82e541727fdc6355a3b9561e21b.jpg,valid,640,640,1.0,0,0,0,106.0224609375,background
Img_1370_jpg.rf.df8eea44d959f0429d8354d74359b8e1.jpg,valid,640,640,1.0,0,0,0,106.4052734375,background
Img_1370_jpg.rf.ec8dd236a2159e3694b68c32e6c322e8.jpg,valid,640,640,1.0,0,0,0,106.05615234375,background
Img_1371_jpg.rf.9a190fe5875de8ff53ed341b734b00b1.jpg,valid,640,640,1.0,0,0,0,106.924072265625,background
Img_1372_jpg.rf.22fbbc5b5a680707e35a6344d47a1079.jpg,valid,640,640,1.0,0,0,0,107.64306640625,background
Img_1372_jpg.rf.5b0a9169ad7eb27d3b032c04ffc41f51.jpg,valid,640,640,1.0,0,0,0,107.693603515625,background
Img_1373_jpg.rf.15bd6a47f6a73abb059d3dbbe423c931.jpg,valid,640,640,1.0,0,0,0,107.456298828125,background
Img_1373_jpg.rf.c1b0e42625a87a2b1bfea80d4c0cfbba.jpg,valid,640,640,1.0,0,0,0,107.27197265625,background
Img_1374_jpg.rf.16e5586d9e3b595f0002a30be11acc45.jpg,valid,640,640,1.0,0,0,0,107.181640625,background
Img_1374_jpg.rf.aa2c26aa2823b5dbec8e9caf07410f5f.jpg,valid,640,640,1.0,0,0,0,107.218505859375,background
Img_1375_jpg.rf.5b62a78ea70272fb3adcf1b6e5d6e614.jpg,valid,640,640,1.0,0,0,0,107.252685546875,background
Img_1375_jpg.rf.b205478718967f814073626757cdd4df.jpg,valid,640,640,1.0,0,0,0,107.201171875,background
Img_1376_jpg.rf.06995b266e185c6ae147477e17067ff0.jpg,valid,640,640,1.0,0,0,0,107.61181640625,background
Img_1376_jpg.rf.cc8ddbe839deeff9e42cf9aaea61d59e.jpg,valid,640,640,1.0,0,0,0,107.490478515625,background
Img_1376_jpg.rf.d9b245bb5e3e930f56258b136b3bfd0a.jpg,valid,640,640,1.0,0,0,0,107.52490234375,background
Img_1377_jpg.rf.ce493c43400874e23fb4e8f7d641f212.jpg,valid,640,640,1.0,0,0,0,107.351806640625,background
Img_1378_jpg.rf.263132c2f55663008d0a0f8e9df31821.jpg,valid,640,640,1.0,0,0,0,107.552490234375,background
Img_1378_jpg.rf.c3d04e37e7f99677cd37639c783bb36c.jpg,valid,640,640,1.0,0,0,0,107.41845703125,background
Img_1379_jpg.rf.592b163e74d1d18eccd8a85cbaebe5da.jpg,valid,640,640,1.0,0,0,0,107.1767578125,background
Img_1380_jpg.rf.17a7ef7970c6980948271a9cde0628df.jpg,valid,640,640,1.0,0,0,0,106.846435546875,background
Img_1381_jpg.rf.464ed77fbcf2c1f21022ffae6eb3dbbc.jpg,valid,640,640,1.0,0,0,0,107.420654296875,background
Img_1382_jpg.rf.11ffdaa8f6ebb5c032ab93344bb2227e.jpg,valid,640,640,1.0,0,0,0,107.752685546875,background
Img_1382_jpg.rf.ed2e89d4a644cc2c08cef08c05cabe2a.jpg,valid,640,640,1.0,0,0,0,107.59765625,background
Img_1383_jpg.rf.4012c993bb1eedc8b1d6368aca30d4b4.jpg,valid,640,640,1.0,0,0,0,107.400146484375,background
Img_1383_jpg.rf.caa1c0839009392cb1c14543bd60d70f.jpg,valid,640,640,1.0,0,0,0,107.5478515625,background
Img_1384_jpg.rf.e7535b8edc751935a9b5c52250c46e38.jpg,valid,640,640,1.0,0,0,0,107.52490234375,background
Img_1384_jpg.rf.eab64301c2cf73de0ace6eb8e3df5b6b.jpg,valid,640,640,1.0,0,0,0,107.565673828125,background
Img_1386_jpg.rf.bf5a9610f6ecbfbe3ba59e417c8dd73b.jpg,valid,640,640,1.0,0,0,0,106.609130859375,background
Img_1387_jpg.rf.99676182659b4882a57510c1c693ca8f.jpg,valid,640,640,1.0,0,0,0,108.095458984375,background
Img_1387_jpg.rf.a5995f904151b5ffb802d83c6115cb1d.jpg,valid,640,640,1.0,0,0,0,108.103271484375,background
Img_1388_jpg.rf.a2c04cde89483af2d8a71f5780b523a0.jpg,valid,640,640,1.0,0,0,0,110.255126953125,background
Img_1389_jpg.rf.0b1513a3947e628675c5f8026f77819e.jpg,valid,640,640,1.0,0,0,0,110.2529296875,background
Img_1390_jpg.rf.40e22f4fe4b1eb0599728eb06d0de64d.jpg,valid,640,640,1.0,0,0,0,110.062255859375,background
Img_1391_jpg.rf.4b632f2d5f715a7746e0bd68fdd8d237.jpg,valid,640,640,1.0,0,0,0,110.349609375,background
Img_1391_jpg.rf.b9ca70844162159a6bca247866b07563.jpg,valid,640,640,1.0,0,0,0,110.288330078125,background
Img_1392_jpg.rf.5193cb64eacc3812e38428840ae576c6.jpg,valid,640,640,1.0,0,0,0,110.07177734375,background
Img_1392_jpg.rf.c0ee02f60dd86dbdfbe0eea5247d71f0.jpg,valid,640,640,1.0,0,0,0,110.010009765625,background
Img_1393_jpg.rf.77c9c913590d21632ff5840bf1e9fa64.jpg,valid,640,640,1.0,0,0,0,110.6142578125,background
Img_1393_jpg.rf.a4bae47177a0c33f19996941974631bb.jpg,valid,640,640,1.0,0,0,0,110.586181640625,background
Img_1395_jpg.rf.49c6325e18c16fb3c71b078a78accc1d.jpg,valid,640,640,1.0,0,0,0,110.549560546875,background
Img_1396_jpg.rf.215bd3c8a95499ac31a821d8fb2cc33d.jpg,valid,640,640,1.0,0,0,0,111.072509765625,background
Img_1397_jpg.rf.33486f1c13c26bc0d59cb5b7d14bc9dc.jpg,valid,640,640,1.0,0,0,0,110.4794921875,background
Img_1397_jpg.rf.50cb6366b5b19777a861d04e8aa77d38.jpg,valid,640,640,1.0,0,0,0,110.461669921875,background
Img_1398_jpg.rf.4123cf4deeee677b6e8ffbe929c14a91.jpg,valid,640,640,1.0,0,0,0,110.38525390625,background
Img_1398_jpg.rf.8baac097ab5d625563ac0ae40e744591.jpg,valid,640,640,1.0,0,0,0,110.412353515625,background
Img_1398_jpg.rf.fae9f906aa276d76ff6b94fa5b4d89d5.jpg,valid,640,640,1.0,0,0,0,110.3759765625,background
Img_1399_jpg.rf.9eb349dcd4f06ea94023e1152512168d.jpg,valid,640,640,1.0,0,0,0,110.77685546875,background
Img_1399_jpg.rf.ad94a7ff42e8f05a4a3bebd2f360c57e.jpg,valid,640,640,1.0,0,0,0,110.3505859375,background
Img_1401_jpg.rf.2ab964e5fa478f6158d181098da849b8.jpg,valid,640,640,1.0,0,0,0,109.94287109375,background
Img_1402_jpg.rf.2b187d4c87f2f9b608a47a7f42040ddc.jpg,valid,640,640,1.0,0,0,0,110.317138671875,background
Img_1403_jpg.rf.a44183fa475b59e6cd3d84ded759fb6d.jpg,valid,640,640,1.0,0,0,0,110.33837890625,background
Img_1404_jpg.rf.dd9b928fe6a181f89b76779899c9496b.jpg,valid,640,640,1.0,0,0,0,109.4423828125,background
Img_1405_jpg.rf.e9c5a783fddb92dc3cb40b829efe08b9.jpg,valid,640,640,1.0,0,0,0,110.1875,background
Img_1574_jpg.rf.567246c2c8bc2f36ec8ff2b74f274026.jpg,valid,640,640,1.0,0,0,0,114.701171875,background
Img_1574_jpg.rf.8c8c52defa0c2bcc61b3ec5608d98e0b.jpg,valid,640,640,1.0,0,0,0,114.730224609375,background
Img_1575_jpg.rf.9dac7ea83a3517db508c549f56d27640.jpg,valid,640,640,1.0,0,0,0,115.626220703125,background
Img_1581_jpg.rf.af6198112eefd6c6b63c3c1fdf5a7684.jpg,valid,640,640,1.0,0,0,0,119.455322265625,background
Img_1582_jpg.rf.0632a9d48951569b1f10edebd0f68bd0.jpg,valid,640,640,1.0,0,0,0,119.4404296875,background
Img_1582_jpg.rf.69708fe7f6ba3802b473e454c5fb58b1.jpg,valid,640,640,1.0,0,0,0,119.37060546875,background
Img_1583_jpg.rf.0cc8ab5eba76bf786ce92f1e9fd850d3.jpg,valid,640,640,1.0,0,0,0,119.19189453125,background
Img_1583_jpg.rf.ad25385ac7d693343923b3e44df18c01.jpg,valid,640,640,1.0,0,0,0,119.135498046875,background
Img_1583_jpg.rf.f466411618afe92a049d8abc14ec1037.jpg,valid,640,640,1.0,0,0,0,119.206298828125,background
Img_1584_jpg.rf.dbb964f01b3eafaa5b359433c2cc31c7.jpg,valid,640,640,1.0,0,0,0,118.6787109375,background
Img_1628_jpg.rf.15a3fb429c4f462bfdaeb52e9ed2aa84.jpg,valid,640,640,1.0,0,0,0,94.320556640625,background
Img_1630_jpg.rf.6d4d1e920e9b257a0b69ddf35eca3646.jpg,valid,640,640,1.0,0,0,0,93.750732421875,background
Img_1630_jpg.rf.a68f5c48bfb9ea22311ec77ddcb0a29d.jpg,valid,640,640,1.0,0,0,0,93.700927734375,background
Img_1630_jpg.rf.e7e1f750f0f8d5b1d45fed28a3627289.jpg,valid,640,640,1.0,0,0,0,93.669921875,background
Img_1643_jpg.rf.141b7ffa434edf72fd6d82c1e04ab3f1.jpg,valid,640,640,1.0,0,0,0,98.71484375,background
Img_1679_jpg.rf.515924d64ae192bff14df884961221e9.jpg,valid,640,640,1.0,0,0,0,83.69091796875,background
Img_1681_jpg.rf.1831b97b5776ca92492d1254c73c181c.jpg,valid,640,640,1.0,0,0,0,83.94189453125,background
Img_1681_jpg.rf.b1a6a6efd8095b345c1e05a6fd65b478.jpg,valid,640,640,1.0,0,0,0,83.58251953125,background
Img_1681_jpg.rf.c14e5ebf124a5f2bdb99a353b3458ff1.jpg,valid,640,640,1.0,0,0,0,84.083251953125,background
Img_1693_jpg.rf.130ded793d4239758e02c489c042a209.jpg,valid,640,640,1.0,0,0,0,81.149169921875,background
Img_1693_jpg.rf.a4ca6fafff6f8f2456c3a10935735e6d.jpg,valid,640,640,1.0,0,0,0,81.149169921875,background
Img_1693_jpg.rf.a831fe4d3e0db4a3178ae36c66ce9252.jpg,valid,640,640,1.0,0,0,0,81.0078125,background
Img_1695_jpg.rf.12b06f5cfdf9952b6337cc0e5af67723.jpg,valid,640,640,1.0,0,0,0,79.8818359375,background
Img_1695_jpg.rf.c57c1c18f9132817ae2cc363e7596426.jpg,valid,640,640,1.0,0,0,0,79.556884765625,background
Img_1696_jpg.rf.306cd302ef8ac1adb4d69a64e983ddbc.jpg,valid,640,640,1.0,0,0,0,76.397216796875,background
Img_1696_jpg.rf.6b00aa47061788243fd048da0657c56a.jpg,valid,640,640,1.0,0,0,0,76.330322265625,background
Img_1697_jpg.rf.b952c776db95aebdf497477b10444dc3.jpg,valid,640,640,1.0,0,0,0,75.001708984375,background
Img_1698_jpg.rf.09a930064db1d7e7bd1a3ce608f6f95f.jpg,valid,640,640,1.0,0,0,0,74.47509765625,background
Img_1698_jpg.rf.a0325b90d4cb5dd30c96f0a76883c0eb.jpg,valid,640,640,1.0,0,0,0,74.6748046875,background
Img_1698_jpg.rf.a75663dbc799d2642ce8168b1cacfa73.jpg,valid,640,640,1.0,0,0,0,74.6748046875,background
Img_1699_jpg.rf.3640b4516adab75c066dbeb8685bdcd4.jpg,valid,640,640,1.0,0,0,0,75.136474609375,background
Img_1699_jpg.rf.8d86a2f4cea460062f5a7cd82c1cc6a9.jpg,valid,640,640,1.0,0,0,0,75.012451171875,background
Img_1700_jpg.rf.ab4e0c96c6b8a58d2f35d02ce6c5ce91.jpg,valid,640,640,1.0,0,0,0,75.7685546875,background
Img_1700_jpg.rf.acbe238a5cf820c3a1e72fc26ec2e14b.jpg,valid,640,640,1.0,0,0,0,75.559814453125,background
Img_1701_jpg.rf.c3e81b9a89b76f68be244416c0606a83.jpg,valid,640,640,1.0,0,0,0,77.638671875,background
Img_1702_jpg.rf.35bfa70d4c0dff41d33c0d0741aafb74.jpg,valid,640,640,1.0,0,0,0,77.787109375,background
Img_1703_jpg.rf.0d299150f6566d6a6089fade0749e000.jpg,valid,640,640,1.0,0,0,0,78.300537109375,background
Img_1706_jpg.rf.f2e1d936eebd7364608680579659e3b7.jpg,valid,640,640,1.0,0,0,0,77.685791015625,background
Img_1715_jpg.rf.d74ce7978f854cd91aa5908b22734d14.jpg,valid,640,640,1.0,0,0,0,89.354248046875,background
Img_1726_jpg.rf.117abd17d41834ae7b12a329e18dbf31.jpg,valid,640,640,1.0,0,0,0,79.209228515625,background
Img_1727_jpg.rf.359b1934c85af9c05068e2c63564346a.jpg,valid,640,640,1.0,0,0,0,76.26416015625,background
Img_1727_jpg.rf.86071abf77a6cca33bab7c3dfb371bd9.jpg,valid,640,640,1.0,0,0,0,76.216796875,background
Img_1728_jpg.rf.a5c95d92973f2c8daa98ef89f2df8427.jpg,valid,640,640,1.0,0,0,0,73.7392578125,background
Img_1729_jpg.rf.3b53c2a721d6dd1c673c7a2fb24c9169.jpg,valid,640,640,1.0,0,0,0,73.150146484375,background
Img_1729_jpg.rf.7a0b25027152d1da888803ae3677a8bb.jpg,valid,640,640,1.0,0,0,0,73.0966796875,background
Img_1730_jpg.rf.e8e37dd33f35e90b6d37634c7683cbd2.jpg,valid,640,640,1.0,0,0,0,71.547119140625,background
Img_1731_jpg.rf.9cd4911f45bda40b8dba55ff72c01c78.jpg,valid,640,640,1.0,0,0,0,71.499267578125,background
Img_1732_jpg.rf.dc097160314cdba770628a5eac4ab61d.jpg,valid,640,640,1.0,0,0,0,71.473388671875,background
Img_1733_jpg.rf.d6a517740540003a0590332bfca7f7f5.jpg,valid,640,640,1.0,0,0,0,70.228271484375,background
Img_1740_jpg.rf.0d93dc592883f459624e8283b54146cb.jpg,valid,640,640,1.0,0,0,0,75.416015625,background
Img_1740_jpg.rf.d17bc91ecd48fd997f571dde18dc30dd.jpg,valid,640,640,1.0,0,0,0,75.37841796875,background
Img_1741_jpg.rf.78325a756e92a97607808c8968a02cc7.jpg,valid,640,640,1.0,0,0,0,68.383544921875,background
Img_1741_jpg.rf.97410e1d9c6ec130ca4220c471022747.jpg,valid,640,640,1.0,0,0,0,68.395751953125,background
Img_1745_jpg.rf.62572aa257c2aaf5a0d0f7a9d7fd3f77.jpg,valid,640,640,1.0,0,0,0,50.287109375,background
Img_175_jpg.rf.5e795c499aa805f03990b28574a99a84.jpg,valid,640,640,1.0,0,0,0,132.135009765625,background
Img_177_jpg.rf.924fab1f3584634e4e30cc28173a4985.jpg,valid,640,640,1.0,0,0,0,132.360595703125,background
Img_177_jpg.rf.c5cb64a398585fa0a125397b7ca63f44.jpg,valid,640,640,1.0,0,0,0,132.2548828125,background
Img_178_jpg.rf.d5e7e79672aa00bc71e4b0a267b7737c.jpg,valid,640,640,1.0,0,0,0,131.9970703125,background
Img_178_jpg.rf.f722b36a757fdc91a9f21e4ce4e72a96.jpg,valid,640,640,1.0,0,0,0,132.07275390625,background
Img_1790_jpg.rf.27d20729ea6501e94af2ab5687a8a2d5.jpg,valid,640,640,1.0,0,0,0,123.6376953125,background
Img_1790_jpg.rf.582b7ae05292dadfeeaeda43d8488be0.jpg,valid,640,640,1.0,0,0,0,124.0009765625,background
Img_1792_jpg.rf.8ab68208ceed40dd1b77975bc7618973.jpg,valid,640,640,1.0,0,0,0,129.352294921875,background
Img_1793_jpg.rf.760a8694bc8a8b69ef0f757dc75f1a6c.jpg,valid,640,640,1.0,0,0,0,128.801025390625,background
Img_1793_jpg.rf.bcfdf52f14886589018bb5e51dc5f54f.jpg,valid,640,640,1.0,0,0,0,128.88818359375,background
Img_1795_jpg.rf.545897202441ef5391a3674ecf3d46a0.jpg,valid,640,640,1.0,0,0,0,126.343505859375,background
Img_1796_jpg.rf.fb11982c77968e97acf9ad0386f9e563.jpg,valid,640,640,1.0,0,0,0,125.973876953125,background
Img_1798_jpg.rf.0e35f29bb7af20308199bb8f9d431a59.jpg,valid,640,640,1.0,0,0,0,127.923828125,background
Img_1798_jpg.rf.83d309ad8e457285206e63a6d55c02ef.jpg,valid,640,640,1.0,0,0,0,128.008544921875,background
Img_1798_jpg.rf.f40d4962baf47f98c727571e01ea80c1.jpg,valid,640,640,1.0,0,0,0,127.959716796875,background
Img_1799_jpg.rf.a1ae732975e21a2528d0e22df3fa9b91.jpg,valid,640,640,1.0,0,0,0,127.8603515625,background
Img_1799_jpg.rf.d7eb53e50245672eedb327d18deb7099.jpg,valid,640,640,1.0,0,0,0,127.871826171875,background
Img_179_jpg.rf.86a1dc823f684204b61a101cca269d38.jpg,valid,640,640,1.0,0,0,0,132.209228515625,background
Img_1800_jpg.rf.7cc996ac6a40a7e4bae6f1b64c80c8fe.jpg,valid,640,640,1.0,0,0,0,128.08544921875,background
Img_1800_jpg.rf.fa3e604a25210aa7e157ff4c4552adad.jpg,valid,640,640,1.0,0,0,0,128.074462890625,background
Img_1801_jpg.rf.c07f6543e23bbbb22c9a69aae90b6f68.jpg,valid,640,640,1.0,0,0,0,128.189453125,background
Img_1801_jpg.rf.c08caffcc154eac123c5b806a9ba0164.jpg,valid,640,640,1.0,0,0,0,128.189453125,background
Img_1801_jpg.rf.c3deae92dd91c444d16180b4c0720099.jpg,valid,640,640,1.0,0,0,0,128.169921875,background
Img_1802_jpg.rf.9ef7c0696d3ad8aa4dab91671311fdd6.jpg,valid,640,640,1.0,0,0,0,128.874267578125,background
Img_1802_jpg.rf.bf10d79616d84bbedeea36e82c64b0f7.jpg,valid,640,640,1.0,0,0,0,128.80029296875,background
Img_1804_jpg.rf.914f20a0ca3a2d0fed3d0c8d21ccdb8f.jpg,valid,640,640,1.0,0,0,0,129.996337890625,background
Img_1805_jpg.rf.2c8971913a65e2a4d89879e00d7e5665.jpg,valid,640,640,1.0,0,0,0,130.12255859375,background
Img_1805_jpg.rf.b579db50de06c4541bdb86364a161c27.jpg,valid,640,640,1.0,0,0,0,130.19677734375,background
Img_1806_jpg.rf.22d4ca2bcb8bcbbff28d88c802c1b9e7.jpg,valid,640,640,1.0,0,0,0,130.657470703125,background
Img_1806_jpg.rf.ac69bb3879751e32664466c250a42407.jpg,valid,640,640,1.0,0,0,0,130.66064453125,background
Img_1807_jpg.rf.1c7c3b2200336c4bf16676de466b3266.jpg,valid,640,640,1.0,0,0,0,130.33056640625,background
Img_1807_jpg.rf.3870e62ee01b72a9d5a24e8db142119e.jpg,valid,640,640,1.0,0,0,0,130.338623046875,background
Img_1807_jpg.rf.944981216ad8da6c9ffb8df3dab7f274.jpg,valid,640,640,1.0,0,0,0,130.455810546875,background
Img_1808_jpg.rf.4f994621f9da7856e09aed2b7081617f.jpg,valid,640,640,1.0,0,0,0,129.92626953125,background
Img_1809_jpg.rf.cf9fa3accfb8ac2056796b93a839222a.jpg,valid,640,640,1.0,0,0,0,130.6474609375,background
Img_180_jpg.rf.c000ebb285ce269d23da6b2872ca303e.jpg,valid,640,640,1.0,0,0,0,131.6640625,background
Img_1810_jpg.rf.7b7f8d7de087fe6904f0515ac7da404d.jpg,valid,640,640,1.0,0,0,0,130.522705078125,background
Img_1811_jpg.rf.0925ff05f36721412fdd2bb71824bf82.jpg,valid,640,640,1.0,0,0,0,130.36962890625,background
Img_1811_jpg.rf.89542930db704c9ec739b462d675deb5.jpg,valid,640,640,1.0,0,0,0,130.513427734375,background
Img_1812_jpg.rf.c83480de3c54ff8c05da88314465b65d.jpg,valid,640,640,1.0,0,0,0,131.0078125,background
Img_1813_jpg.rf.696f9c1059c135cf2c8202cfd8c0e766.jpg,valid,640,640,1.0,0,0,0,130.624755859375,background
Img_1814_jpg.rf.4af236b90c919845bed0fa2ad415d66b.jpg,valid,640,640,1.0,0,0,0,129.366455078125,background
Img_1814_jpg.rf.6e291eab331eca6f6745eb8232428366.jpg,valid,640,640,1.0,0,0,0,129.38671875,background
Img_1814_jpg.rf.f0166f48c381d174e99504fe55aae3e7.jpg,valid,640,640,1.0,0,0,0,129.3828125,background
Img_1815_jpg.rf.ace54d4faa074b7917cc9a51d925eeda.jpg,valid,640,640,1.0,0,0,0,129.803466796875,background
Img_1816_jpg.rf.92570ad5b7c3bd694fc059807950aa97.jpg,valid,640,640,1.0,0,0,0,129.5703125,background
Img_1816_jpg.rf.b49030fcec1358d0e06e71cdb6b671cc.jpg,valid,640,640,1.0,0,0,0,129.529541015625,background
Img_181_jpg.rf.17e03b7d802761018225c5275a329a78.jpg,valid,640,640,1.0,0,0,0,131.530029296875,background
Img_181_jpg.rf.7c347dec987dd4f8b0387a8e7ca3dcc4.jpg,valid,640,640,1.0,0,0,0,131.56982421875,background
Img_182_jpg.rf.2febf985a6e4212f232ce140feaf7888.jpg,valid,640,640,1.0,0,0,0,131.615478515625,background
Img_183_jpg.rf.098852699adf4514d710db2b6f5e13ec.jpg,valid,640,640,1.0,0,0,0,130.766845703125,background
Img_183_jpg.rf.95d9dd6e4b3b91c4362c623347211af6.jpg,valid,640,640,1.0,0,0,0,130.626220703125,background
Img_1844_jpg.rf.e4d3471bad538ff8ce193105d7fa119f.jpg,valid,640,640,1.0,0,0,0,124.30322265625,background
Img_184_jpg.rf.c514a13c99640b8c4ae9b04ce013abd1.jpg,valid,640,640,1.0,0,0,0,130.57568359375,background
Img_184_jpg.rf.ce08b7aca18f1388e10e3ccc1b9f87ab.jpg,valid,640,640,1.0,0,0,0,130.53466796875,background
Img_1935_jpg.rf.548efbd095f1329dc7696a8cc2f06b74.jpg,valid,640,640,1.0,0,0,0,120.682373046875,background
Img_2124_jpg.rf.c03052c78787894170f6468cbbfe600e.jpg,valid,640,640,1.0,0,0,0,80.96875,background
Img_2124_jpg.rf.ea3f0f7f282e31e3ad8f678f3d408d71.jpg,valid,640,640,1.0,0,0,0,81.072265625,background
Img_2124_jpg.rf.ee41f2a4f4ea7bd88eef10bdd3915cc2.jpg,valid,640,640,1.0,0,0,0,80.990966796875,background
Img_276_jpg.rf.6ad951ce8b86dff881bcdb8c6da052fa.jpg,valid,640,640,1.0,0,0,0,105.420654296875,background
Img_276_jpg.rf.ab4d83a74ac884513f81eb88a508071c.jpg,valid,640,640,1.0,0,0,0,105.448486328125,background
Img_279_jpg.rf.a42f4c6d5f121940b5962c4a31aead5b.jpg,valid,640,640,1.0,0,0,0,103.95703125,background
Img_279_jpg.rf.cbfe927d38ef5cd8df1abf5ba3245ecb.jpg,valid,640,640,1.0,0,0,0,103.657470703125,background
Img_279_jpg.rf.f5085ce066e3b3f16dc7a19d70262234.jpg,valid,640,640,1.0,0,0,0,103.915283203125,background
Img_344_jpg.rf.d55a7ec193840f929ccabe8d53f21b9c.jpg,valid,640,640,1.0,0,0,0,117.4501953125,background
Img_345_jpg.rf.090f32c33843c280e7ae6633f82d8949.jpg,valid,640,640,1.0,0,0,0,118.313720703125,background
Img_345_jpg.rf.cd50ef9352922607c1fe76817794598e.jpg,valid,640,640,1.0,0,0,0,118.29541015625,background
Img_382_jpg.rf.59a755dfff3be1e030d1d4c36479816c.jpg,valid,640,640,1.0,0,0,0,108.445556640625,background
Img_402_jpg.rf.2ced0d433e8bd522adf31c3cfcb0061e.jpg,valid,640,640,1.0,0,0,0,99.98388671875,background
Img_408_jpg.rf.9b8d3082c9980257a59852d3bd707ea9.jpg,valid,640,640,1.0,0,0,0,97.129150390625,background
Img_418_jpg.rf.7fcfc99656c954930c4c046b959ef0e8.jpg,valid,640,640,1.0,0,0,0,93.677001953125,background
Img_418_jpg.rf.ff2c6e222c9e112ac4abe9950e14e6c7.jpg,valid,640,640,1.0,0,0,0,93.596923828125,background
Img_481_jpg.rf.72bd80bca8a4b99f5d70231fcb632f30.jpg,valid,640,640,1.0,0,0,0,114.12109375,background
Img_481_jpg.rf.e6dfed96d43f2943fe1d7a7fb0f251ee.jpg,valid,640,640,1.0,0,0,0,114.046630859375,background
Img_481_jpg.rf.f9007aaa60d66aba905948fdcfb696fc.jpg,valid,640,640,1.0,0,0,0,114.1318359375,background
Img_483_jpg.rf.a208fd63a7bf9999e1e1dbf0fac56db0.jpg,valid,640,640,1.0,0,0,0,123.6611328125,background
Img_484_jpg.rf.bf4369e64abe98b78206e6ee0f5ed2df.jpg,valid,640,640,1.0,0,0,0,120.853271484375,background
Img_507_jpg.rf.ec0e65f4827b2fb8bbf2e367b43040c3.jpg,valid,640,640,1.0,0,0,0,64.004150390625,background
Img_511_jpg.rf.9790a29a28753d6b16b6771357d03228.jpg,valid,640,640,1.0,0,0,0,68.30712890625,background
Img_511_jpg.rf.be5962ed6d8660f828d8a63f27842ae8.jpg,valid,640,640,1.0,0,0,0,67.932373046875,background
Img_512_jpg.rf.5b496aa5feecfcfe825b19c3851dc88e.jpg,valid,640,640,1.0,0,0,0,66.451416015625,background
Img_520_jpg.rf.13f8af97318a2029515166638afae865.jpg,valid,640,640,1.0,0,0,0,77.417236328125,background
Img_520_jpg.rf.43edc422f03c356283e6fb49154398b3.jpg,valid,640,640,1.0,0,0,0,77.232666015625,background
Img_520_jpg.rf.480b3d09cbd2720f7391ec40285c21e4.jpg,valid,640,640,1.0,0,0,0,77.283935546875,background
Img_522_jpg.rf.706496d687a07a636d8eb80aad7ee264.jpg,valid,640,640,1.0,0,0,0,71.55615234375,background
Img_522_jpg.rf.d09a8e7e8be3b09924081f0664d4c51c.jpg,valid,640,640,1.0,0,0,0,71.424560546875,background
Img_533_jpg.rf.8fc7009ae77c329777d775e7f3687409.jpg,valid,640,640,1.0,0,0,0,65.4951171875,background
Img_533_jpg.rf.f3f1478ae6c12f7acc58266d726a24f1.jpg,valid,640,640,1.0,0,0,0,65.446044921875,background
Img_541_jpg.rf.4bd5f3aa08db54ec61db99997f4ffd51.jpg,valid,640,640,1.0,0,0,0,71.59033203125,background
Img_549_jpg.rf.2f1ee0cb0cb97287352d036eff5cc6b2.jpg,valid,640,640,1.0,0,0,0,71.818115234375,background
Img_552_jpg.rf.292c41b34473a412ce9b3cfd2afd0f14.jpg,valid,640,640,1.0,0,0,0,74.75341796875,background
Img_552_jpg.rf.d03361487c2e5bb870873744f7595493.jpg,valid,640,640,1.0,0,0,0,75.02294921875,background
Img_565_jpg.rf.28b0abb4c7e886e8fcf65ebb7ee0def6.jpg,valid,640,640,1.0,0,0,0,71.4853515625,background
Img_572_jpg.rf.dce3c42fb13e95c5548cb7ba202b3a3f.jpg,valid,640,640,1.0,0,0,0,70.125732421875,background
istockphoto-172202319-612x612_jpg.rf.d3202c17fab71fe6c7a348823c308741.jpg,valid,640,640,1.0,4,3,1,54.20703125,both
MirrorWEBFire098_jpg.rf.47b7cf6a62fc7483c7817a80d751435a.jpg,valid,640,640,1.0,1,1,0,61.90234375,fire_only
MirrorWEBFire1045_jpg.rf.96e2f52b0f56db413228affd9e03e7f6.jpg,valid,640,640,1.0,1,1,0,52.735595703125,fire_only
MirrorWEBFire1045_jpg.rf.e5d4d0e72ac1d9d42c092680bcc80d33.jpg,valid,640,640,1.0,1,1,0,52.264892578125,fire_only
MirrorWEBFire1050_jpg.rf.893a0a3e57c2496130bc49d7fb9ec5e4.jpg,valid,640,640,1.0,4,3,1,49.481689453125,both
MirrorWEBFire1057_jpg.rf.90595d8ef47492723a18837d12ca9c05.jpg,valid,640,640,1.0,7,5,2,44.404296875,both
MirrorWEBFire1084_jpg.rf.a54a35f2548f96efada05bc481ee1541.jpg,valid,640,640,1.0,2,1,1,39.101318359375,both
MirrorWEBFire1151_jpg.rf.de24465c5627af6e58b53827a64cbd21.jpg,valid,640,640,1.0,3,3,0,56.1611328125,fire_only
MirrorWEBFire1155_jpg.rf.a4f808a81966ccd5b883ea9cbc13e530.jpg,valid,640,640,1.0,2,2,0,64.8984375,fire_only
MirrorWEBFire1155_jpg.rf.d84d98ca0579b3f756bfd84a7c8383a9.jpg,valid,640,640,1.0,2,2,0,65.843994140625,fire_only
MirrorWEBFire1209_jpg.rf.d75e537077b62b8b4aee768b3d9d701a.jpg,valid,640,640,1.0,3,1,2,54.785888671875,both
MirrorWEBFire1215_jpg.rf.5f17c9983da93f2d5596c963520fb9aa.jpg,valid,640,640,1.0,4,2,2,45.1650390625,both
MirrorWEBFire1313_jpg.rf.b31ccb7db3ec4559ba6df167e8a5f9c9.jpg,valid,640,640,1.0,1,1,0,70.42578125,fire_only
MirrorWEBFire1347_jpg.rf.dc64c0b75b6f39ef4136ab9f21858886.jpg,valid,640,640,1.0,4,2,2,91.498779296875,both
MirrorWEBFire1352_jpg.rf.8b037efb63fa4016ab278fdd67ea2670.jpg,valid,640,640,1.0,3,1,2,62.08642578125,both
MirrorWEBFire1401_jpg.rf.7db6a1670fa732a182c1ee72b9d46e31.jpg,valid,640,640,1.0,2,1,1,53.317626953125,both
MirrorWEBFire1447_jpg.rf.2ead2b1dfc21fbb09b6b463a06c93651.jpg,valid,640,640,1.0,3,2,1,70.30615234375,both
MirrorWEBFire1468_jpg.rf.abc6ae513a46a9477175c7809cce31c1.jpg,valid,640,640,1.0,2,1,1,36.83984375,both
MirrorWEBFire152_jpg.rf.1d1407736d01a19197f5b8d9746b6c8e.jpg,valid,640,640,1.0,2,2,0,76.75146484375,fire_only
MirrorWEBFire152_jpg.rf.b31adb285aa84ed95f65babc797542ea.jpg,valid,640,640,1.0,2,2,0,76.75146484375,fire_only
MirrorWEBFire1533_jpg.rf.362d638e56e75bc55d27a67ab8ba361f.jpg,valid,640,640,1.0,3,3,0,46.75439453125,fire_only
MirrorWEBFire1549_jpg.rf.33f2107d69fe7aea8063d4fe3f62a8e5.jpg,valid,640,640,1.0,3,3,0,41.94189453125,fire_only
MirrorWEBFire1549_jpg.rf.d40e6c9d6a27eff43b663446275e15eb.jpg,valid,640,640,1.0,3,3,0,43.927734375,fire_only
MirrorWEBFire1557_jpg.rf.df328fa8e1394c712c65fd7773d04344.jpg,valid,640,640,1.0,1,1,0,13.123779296875,fire_only
MirrorWEBFire1557_jpg.rf.f542ff0148af8ea9ae9e378ed98e7481.jpg,valid,640,640,1.0,1,1,0,13.123779296875,fire_only
MirrorWEBFire1662_jpg.rf.42261220a003232da0246eef35a934b3.jpg,valid,640,640,1.0,3,2,1,72.8662109375,both
MirrorWEBFire1704_jpg.rf.9fa6ac6ad9d34b4808c77f31b0f8a5af.jpg,valid,640,640,1.0,7,5,2,68.242919921875,both
MirrorWEBFire1754_jpg.rf.80cfe6c26d4fa6015558051625b2b1df.jpg,valid,640,640,1.0,12,4,8,55.85888671875,both
MirrorWEBFire180_jpg.rf.2b007b7f3c63827cb677b40efb4d5923.jpg,valid,640,640,1.0,6,4,2,110.885498046875,both
MirrorWEBFire188_jpg.rf.716806e355bde5a83368261513dfd7a7.jpg,valid,640,640,1.0,4,4,0,57.533935546875,fire_only
MirrorWEBFire1903_jpg.rf.a3e31178661d5fac2c01819a5c88972d.jpg,valid,640,640,1.0,2,2,0,42.029541015625,fire_only
MirrorWEBFire1903_jpg.rf.c641a3ee033d6eca810238999e8b6703.jpg,valid,640,640,1.0,2,2,0,41.503173828125,fire_only
MirrorWEBFire2034_jpg.rf.143edc4f563f8d9401963ca67daca7c5.jpg,valid,640,640,1.0,4,2,2,57.647705078125,both
MirrorWEBFire206_jpg.rf.2166e383a59ca8cf706bb8ff30352384.jpg,valid,640,640,1.0,5,3,2,74.01220703125,both
MirrorWEBFire211_jpg.rf.79c2215180e7c607ae6bda9d8eaf7c9c.jpg,valid,640,640,1.0,6,4,2,74.2373046875,both
MirrorWEBFire214_jpg.rf.13189ee2868aea399cd6019d8582ff2a.jpg,valid,640,640,1.0,3,1,2,74.09814453125,both
MirrorWEBFire2200_jpg.rf.d10d0d9a88554a94b5600e00e5fa4141.jpg,valid,640,640,1.0,7,7,0,44.758056640625,fire_only
MirrorWEBFire2235_jpg.rf.6c0d112accb92e2c048123cf48a35b3c.jpg,valid,640,640,1.0,6,4,2,120.061767578125,both
MirrorWEBFire258_jpg.rf.1e14143b74c04d2c065b74fb124d026a.jpg,valid,640,640,1.0,5,4,1,61.23388671875,both
MirrorWEBFire258_jpg.rf.5f075c5f66d28733139be042ead404f2.jpg,valid,640,640,1.0,5,4,1,61.98193359375,both
MirrorWEBFire262_jpg.rf.b836878320947232e67e6e2954e550ce.jpg,valid,640,640,1.0,6,4,2,62.189453125,both
MirrorWEBFire264_jpg.rf.4949ab0a7112def8ecef44c583fc26e5.jpg,valid,640,640,1.0,4,4,0,61.30810546875,fire_only
MirrorWEBFire267_jpg.rf.4ed41e15d56e9764a6b9520503b4a07b.jpg,valid,640,640,1.0,3,2,1,61.8544921875,both
MirrorWEBSmoke1310_jpg.rf.55e090208b57d79dd6204ae04b074c26.jpg,valid,640,640,1.0,2,2,0,109.57373046875,fire_only
MirrorWEBSmoke1914_jpg.rf.6659fcf94cf858f25af615f5c2d7a584.jpg,valid,640,640,1.0,3,2,1,46.2958984375,both
MirrorWEBSmoke2430_jpg.rf.d5194f99f8d387fffe5ae9cbe2f998b8.jpg,valid,640,640,1.0,4,1,3,66.2060546875,both
MirrorWEBSmoke2952_jpg.rf.21744647130f791c4dc5e54e3d611110.jpg,valid,640,640,1.0,3,1,2,96.251708984375,both
MirrorWEBSmoke2952_jpg.rf.2ba9fd52580e9e37ee52635f1b05c08d.jpg,valid,640,640,1.0,3,1,2,95.496337890625,both
MirrorWEBSmoke3349_jpg.rf.d16196008241f1b4b4ca3d89a8f80a85.jpg,valid,640,640,1.0,5,2,3,84.43798828125,both
MirrorWEBSmoke390_jpg.rf.771cc6740653f8ca4eb6330270626cb3.jpg,valid,640,640,1.0,6,4,2,112.398193359375,both
MirrorWEBSmoke390_jpg.rf.adf19bde8b5c57d48fc1dc91013c8733.jpg,valid,640,640,1.0,6,4,2,111.82080078125,both
new_fire_106_jpg.rf.b66f9fde0401c92d9d0f0fd5d178b5a4.jpg,valid,640,640,1.0,2,2,0,79.240478515625,fire_only
new_fire_107_jpg.rf.441e420645ca96a5dd139eebc596a796.jpg,valid,640,640,1.0,2,2,0,154.28515625,fire_only
new_fire_11_jpg.rf.d1494ec7033964efaf26619392581f40.jpg,valid,640,640,1.0,5,3,2,73.52001953125,both
new_fire_18_jpg.rf.7936804cbfe7307e2baf97a308eb75bc.jpg,valid,640,640,1.0,1,1,0,117.4033203125,fire_only
new_fire_21_jpg.rf.3450f1c8378243fe23341cf25bf9b663.jpg,valid,640,640,1.0,2,2,0,27.93505859375,fire_only
new_fire_27_jpg.rf.65c6d873720cd6171753ea953fff3137.jpg,valid,640,640,1.0,1,1,0,104.0732421875,fire_only
new_fire_38_jpg.rf.35c2dff55a31b6138624426d053e0420.jpg,valid,640,640,1.0,3,3,0,42.019287109375,fire_only
new_fire_66_jpg.rf.66428a4cc233f55e9ea679b2186f19f0.jpg,valid,640,640,1.0,1,1,0,78.372802734375,fire_only
new_fire_68_jpg.rf.83363b7d0ba969d4b3e079054149db9a.jpg,valid,640,640,1.0,4,4,0,89.89306640625,fire_only
new_fire_fire-432_png_jpg.rf.85833ac2580faefba06f03420c67268f.jpg,valid,640,640,1.0,2,1,1,58.61328125,both
new_fire_fire-433_png_jpg.rf.4fc4f6f83ab0b28a33ef92b67c27a158.jpg,valid,640,640,1.0,3,3,0,81.60009765625,fire_only
new_fire_fire-433_png_jpg.rf.90914e32523d475703f3f7a907fbbc1b.jpg,valid,640,640,1.0,5,5,0,61.23095703125,fire_only
new_fire_fire-455_png_jpg.rf.95b7da6cd98b647f6ec9fd3609204c7c.jpg,valid,640,640,1.0,2,2,0,35.1826171875,fire_only
new_fire_fire-472_png_jpg.rf.6b73318d7a1cb823c754e027c9853a64.jpg,valid,640,640,1.0,1,1,0,45.39794921875,fire_only
new_fire_fire-472_png_jpg.rf.bc38031b64e8675c4ae5e07ba0b5ed09.jpg,valid,640,640,1.0,1,1,0,44.44287109375,fire_only
new_fire_fire-484_png_jpg.rf.b68915907220faa26e005fedaef52c12.jpg,valid,640,640,1.0,1,1,0,25.839599609375,fire_only
new_fire_fire-493_png_jpg.rf.df08868d0a5af008d856383dbf0e1da2.jpg,valid,640,640,1.0,2,2,0,92.186767578125,fire_only
new_fire_fire-519_png_jpg.rf.395b358a0b5ab468d9453b66212ce6c1.jpg,valid,640,640,1.0,2,2,0,39.71142578125,fire_only
new_fire_fire-526_png_jpg.rf.d0f10cf069dda3272ac197c36138d886.jpg,valid,640,640,1.0,1,1,0,109.494873046875,fire_only
new_fire_fire-533_png_jpg.rf.0fd7cf4ec0442f95233f8e3200187565.jpg,valid,640,640,1.0,1,1,0,40.141845703125,fire_only
new_fire_fire-536_png_jpg.rf.9954c0cbd84216a6817dfc7752ff87ba.jpg,valid,640,640,1.0,1,1,0,72.77880859375,fire_only
new_fire_fire-550_png_jpg.rf.8912592102d5a4598b7d40a4711c33f1.jpg,valid,640,640,1.0,1,1,0,93.513916015625,fire_only
new_fire_fire-550_png_jpg.rf.f16aa3c922df0adfa59c8f35a9ceffe5.jpg,valid,640,640,1.0,1,1,0,91.39501953125,fire_only
new_fire_fire-564_png_jpg.rf.39131913a9a1265ae504fa0d3f4a9ff2.jpg,valid,640,640,1.0,1,1,0,29.63720703125,fire_only
new_fire_fire-584_png_jpg.rf.350070c0abf9e92e9ca0943d0eae1850.jpg,valid,640,640,1.0,1,1,0,40.603515625,fire_only
new_fire_fire-584_png_jpg.rf.b8a918024c0858c06d83320a7983531a.jpg,valid,640,640,1.0,1,1,0,42.505615234375,fire_only
new_fire_fire-585_png_jpg.rf.cdeeb3623c46b8d243cb7fdffdad0f53.jpg,valid,640,640,1.0,1,1,0,26.77734375,fire_only
new_fire_fire-590_png_jpg.rf.15d75b6e5f1207a0d310a975a2662ec0.jpg,valid,640,640,1.0,1,1,0,67.3740234375,fire_only
new_fire_fire-590_png_jpg.rf.732eede653b918a09655e84a68ee258a.jpg,valid,640,640,1.0,1,1,0,69.6220703125,fire_only
new_fire_fire-590_png_jpg.rf.c52ae25177b930d71888cb9778426442.jpg,valid,640,640,1.0,1,1,0,67.3740234375,fire_only
new_fire_fire-601_png_jpg.rf.03ef9ea86ef940cd8602ed9efbc71c76.jpg,valid,640,640,1.0,1,1,0,49.675537109375,fire_only
new_fire_fire-692_png_jpg.rf.58a898825ec86415ef10a3749a584db6.jpg,valid,640,640,1.0,1,1,0,49.61376953125,fire_only
new_fire_fire-692_png_jpg.rf.b518a16549c4424942b42607d0e7ab5f.jpg,valid,640,640,1.0,1,1,0,46.91064453125,fire_only
new_fire_fire-694_png_jpg.rf.55fec9a8fe26d335aba1b27d15ab4b2a.jpg,valid,640,640,1.0,2,2,0,85.288330078125,fire_only
new_fire_fire-6_png_jpg.rf.09768ddec9615d5ff41ab84569ac3cb2.jpg,valid,640,640,1.0,3,1,2,60.79541015625,both
new_fire_fire-709_png_jpg.rf.59108363196c5e7b7aadaf3fdddc7e0c.jpg,valid,640,640,1.0,1,1,0,79.575439453125,fire_only
new_fire_fire-735_png_jpg.rf.22ca7270ab968801b3354a863ff34b54.jpg,valid,640,640,1.0,5,2,3,52.56201171875,both
new_fire_fire-735_png_jpg.rf.a25d4fd8c6390bea4ec1b3e28c796e88.jpg,valid,640,640,1.0,5,2,3,53.714111328125,both
new_fire_fire-748_png_jpg.rf.38ea897a2a0ccfa933087059ed085d0e.jpg,valid,640,640,1.0,1,1,0,49.232666015625,fire_only
new_fire_fire-748_png_jpg.rf.eb6832811fe192be641682e52b91ced6.jpg,valid,640,640,1.0,1,1,0,50.8876953125,fire_only
NoiseWEBFire1057_jpg.rf.360c0511386611bf3e3773aa9be33fb7.jpg,valid,640,640,1.0,6,5,1,52.297607421875,both
NoiseWEBFire1107_jpg.rf.2e6759e9b76b0f123b99d89adc9f8a1b.jpg,valid,640,640,1.0,5,4,1,42.916015625,both
NoiseWEBFire1107_jpg.rf.a876abfeadf47e0b90c0e5288a237bcc.jpg,valid,640,640,1.0,5,4,1,41.47216796875,both
NoiseWEBFire1305_jpg.rf.e428521b1513aa35019ed6ff29b39373.jpg,valid,640,640,1.0,4,2,2,60.54541015625,both
NoiseWEBFire1347_jpg.rf.d392898ca30a0adcff500962ad210a77.jpg,valid,640,640,1.0,3,2,1,95.5576171875,both
NoiseWEBFire1352_jpg.rf.230cca85b217bd24d466b985258faccf.jpg,valid,640,640,1.0,2,1,1,71.98095703125,both
NoiseWEBFire1352_jpg.rf.40c2a410aaff57485d03eac760cd402b.jpg,valid,640,640,1.0,2,1,1,72.58935546875,both
NoiseWEBFire1386_jpg.rf.1311620b605a9f9c0d0908177115c852.jpg,valid,640,640,1.0,4,3,1,66.013671875,both
NoiseWEBFire140_jpg.rf.ddf88f5e5e66f8d7c4526762e3701fd5.jpg,valid,640,640,1.0,3,3,0,75.45654296875,fire_only
NoiseWEBFire1468_jpg.rf.77aee91f6c7f101664827c28f81f0ed2.jpg,valid,640,640,1.0,2,1,1,46.22705078125,both
NoiseWEBFire152_jpg.rf.582d14c15bc53de56145e06a287271b0.jpg,valid,640,640,1.0,2,1,1,81.237548828125,both
NoiseWEBFire178_jpg.rf.fcd15f37bd2f1b980bcb917c168d1ba3.jpg,valid,640,640,1.0,5,4,1,97.146240234375,both
NoiseWEBFire188_jpg.rf.bedae584b433c26b74551145643b4583.jpg,valid,640,640,1.0,5,3,2,62.777587890625,both
NoiseWEBFire2083_jpg.rf.62759d9425ebe59ae1a61b73963d9c5d.jpg,valid,640,640,1.0,2,1,1,113.006591796875,both
NoiseWEBFire2235_jpg.rf.c7cc40b75829ba3f0f44f513230d717a.jpg,valid,640,640,1.0,5,4,1,121.384521484375,both
NoiseWEBFire2235_jpg.rf.d7e5246d635abce040d8dac1abea5c21.jpg,valid,640,640,1.0,5,4,1,120.990966796875,both
NoiseWEBSmoke1241_jpg.rf.2c7bf2c9f0288d349f904505467d9231.jpg,valid,640,640,1.0,2,1,1,95.3828125,both
NoiseWEBSmoke1892_jpg.rf.930f856e7c5baaf2697165b610c4a341.jpg,valid,640,640,1.0,3,2,1,61.991943359375,both
NoiseWEBSmoke1914_jpg.rf.6511d2d9679c3a3fbea0c75564d7fe0d.jpg,valid,640,640,1.0,3,2,1,56.888916015625,both
NoiseWEBSmoke1939_jpg.rf.2225fc508b8998771c95d9b53082145e.jpg,valid,640,640,1.0,2,1,1,68.658203125,both
NoiseWEBSmoke1941_jpg.rf.c487242efb24a5a65d4f7e3bdc73ac73.jpg,valid,640,640,1.0,2,1,1,70.862060546875,both
NoiseWEBSmoke2153_jpg.rf.5f1786e7a1f4d54cc217cdfeee376bcf.jpg,valid,640,640,1.0,2,1,1,101.881103515625,both
NoiseWEBSmoke2153_jpg.rf.bf43d5a0b96a20dbc022c345c181440b.jpg,valid,640,640,1.0,2,1,1,101.881103515625,both
NoiseWEBSmoke2240_jpg.rf.2bfa1649b4ca355da1cdb5a827e0a6f3.jpg,valid,640,640,1.0,4,2,2,70.833251953125,both
NoiseWEBSmoke2530_jpg.rf.1a4aa84cceaa4981f4f5dff2a7f2154f.jpg,valid,640,640,1.0,4,3,1,73.2412109375,both
NoiseWEBSmoke2530_jpg.rf.21fa5b7b50b8e717a6c9463dde1b1ce5.jpg,valid,640,640,1.0,4,3,1,73.2412109375,both
NoiseWEBSmoke2952_jpg.rf.d3b3ff0ce17ed67a1cc92da4c0865eb6.jpg,valid,640,640,1.0,3,1,2,99.756103515625,both
NoiseWEBSmoke3015_jpg.rf.f208e78613e512b126be31bd7e22dbf0.jpg,valid,640,640,1.0,5,4,1,62.83154296875,both
NoiseWEBSmoke3096_jpg.rf.6c076d424879344109196be46fa79488.jpg,valid,640,640,1.0,7,5,2,55.493408203125,both
NoiseWEBSmoke3300_jpg.rf.72ae0ee12fc475b4ee54379a23713125.jpg,valid,640,640,1.0,4,2,2,64.7275390625,both
NoiseWEBSmoke371_jpg.rf.31b2ccfe12898d7fa4ac8c392d85057a.jpg,valid,640,640,1.0,2,1,1,75.2763671875,both
NoiseWEBSmoke371_jpg.rf.9f1c18f7e4a42e15798e76e112dde515.jpg,valid,640,640,1.0,2,1,1,75.64990234375,both
NoiseWEBSmoke390_jpg.rf.768a5cb7030d763730b93a1f78ba13a6.jpg,valid,640,640,1.0,5,4,1,112.2177734375,both
NoiseWEBSmoke396_jpg.rf.786442bbb3ecad87f84caa65bd5ff3ed.jpg,valid,640,640,1.0,12,11,1,64.840087890625,both
WEBFire098_jpg.rf.790c2b3f193951e216fbe467fe5e8748.jpg,valid,640,640,1.0,1,1,0,61.881103515625,fire_only
WEBFire1045_jpg.rf.1fdb7d5fbafb94c69b59480cdac0eba8.jpg,valid,640,640,1.0,1,1,0,52.71240234375,fire_only
WEBFire1050_jpg.rf.0a9dbc01c7da141536a11b7bf52cd164.jpg,valid,640,640,1.0,3,3,0,50.569580078125,fire_only
WEBFire1052_jpg.rf.139df0801a6af177608ddaba92d945a0.jpg,valid,640,640,1.0,2,1,1,82.931640625,both
WEBFire1136_jpg.rf.0622576594248714b0c3252c9bc78f9f.jpg,valid,640,640,1.0,2,2,0,20.0244140625,fire_only
WEBFire1206_jpg.rf.34cff5cf9b249b314c9a64ad3f09cf34.jpg,valid,640,640,1.0,3,2,1,19.5048828125,both
WEBFire1210_jpg.rf.1dedd86763078e3382b92e9ec47ee459.jpg,valid,640,640,1.0,2,1,1,51.7392578125,both
WEBFire1260_jpg.rf.c5efb432232312983ce0725b721c33c3.jpg,valid,640,640,1.0,1,1,0,45.89013671875,fire_only
WEBFire1364_jpg.rf.35f6fcbcc451f27f5db01c1610f31ab1.jpg,valid,640,640,1.0,2,2,0,36.69189453125,fire_only
WEBFire1364_jpg.rf.7065b37c934f1345965e7748146080ba.jpg,valid,640,640,1.0,2,2,0,38.466552734375,fire_only
WEBFire1378_jpg.rf.120bfc2a40ef09b858f96e2b9f8e2dde.jpg,valid,640,640,1.0,2,1,1,39.332275390625,both
WEBFire1401_jpg.rf.83642ad2a4caf7b2d41d95c1b477552c.jpg,valid,640,640,1.0,1,1,0,53.316650390625,fire_only
WEBFire140_jpg.rf.005e9175599b77a6e37adb15388e5edd.jpg,valid,640,640,1.0,2,2,0,65.302490234375,fire_only
WEBFire140_jpg.rf.8c6a9b23cf1a65032143f09755f0139b.jpg,valid,640,640,1.0,2,2,0,66.434814453125,fire_only
WEBFire1460_jpg.rf.26b09fcf659b5ba0ff9c7e643c9d628d.jpg,valid,640,640,1.0,3,3,0,57.491455078125,fire_only
WEBFire1464_jpg.rf.3914e380b2d6f007ed30c946c2f465d9.jpg,valid,640,640,1.0,3,3,0,63.468505859375,fire_only
WEBFire1468_jpg.rf.452d18c1a08a53b46df8937dd4688303.jpg,valid,640,640,1.0,2,1,1,36.813720703125,both
WEBFire1469_jpg.rf.9c5380f3a6842702952d2975a3cc8aad.jpg,valid,640,640,1.0,1,1,0,34.703857421875,fire_only
WEBFire1507_jpg.rf.0633a3399bb55685a2adf4f4155dc72a.jpg,valid,640,640,1.0,2,2,0,26.111328125,fire_only
WEBFire1507_jpg.rf.2f9746a41a2bb1553140f35bda776889.jpg,valid,640,640,1.0,2,2,0,25.025390625,fire_only
WEBFire1529_jpg.rf.0541fd87ebf8cca472d9025599e18d6d.jpg,valid,640,640,1.0,3,3,0,41.2890625,fire_only
WEBFire1533_jpg.rf.8ee6b70d8a21ce0f0a2055db48558314.jpg,valid,640,640,1.0,3,3,0,46.738525390625,fire_only
WEBFire1533_jpg.rf.f0e9c5a917f6616cce25db3c6f6e6d36.jpg,valid,640,640,1.0,3,3,0,45.805419921875,fire_only
WEBFire1543_jpg.rf.733df8ce88e4345aeaecdf8952dcca83.jpg,valid,640,640,1.0,2,2,0,30.782958984375,fire_only
WEBFire1654_jpg.rf.aabe27fc784a277b8281b48ef16a97fc.jpg,valid,640,640,1.0,6,5,1,50.7373046875,both
WEBFire1662_jpg.rf.4d8d0fc07388c4141e3621d28e381362.jpg,valid,640,640,1.0,2,2,0,72.643798828125,fire_only
WEBFire1662_jpg.rf.9d7e1e5051b32ee2f0bde7ce32c74c2b.jpg,valid,640,640,1.0,2,2,0,72.86865234375,fire_only
WEBFire1688_jpg.rf.639beed5024a7d778fe7a8c9eb14bfd6.jpg,valid,640,640,1.0,3,2,1,72.8056640625,both
WEBFire1688_jpg.rf.e8093d02dc49bbcdd7b7ff059ffcc00b.jpg,valid,640,640,1.0,3,2,1,72.238525390625,both
WEBFire1704_jpg.rf.74e2d322218b27f86ee3631ac43eb4bc.jpg,valid,640,640,1.0,3,3,0,68.2470703125,fire_only
WEBFire1724_jpg.rf.49f82df0210f15f02328ca81edb5f5f2.jpg,valid,640,640,1.0,1,1,0,36.254150390625,fire_only
WEBFire1746_jpg.rf.abe7633f6bc4cb741e8edd5920938f85.jpg,valid,640,640,1.0,3,2,1,62.964599609375,both
WEBFire176_jpg.rf.1a12dafec9dd10e96cc3095f68104e88.jpg,valid,640,640,1.0,6,6,0,59.177978515625,fire_only
WEBFire1782_jpg.rf.b4d70d8063ab55abd6033d92f107ecfa.jpg,valid,640,640,1.0,3,2,1,62.78271484375,both
WEBFire178_jpg.rf.f00906bda5b26ecddf62ad0fc6f7e526.jpg,valid,640,640,1.0,5,4,1,93.56689453125,both
WEBFire1798_jpg.rf.1f2e177b112b6e04a7584d17cca9f085.jpg,valid,640,640,1.0,4,4,0,51.3564453125,fire_only
WEBFire180_jpg.rf.9ed48464e705ece8893450e3e1c67e1d.jpg,valid,640,640,1.0,6,4,2,110.873779296875,both
WEBFire180_jpg.rf.b7a7dc49259e4959cd4b8e19fdf39de4.jpg,valid,640,640,1.0,6,4,2,109.952880859375,both
WEBFire1822_jpg.rf.23f287bd27882e4f921b26885d86a9f1.jpg,valid,640,640,1.0,6,6,0,81.2080078125,fire_only
WEBFire1822_jpg.rf.cfeee52c068cc161243d3aa9f6d882d2.jpg,valid,640,640,1.0,6,6,0,81.2080078125,fire_only
WEBFire1852_jpg.rf.40ef3ff7d9e9f4ec16a9408d3f68298d.jpg,valid,640,640,1.0,3,3,0,96.891845703125,fire_only
WEBFire1862_jpg.rf.e56485002eec4d5cd829cf368c602d45.jpg,valid,640,640,1.0,1,1,0,85.37158203125,fire_only
WEBFire1863_jpg.rf.857f0e2ea980a6ef560e7ce6283e918d.jpg,valid,640,640,1.0,3,2,1,93.998779296875,both
WEBFire1867_jpg.rf.3c7ce26ff471f27431d2e47a98376f7d.jpg,valid,640,640,1.0,2,1,1,65.71728515625,both
WEBFire188_jpg.rf.d6d7065a000a7db04254c4d21066ae3e.jpg,valid,640,640,1.0,4,3,1,57.560791015625,both
WEBFire1903_jpg.rf.6625ba5633959a0d956e805669b54ef8.jpg,valid,640,640,1.0,2,2,0,42.0419921875,fire_only
WEBFire1975_jpg.rf.ae3bc43f0731c779790d154522b4fe5a.jpg,valid,640,640,1.0,3,3,0,4.9775390625,fire_only
WEBFire1983_jpg.rf.25ec15af23c07d27f5a812128a2ec9c5.jpg,valid,640,640,1.0,4,4,0,51.149169921875,fire_only
WEBFire2034_jpg.rf.da839101588fa00c2aa231c2f5d76b64.jpg,valid,640,640,1.0,3,2,1,57.625,both
WEBFire207_jpg.rf.f5cc86247c327e8a229d7786fdf0241b.jpg,valid,640,640,1.0,3,2,1,73.216796875,both
WEBFire207_jpg.rf.ff2baf9df4349882ba9cd0ccac1dfacb.jpg,valid,640,640,1.0,3,2,1,73.772216796875,both
WEBFire209_jpg.rf.3bad4451ccb6c63e2e4f1d5f42aeff26.jpg,valid,640,640,1.0,2,2,0,73.953857421875,fire_only
WEBFire211_jpg.rf.f32a6da2f3225528c7236e561a0308d0.jpg,valid,640,640,1.0,4,3,1,74.2421875,both
WEBFire213_jpg.rf.11f4dc1acb7830c640e73a13a03e5b40.jpg,valid,640,640,1.0,2,2,0,73.9111328125,fire_only
WEBFire2200_jpg.rf.f14d5a86f6fad92907f014ed71814cfb.jpg,valid,640,640,1.0,3,3,0,44.747802734375,fire_only
WEBFire2235_jpg.rf.2f9164674ff5093486f83f971a5d4212.jpg,valid,640,640,1.0,5,4,1,120.039794921875,both
WEBFire2237_jpg.rf.5fc38efd6e7f821f940c18ce5d96a69b.jpg,valid,640,640,1.0,2,1,1,14.08349609375,both
WEBFire2237_jpg.rf.cfc718a4687756b55a9dede4cbe439d8.jpg,valid,640,640,1.0,2,1,1,12.97021484375,both
WEBFire244_jpg.rf.3516325a327177e803165ec57a04514a.jpg,valid,640,640,1.0,8,8,0,34.041259765625,fire_only
WEBFire252_jpg.rf.09b97dab6c0e28ccef1afea2d3834d1f.jpg,valid,640,640,1.0,8,6,2,22.408203125,both
WEBFire252_jpg.rf.36782d17f3a0b5b07b7c2d57c4ac4b81.jpg,valid,640,640,1.0,8,6,2,21.143798828125,both
WEBFire261_jpg.rf.dfb89717ed4b1a3033dee95bb5fc0afe.jpg,valid,640,640,1.0,3,3,0,62.28662109375,fire_only
WEBFire262_jpg.rf.3c1a0b379ad18eaba8affae52ef84590.jpg,valid,640,640,1.0,4,4,0,61.391357421875,fire_only
WEBFire264_jpg.rf.fd75f531d5b30b3b6c0da6bce5c92b72.jpg,valid,640,640,1.0,4,4,0,61.302734375,fire_only
WEBFire265_jpg.rf.1c4afe68ef555c629f519d6331028176.jpg,valid,640,640,1.0,3,3,0,61.694580078125,fire_only
WEBFire266_jpg.rf.5f08f15d31e4241a7482e60b35bd448e.jpg,valid,640,640,1.0,3,3,0,62.029541015625,fire_only
WEBFire266_jpg.rf.d4c5b9ed328a1d6f112031e11f3737ab.jpg,valid,640,640,1.0,3,3,0,61.23388671875,fire_only
WEBFire267_jpg.rf.72f0d6e35741da9467548d50b378aa87.jpg,valid,640,640,1.0,2,2,0,61.86376953125,fire_only
WEBFire295_jpg.rf.1d59c2ef95c70af6863e81c2f3b69c1c.jpg,valid,640,640,1.0,4,3,1,77.103759765625,both
WEBFire572_jpg.rf.26222cecdebc3dced2b4d15c74522637.jpg,valid,640,640,1.0,2,1,1,57.76171875,both
WEBFire951_jpg.rf.01a7588f28a1ac7e886ada9f080c8f35.jpg,valid,640,640,1.0,3,3,0,38.752685546875,fire_only
WEBSmoke003_jpg.rf.98ca30f26a7a22de4c64308a93c8a3aa.jpg,valid,640,640,1.0,3,1,2,101.91650390625,both
WEBSmoke099_jpg.rf.41d9b5cb9520ed7c845eaa9cea977969.jpg,valid,640,640,1.0,2,1,1,81.6455078125,both
WEBSmoke1068_jpg.rf.05f8853aacc9897f05c7e5da5bfe9d5a.jpg,valid,640,640,1.0,3,1,2,89.08935546875,both
WEBSmoke1073_jpg.rf.3f49acddd23dfd762670614c3077409a.jpg,valid,640,640,1.0,8,7,1,111.40087890625,both
WEBSmoke1073_jpg.rf.5cd24f8dcd684bf9eff9cb6e67f6c1af.jpg,valid,640,640,1.0,8,7,1,111.566650390625,both
WEBSmoke1209_jpg.rf.4cc9423337b6d2807c371b62b6ecdc31.jpg,valid,640,640,1.0,2,1,1,63.5654296875,both
WEBSmoke1209_jpg.rf.def32e4d98981f2d7cea0ddcb62d88dd.jpg,valid,640,640,1.0,2,1,1,63.22265625,both
WEBSmoke1241_jpg.rf.2b317bdfd8810ba6872f1f79f0fbdb3b.jpg,valid,640,640,1.0,2,1,1,96.8818359375,both
WEBSmoke1241_jpg.rf.555d0e2799c8cdf55685ce0d45f73ce1.jpg,valid,640,640,1.0,2,1,1,96.97998046875,both
WEBSmoke1242_jpg.rf.476a229ace918e6f25b46e37c9746dc7.jpg,valid,640,640,1.0,2,1,1,78.35888671875,both
WEBSmoke2279_jpg.rf.0a29002c7fa53d2f220ffc0d28b37947.jpg,valid,640,640,1.0,3,1,2,66.177001953125,both
WEBSmoke2279_jpg.rf.1e8c0efbf3b9f289e12971a1a63e42dc.jpg,valid,640,640,1.0,3,1,2,66.177001953125,both
WEBSmoke2280_jpg.rf.0066c96698c849c26b6689bacef9c8f7.jpg,valid,640,640,1.0,3,1,2,62.268310546875,both
WEBSmoke2280_jpg.rf.1716923c3f013e319c07e95b80c9eae1.jpg,valid,640,640,1.0,3,1,2,62.268310546875,both
WEBSmoke2300_jpg.rf.1d24135005bec20a969802e5dd807d46.jpg,valid,640,640,1.0,3,1,2,72.390625,both
WEBSmoke2331_jpg.rf.3ab567e6de652192c57e484b194b5985.jpg,valid,640,640,1.0,4,2,2,66.01513671875,both
WEBSmoke2332_jpg.rf.a6f054588e7915bf772d6f18b69152b1.jpg,valid,640,640,1.0,4,2,2,63.191162109375,both
WEBSmoke2411_jpg.rf.4a9dc435f85e8f8ec7e4ed9783d1c433.jpg,valid,640,640,1.0,2,1,1,106.593994140625,both
WEBSmoke2411_jpg.rf.708b7efb7fa0bce360886d3d9fd618dd.jpg,valid,640,640,1.0,2,1,1,107.615478515625,both
0094_jpg.rf.604f1ce16f7cf6faa63c24925f5eb090.jpg,test,640,640,1.0,2,1,1,97.735595703125,both
0114_jpg.rf.7d28b3cf35e22b7436518923eaefd163.jpg,test,640,640,1.0,1,1,0,85.79833984375,fire_only
0124_jpg.rf.3c39dfe4c07ee58c12916e77e77833b8.jpg,test,640,640,1.0,1,1,0,77.091552734375,fire_only
0124_jpg.rf.a31cb0873562b2ea0a568a00f8191b85.jpg,test,640,640,1.0,2,1,1,89.455810546875,both
0128_jpg.rf.4b9525897603621404345cbac7d977ca.jpg,test,640,640,1.0,2,1,1,51.379150390625,both
0137_jpg.rf.979ab01e8d6d2929d2c8d0c168ada89b.jpg,test,640,640,1.0,1,1,0,64.462646484375,fire_only
0137_jpg.rf.bd99ec327b337a137cbd37ee1e89b168.jpg,test,640,640,1.0,1,1,0,119.03662109375,fire_only
0137_jpg.rf.f266ec77f41a72eed5c3bdc5156b542b.jpg,test,640,640,1.0,1,1,0,116.736328125,fire_only
0137_jpg.rf.fd40ea82f33ab20c7593d40a7826d314.jpg,test,640,640,1.0,1,1,0,64.462646484375,fire_only
0184_jpg.rf.dc5b7914ec6572bba8226ab75394c3e0.jpg,test,640,640,1.0,2,2,0,151.372314453125,fire_only
1019_jpg.rf.67e200b061f44a6cb2712e395a9c572e.jpg,test,640,640,1.0,8,8,0,43.016845703125,fire_only
1026_jpg.rf.8edbee8d3d0404e86fc62b94d41c1cc9.jpg,test,640,640,1.0,2,1,1,96.5654296875,both
1032_jpg.rf.8f6f319c57a84d123ae9056fcee76029.jpg,test,640,640,1.0,3,2,1,71.791259765625,both
1049_jpg.rf.eb005e453a7ef39480e7af9e9564abde.jpg,test,640,640,1.0,2,1,1,64.891845703125,both
1073_jpg.rf.80ecea38e3e9b750fab7eb1660549be1.jpg,test,640,640,1.0,3,1,2,54.035400390625,both
1128_jpg.rf.5e1b24d0c34b73b6040ed8c35405a4bf.jpg,test,640,640,1.0,1,1,0,47.6630859375,fire_only
1150_jpg.rf.9559d060bfb86b991d24876f863a2af9.jpg,test,640,640,1.0,4,2,2,91.743896484375,both
1230_jpg.rf.40c9c200a7b8fef604b49ccb3f1b90dc.jpg,test,640,640,1.0,2,1,1,112.490234375,both
1255_jpg.rf.cb3487a23c5d5c8c29ebac9122bf013c.jpg,test,640,640,1.0,1,1,0,45.795654296875,fire_only
139_jpg.rf.f23855c93dcfdf90aaa6a4d51e288f76.jpg,test,640,640,1.0,11,10,1,88.9580078125,both
14_jpg.rf.3bf7b742def9cd304d60890f7a206bea.jpg,test,640,640,1.0,3,2,1,117.975341796875,both
14_jpg.rf.d5da2ccd7ec6ab036416aa1daaf85d76.jpg,test,640,640,1.0,2,1,1,62.22509765625,both
18_jpg.rf.7832694619571ad060717286a41554f7.jpg,test,640,640,1.0,4,3,1,165.39013671875,both
23_jpg.rf.564bbbdf2aa2c0c18b4d9dbe9597946d.jpg,test,640,640,1.0,1,0,1,172.291748046875,smoke_only
23_jpg.rf.840868d7b1ad70914bee41118289766c.jpg,test,640,640,1.0,1,1,0,55.633544921875,fire_only
23_jpg.rf.ce2a9e75fa08011e3f4d9fea1e0343f5.jpg,test,640,640,1.0,1,1,0,53.28759765625,fire_only
242310582_2918658941734185_8281041456771551880_n_jpg.rf.9e9d8b331fac9a59167a60954924f3a9.jpg,test,640,640,1.0,2,1,1,130.28515625,both
242310582_2918658941734185_8281041456771551880_n_jpg.rf.9f9607e278531828eff7eaa0ed70d67c.jpg,test,640,640,1.0,2,1,1,130.18115234375,both
280eed04632df1e0_jpg.rf.66c3c00852375e96f638c9b4d65e41b2.jpg,test,640,640,1.0,1,1,0,40.998291015625,fire_only
33-750417-chemical-factory-fire_jpg.rf.36dd912ca7e52fd96f82a6518ea2b58f.jpg,test,640,640,1.0,6,4,2,54.788818359375,both
33-750417-chemical-factory-fire_jpg.rf.a650b2e602b93d04433ee54f57eba067.jpg,test,640,640,1.0,6,4,2,55.565185546875,both
418_jpg.rf.9779fcee7e4b6c203ccf3137bc05060e.jpg,test,640,640,1.0,2,2,0,40.379638671875,fire_only
449_jpg.rf.0e08c3ebb2c71edc6b6640e6f7e22497.jpg,test,640,640,1.0,1,1,0,52.820556640625,fire_only
479_jpg.rf.76eecfc760546635a7d24434a46e2a12.jpg,test,640,640,1.0,2,1,1,77.35302734375,both
497_jpg.rf.8169dea9572f0d45c2c5361f518a5242.jpg,test,640,640,1.0,4,4,0,80.259765625,fire_only
506_jpg.rf.92f4ebec9fb9fccf6e69c044c12c0c62.jpg,test,640,640,1.0,8,5,3,72.94921875,both
5519b8308fbeff5c_jpg.rf.233b97e3f44bb1b6a5736ec5ec89d1ef.jpg,test,640,640,1.0,1,1,0,75.697021484375,fire_only
58_jpg.rf.1bf1203ad5453935f9f660a23e4111a6.jpg,test,640,640,1.0,1,1,0,102.78564453125,fire_only
60_jpg.rf.518772e457a50ffd64087a179eb74eb8.jpg,test,640,640,1.0,1,1,0,128.271484375,fire_only
60_jpg.rf.ba242bf63374b53ab959c37fe46bb79f.jpg,test,640,640,1.0,1,1,0,128.800048828125,fire_only
628_jpg.rf.3fbe3fc42ced2409f4afb118dbaa859e.jpg,test,640,640,1.0,2,1,1,51.08740234375,both
628_jpg.rf.4737aed8b501c5224b789aec7f58c059.jpg,test,640,640,1.0,2,1,1,53.01416015625,both
66_jpg.rf.52948f4f0078eabd1f4473c20411383d.jpg,test,640,640,1.0,1,1,0,60.52783203125,fire_only
6_jpg.rf.7323b2d3d934b474f6335165c58f978f.jpg,test,640,640,1.0,1,1,0,12.364501953125,fire_only
70_jpg.rf.b3f09a613c63fcd8307573ce33baa29c.jpg,test,640,640,1.0,1,1,0,79.141845703125,fire_only
745_jpg.rf.fa08b62dcacfe2e15514841841f6b707.jpg,test,640,640,1.0,2,1,1,61.66357421875,both
85df28e55d674dee_jpg.rf.dff67f0ae62e5f977d2a7dd2685e0cd7.jpg,test,640,640,1.0,1,1,0,69.025146484375,fire_only
87_jpg.rf.d5485f8ba190e0133c4227536d2d4d8f.jpg,test,640,640,1.0,1,1,0,88.15576171875,fire_only
9169470465df9d2b_jpg.rf.be4f27a48032e676d512253fe2cdc4cb.jpg,test,640,640,1.0,1,1,0,80.203857421875,fire_only
93ec0e86-d250-42f4-abd4-0e6be4bbcfdd-Burningn_Man_7_jpg.rf.371d894195256fd909dc1420d1752ef5.jpg,test,640,640,1.0,2,2,0,87.7548828125,fire_only
953_jpg.rf.9fc7f70d9fadfbbc710124326404772c.jpg,test,640,640,1.0,2,1,1,58.114990234375,both
977_jpg.rf.12eaf6608cb21d6289ce3b95df155de9.jpg,test,640,640,1.0,1,1,0,39.7001953125,fire_only
ck0kcnqqgk6li0848vp3bn5sx_jpeg_jpg.rf.1ee72ec1f7c71a721859797bacc49fe5.jpg,test,640,640,1.0,1,0,1,107.869140625,smoke_only
ck0kcouioj11m0a46yjyp0zlc_jpeg_jpg.rf.f157fa004d94fbf6d026850ab291e66c.jpg,test,640,640,1.0,1,0,1,110.780029296875,smoke_only
ck0kdgpnj8gvt0701oaod540q_jpeg_jpg.rf.6616bd1a246cad1ae8208cb31d269521.jpg,test,640,640,1.0,1,0,1,105.435791015625,smoke_only
ck0kdhizwj37t0a461n7bsvun_jpeg_jpg.rf.471cdb8c9997230c41577cfb0ec60886.jpg,test,640,640,1.0,1,0,1,106.790283203125,smoke_only
ck0keprw9ke1d08483vmle7ed_jpeg_jpg.rf.3baf2a1e46568094b09fa66ce09c3c3e.jpg,test,640,640,1.0,1,0,1,107.705810546875,smoke_only
ck0khubxx5khq0794ja58vgv5_jpeg_jpg.rf.8e47c57033667044b1d2d5c154c34a2c.jpg,test,640,640,1.0,1,0,1,105.80224609375,smoke_only
ck0kkz639le090848leseakdk_jpeg_jpg.rf.22a4d1379838312d5859cc4787253b99.jpg,test,640,640,1.0,1,0,1,103.167236328125,smoke_only
ck0kkzh767dc70838hdq9sv4u_jpeg_jpg.rf.92159e5a7b24390354d6eeebadadc88e.jpg,test,640,640,1.0,1,0,1,104.978515625,smoke_only
ck0kmem9m68vr07947lx0jam1_jpeg_jpg.rf.f0f76901415424cdf93579be42455cb5.jpg,test,640,640,1.0,1,0,1,105.014404296875,smoke_only
ck0kmfd7ibcib0721v08q1jv0_jpeg_jpg.rf.ae71ba4cd5a2bcc650d2ca1b20cd9396.jpg,test,640,640,1.0,1,0,1,107.031494140625,smoke_only
ck0knae84lryw08485s94co4s_jpeg_jpg.rf.01a6335f933867be008276d7e58a5d32.jpg,test,640,640,1.0,1,0,1,101.42626953125,smoke_only
ck0knw1mc96cu09446iq0ugae_jpeg_jpg.rf.6b6a80e5fd82abc52ccaa125c03b3511.jpg,test,640,640,1.0,1,0,1,110.018798828125,smoke_only
ck0l8di4xoje408487bsrbpj9_jpeg_jpg.rf.92c6519de01731f1ff34bd8dc6d316f7.jpg,test,640,640,1.0,1,0,1,102.59423828125,smoke_only
ck0l8e146nb1h0a46oop6lane_jpeg_jpg.rf.753bb23ada663cb73b40308387f3881f.jpg,test,640,640,1.0,1,0,1,105.23486328125,smoke_only
ck0l9434gamzj0838n5rjdp1a_jpeg_jpg.rf.b0049d71381f75bdaa8414618f73a459.jpg,test,640,640,1.0,1,0,1,111.229248046875,smoke_only
ck0lwgsmatsrm0848br00vfki_jpeg_jpg.rf.76871c142e39fa43cbac0873ebc7c17d.jpg,test,640,640,1.0,1,0,1,105.10693359375,smoke_only
ck0lwhatvfrid08386w2352zc_jpeg_jpg.rf.53c68a26c3dccd4b81a34ac87db3cb94.jpg,test,640,640,1.0,1,0,1,107.757080078125,smoke_only
ck0lwj354jo7n07218v6vgpvi_jpeg_jpg.rf.0bc61f4e2e8c46a95ccce56ff4b56ddb.jpg,test,640,640,1.0,1,0,1,109.88330078125,smoke_only
ck0lwj354jo7n07218v6vgpvi_jpeg_jpg.rf.6bd3df1fdc8178651a984d7c6d332e3b.jpg,test,640,640,1.0,1,0,1,109.88330078125,smoke_only
ck0lxgqhheq2b08638gu6tna1_jpeg_jpg.rf.26f9985aa3191838f8adb176aad964bf.jpg,test,640,640,1.0,1,0,1,103.5556640625,smoke_only
ck0lxhbtdewio0794g9qrp7o9_jpeg_jpg.rf.55b741e9ba4dd7ce0e78a889ac692e59.jpg,test,640,640,1.0,1,0,1,105.360107421875,smoke_only
ck0lxi2vsiexh0701c7jcu934_jpeg_jpg.rf.451ad643e23f3df3f21a678378cd5589.jpg,test,640,640,1.0,1,0,1,107.9658203125,smoke_only
ck0m1lu0nhb320863zyoofeiw_jpeg_jpg.rf.e6b8202653ba85c5ee35c7e0f035cbd4.jpg,test,640,640,1.0,1,0,1,103.029541015625,smoke_only
ck0m1maf2vnl30a46vnjvga3r_jpeg_jpg.rf.0bab426e6ddf532b9c6a7795bceb27a1.jpg,test,640,640,1.0,1,0,1,107.8994140625,smoke_only
ck0m1n0c1hbus0863ti6kd58t_jpeg_jpg.rf.4d3ebd49e7075b1a787bc239d94c395b.jpg,test,640,640,1.0,1,0,1,109.296142578125,smoke_only
ck0ncvnd332hj079400vhocib_jpeg_jpg.rf.b833b3db26ba7b67760e32238b201be4.jpg,test,640,640,1.0,1,0,1,105.279052734375,smoke_only
ck0ncwmnt6hyp07016zypssxs_jpeg_jpg.rf.79bd1085656b88dc0ea8b9eff8882394.jpg,test,640,640,1.0,1,0,1,111.729248046875,smoke_only
ck0ndwu8pj3180848zonjasmz_jpeg_jpg.rf.c7bb92fea2ac782db1db85e1d73841c8.jpg,test,640,640,1.0,1,0,1,107.771728515625,smoke_only
ck0ndxwjf3icx0794m3hlih4u_jpeg_jpg.rf.4b50953b6a8f3d2e23282a0d77f25752.jpg,test,640,640,1.0,1,0,1,103.7734375,smoke_only
ck0oukw23toun0944nstsyx8g_jpeg_jpg.rf.25c0c9c2db68f8c2ca30115bf7e8aab3.jpg,test,640,640,1.0,1,0,1,105.02490234375,smoke_only
ck0oulkapr2bj0794zz57fbjp_jpeg_jpg.rf.d23fee42945b51ac819ed179883c3e77.jpg,test,640,640,1.0,1,0,1,108.48291015625,smoke_only
ck0qb9do2fwc708385reizk6h_jpeg_jpg.rf.ebf1d1799516e31f0270eb58b34fce43.jpg,test,640,640,1.0,1,0,1,103.4501953125,smoke_only
ck0qbaubof1z40863w0scvpra_jpeg_jpg.rf.b771dc5e858cf2c443949f2ac19f62f2.jpg,test,640,640,1.0,1,0,1,106.640625,smoke_only
ck0qc86fnk6ox0721cb5kg3tl_jpeg_jpg.rf.26a24e04ffd0e6b3afd257943d05e017.jpg,test,640,640,1.0,1,0,1,100.701416015625,smoke_only
ck0qc8qkohujb0701aq2988oa_jpeg_jpg.rf.2c748635bb1ed2f67857ea78bec357dd.jpg,test,640,640,1.0,1,0,1,107.77685546875,smoke_only
ck0qd50hwi1k10944i25e7al9_jpeg_jpg.rf.298883bd20a98532871e82d49c99734a.jpg,test,640,640,1.0,1,0,1,109.52734375,smoke_only
ck0rp95tf2vg70794wbjk2kk3_jpeg_jpg.rf.3cb7e08c9135cb2556d69459b333670c.jpg,test,640,640,1.0,1,0,1,101.84716796875,smoke_only
ck0rp9iochje10a46pq920puz_jpeg_jpg.rf.220f7da45c52d9e8808f36cd8c83582e.jpg,test,640,640,1.0,1,0,1,105.165283203125,smoke_only
ck0rqkhjb4o7k0863lhsglv38_jpeg_jpg.rf.f8621636c2c048d267116e68ea21f547.jpg,test,640,640,1.0,1,0,1,103.40625,smoke_only
ck0rql046icek0a462kapdu97_jpeg_jpg.rf.0ccb1002bd78bbe304d45f2a914a8b8a.jpg,test,640,640,1.0,1,0,1,107.73486328125,smoke_only
ck0rqlovu6jid0944lyedc9vj_jpeg_jpg.rf.e9fcf60ddf8a7055089feba2d7b1d4c2.jpg,test,640,640,1.0,1,0,1,109.29248046875,smoke_only
ck0t20os6mrcb0944xrc0wamx_jpeg_jpg.rf.3cd4955ca1a34c5baa2ede2cef1f5ae2.jpg,test,640,640,1.0,1,0,1,105.386474609375,smoke_only
ck0t235u3msgt0944a7jzn8hp_jpeg_jpg.rf.2055e4a0b778b318875972d4b2a65f17.jpg,test,640,640,1.0,1,0,1,112.136474609375,smoke_only
ck0t3r291z3xb0a46a6hx1rak_jpeg_jpg.rf.d970eeb089245f8ded0551f0f3b9a915.jpg,test,640,640,1.0,1,0,1,103.857177734375,smoke_only
ck0t3s74cnfks070126deykt2_jpeg_jpg.rf.f4e6512669278b166a10a8827d42dfe9.jpg,test,640,640,1.0,1,0,1,108.021240234375,smoke_only
ck0t3zt3lnd7u0944gqvvuxtw_jpeg_jpg.rf.f46e5140fb49e138719bd76540816e37.jpg,test,640,640,1.0,1,0,1,107.980224609375,smoke_only
ck0t59c0wnw4607010uyziiam_jpeg_jpg.rf.52fe31a842aa2a116876b86b8ca9674b.jpg,test,640,640,1.0,1,0,1,105.39306640625,smoke_only
ck0t5n2jlkxuc07940mygjo8f_jpeg_jpg.rf.e5ce629c5717361cf268e25b67fa65f5.jpg,test,640,640,1.0,1,0,1,106.09130859375,smoke_only
ck0t74gx40b5u0a46s72no2dg_jpeg_jpg.rf.46756644bf90514e747df824d671aeb8.jpg,test,640,640,1.0,1,0,1,107.68115234375,smoke_only
ck0t765i5mk8j0863od0a5ghy_jpeg_jpg.rf.c72250707172ce9433bedc7a9e03eb1a.jpg,test,640,640,1.0,1,0,1,107.775146484375,smoke_only
ck0tsz3b0624008481fmfbt28_jpeg_jpg.rf.e013e3958bd6774c42f33d018522aa95.jpg,test,640,640,1.0,1,0,1,105.48974609375,smoke_only
ck0twzs19s8ld08632qx4gg12_jpeg_jpg.rf.0b6d40baad7ab7a34190a2a621229dc7.jpg,test,640,640,1.0,1,0,1,108.166015625,smoke_only
ck0txvj9m6otr0848fayj9tte_jpeg_jpg.rf.33cb0075e32b68d9b00d8b235d7adb95.jpg,test,640,640,1.0,1,0,1,102.956787109375,smoke_only
ck0txvtlisck20863fbb7u1gc_jpeg_jpg.rf.c3e138018a99811b80d14e6d90055b00.jpg,test,640,640,1.0,1,0,1,107.4130859375,smoke_only
ck0txwk8k6owz0848gejqchq8_jpeg_jpg.rf.01f04baaa9b70b90ef2cff4e0752ee4e.jpg,test,640,640,1.0,1,0,1,106.4033203125,smoke_only
ck0tyt8nmui9l0701fr3lsu7s_jpeg_jpg.rf.2545522ca1b5fdef1cbf4d083d15dc32.jpg,test,640,640,1.0,1,0,1,104.028564453125,smoke_only
ck0tyucu3uekj0944f3usafki_jpeg_jpg.rf.78855595c23db1f28183add84a3ffbfc.jpg,test,640,640,1.0,1,0,1,107.69189453125,smoke_only
ck0tyvz1p6ssd0848z1brl0fl_jpeg_jpg.rf.7e76593243f7ef2f7179f6f1be64cbee.jpg,test,640,640,1.0,1,0,1,109.107177734375,smoke_only
ck0tzu01r69vw0a464th4yn43_jpeg_jpg.rf.ad63364d0faf27a8768c4cad20cc0465.jpg,test,640,640,1.0,1,0,1,100.991943359375,smoke_only
ck0tzuao2wuuv0721d9vb3uvm_jpeg_jpg.rf.146c854629b61be05124da034f9b18cf.jpg,test,640,640,1.0,1,0,1,105.250244140625,smoke_only
ck0u0hs5pwywo0721zyjfy75h_jpeg_jpg.rf.58d4d378dc204ce31d8e32ceffb5abd5.jpg,test,640,640,1.0,1,0,1,107.694580078125,smoke_only
ck0u0ihp7sq1z086335c6h592_jpeg_jpg.rf.ff1bf0aaec222ec8d0f636d5a9937f47.jpg,test,640,640,1.0,1,0,1,108.73486328125,smoke_only
ck0u14y7arp5c0794llhscme5_jpeg_jpg.rf.147e545a5e7c1fae3002f52a35de3f01.jpg,test,640,640,1.0,1,0,1,104.14501953125,smoke_only
ck0u97a47vo2h0944rwxehqpl_jpeg_jpg.rf.fe7a7ebc6294b95fa65601fa83fdf4a2.jpg,test,640,640,1.0,1,0,1,111.684814453125,smoke_only
ck0ujo3wrv2130838pn66pvj4_jpeg_jpg.rf.6969533085e9141faf3fe14bed31e98d.jpg,test,640,640,1.0,1,0,1,102.8095703125,smoke_only
ck0ujoiltwezp0944u48gk6wn_jpeg_jpg.rf.19ca1c865956837266ae5edf17e9291d.jpg,test,640,640,1.0,1,0,1,108.057373046875,smoke_only
ck0ujvtjvyrjx0721f1bk9yvy_jpeg_jpg.rf.26690173fcb7d9a0c4eb7ae2693b95e1.jpg,test,640,640,1.0,1,0,1,106.60986328125,smoke_only
ck0ukjmceuk3t0863k4o3i8g4_jpeg_jpg.rf.784cf9e68762d3b5db925ca879316dc2.jpg,test,640,640,1.0,1,0,1,103.688232421875,smoke_only
ck0ukk30lwlt9070113ad7m2j_jpeg_jpg.rf.bdffda94e49a5b0de90ed79880f585f2.jpg,test,640,640,1.0,1,0,1,105.599609375,smoke_only
ezgif-frame-116_jpg.rf.1dadcbb7b5498f2ef2ecbd1f037e1dfa.jpg,test,640,640,1.0,1,1,0,82.232666015625,fire_only
ezgif-frame-122_jpg.rf.1e68313ea11206743c3057ecf880292e.jpg,test,640,640,1.0,1,1,0,148.07568359375,fire_only
fire1-101-_jpg.rf.e0af275591fc12191d554fdf0c2cc04e.jpg,test,640,640,1.0,1,1,0,72.410400390625,fire_only
fire1-1036-_jpg.rf.cc37b4daf4c0a0dee9c3b225d6ec35b9.jpg,test,640,640,1.0,3,1,2,86.3017578125,both
fire1-1065-_jpg.rf.8f6abcb547709d12dd7480cccabe73fb.jpg,test,640,640,1.0,2,1,1,147.935302734375,both
fire1-1065-_jpg.rf.b4215d64ef2c520fb0895d58cf5ace46.jpg,test,640,640,1.0,2,1,1,147.983642578125,both
fire1-1071-_jpg.rf.80ce0b229638b06d5609f8430a67d819.jpg,test,640,640,1.0,1,1,0,58.74755859375,fire_only
fire1-1076-_jpg.rf.e3de13f217d0c6fa336007ea2007c259.jpg,test,640,640,1.0,7,6,1,86.94140625,both
fire1-1201-_jpg.rf.03356d05fe813114ec71fe38f233ea09.jpg,test,640,640,1.0,1,1,0,107.2080078125,fire_only
fire1-1211-_jpg.rf.6b969d6042a9268f42de8335404b5c2c.jpg,test,640,640,1.0,3,3,0,85.726318359375,fire_only
fire1-1228-_jpg.rf.079e8a8429d17ae5304eae8b116605df.jpg,test,640,640,1.0,5,5,0,39.0556640625,fire_only
fire1-1236-_jpg.rf.5ca23d205a9858e09090daa887e39de0.jpg,test,640,640,1.0,5,3,2,117.345947265625,both
fire1-1307-_jpg.rf.dfaea710c50cfe88c5d08ed06452d954.jpg,test,640,640,1.0,1,1,0,172.510009765625,fire_only
fire1-1354-_jpg.rf.17319ce548269f754a8c8ad207d1850d.jpg,test,640,640,1.0,3,3,0,109.9306640625,fire_only
fire1-1360-_jpg.rf.daa9dc9751f611ed4443958534370788.jpg,test,640,640,1.0,5,5,0,84.774658203125,fire_only
fire1-1413-_jpg.rf.ed94001f4a73a587f2a5da24ff49f5c5.jpg,test,640,640,1.0,6,1,5,38.063232421875,both
fire1-15-_jpg.rf.7446f9d66dc55f3c4bd9f66ca1ecce3e.jpg,test,640,640,1.0,4,1,3,114.975341796875,both
fire1-15-_jpg.rf.dba5a94bfb8987ef393dfba07349af18.jpg,test,640,640,1.0,4,1,3,116.2197265625,both
fire1-1521-_jpg.rf.f164493e3d4104a64307266f0f7ad91e.jpg,test,640,640,1.0,1,1,0,119.740478515625,fire_only
fire1-1523-_jpg.rf.82df673f0448e72a1f95a4493d0d804b.jpg,test,640,640,1.0,3,3,0,50.98291015625,fire_only
fire1-1531-_jpg.rf.8d374b85fb655d0677de8ed9a0585cd9.jpg,test,640,640,1.0,1,1,0,20.313232421875,fire_only
fire1-198-_jpg.rf.d08ed34abc623b389bd5cdd77f7de61b.jpg,test,640,640,1.0,2,2,0,109.15966796875,fire_only
fire1-215-_jpg.rf.2bfc8810851e6f5e538b9be96f95d95b.jpg,test,640,640,1.0,2,2,0,107.5458984375,fire_only
fire1-29-_jpg.rf.7b77f24cda5588485f410c410d9ab9a7.jpg,test,640,640,1.0,4,3,1,104.604248046875,both
fire1-310-_jpg.rf.7840d0479a9f0b2e990f5d2105e32bb7.jpg,test,640,640,1.0,1,1,0,64.644775390625,fire_only
fire1-329-_jpg.rf.128197ad3813a34fad5f4aaddc8995ea.jpg,test,640,640,1.0,1,1,0,88.55615234375,fire_only
fire1-343-_jpg.rf.e40887c3e4b9eccd780fc7bd8336646d.jpg,test,640,640,1.0,1,1,0,83.375732421875,fire_only
fire1-351-_jpg.rf.b3395500f64f464618adb2418370942c.jpg,test,640,640,1.0,2,2,0,74.60888671875,fire_only
fire1-369-_jpg.rf.96efb7221ea70a62fc713dbf249d8783.jpg,test,640,640,1.0,1,1,0,91.1875,fire_only
fire1-370-_jpg.rf.c639958bb42e8a40a6e6447b0a5f3f41.jpg,test,640,640,1.0,1,1,0,90.3701171875,fire_only
fire1-490-_jpg.rf.17209d60ab2aecbcdc1b2ee9714e3dbf.jpg,test,640,640,1.0,1,1,0,49.18701171875,fire_only
fire1-5-_jpg.rf.0d31a883a90859e54225e7b063ebb40c.jpg,test,640,640,1.0,2,1,1,71.1533203125,both
fire1-5-_jpg.rf.ea7e387d89afd53a6d0a2bc735647b16.jpg,test,640,640,1.0,2,1,1,68.2861328125,both
fire1-505-_jpg.rf.db1e4ef9a5cdb06d5057078e0f3ba1ca.jpg,test,640,640,1.0,1,1,0,58.056640625,fire_only
fire1-519-_jpg.rf.1d2f8e1c50da8b071da6522aabf0ffa8.jpg,test,640,640,1.0,2,2,0,50.193359375,fire_only
fire1-53-_jpg.rf.6eb90eb8b3cea17f087f1c5e332a3283.jpg,test,640,640,1.0,1,1,0,76.184326171875,fire_only
fire1-550-_jpg.rf.7283dd2309d964e8ccb57e0a20bdf7f6.jpg,test,640,640,1.0,1,1,0,48.614013671875,fire_only
fire1-551-_jpg.rf.d6ffccd632e059613944c6f00a9956cb.jpg,test,640,640,1.0,1,1,0,51.3505859375,fire_only
fire1-555-_jpg.rf.ca3a3ee267635b8b932a87c06f73c496.jpg,test,640,640,1.0,1,1,0,50.03955078125,fire_only
fire1-586-_jpg.rf.d8bd8fee9d96563b0886eabb7c15cf89.jpg,test,640,640,1.0,2,1,1,82.076171875,both
fire1-588-_jpg.rf.6b69b42102a7ac6d05fd904929796244.jpg,test,640,640,1.0,4,3,1,85.486328125,both
fire1-59-_jpg.rf.d0e31e40d63bd5820f9dd4ca4ea09e7e.jpg,test,640,640,1.0,1,1,0,64.700439453125,fire_only
fire1-590-_jpg.rf.2cb2ade7baa43426aa20567c4f292ede.jpg,test,640,640,1.0,2,1,1,82.369140625,both
fire1-590-_jpg.rf.88d2480a95d0b34f5038c259079f3351.jpg,test,640,640,1.0,2,1,1,81.614501953125,both
fire1-591-_jpg.rf.07ddafd4e7af3f93c59e0a24a55ec679.jpg,test,640,640,1.0,2,1,1,81.5771484375,both
fire1-592-_jpg.rf.02c99458b97565111bf9d2ce6d141d49.jpg,test,640,640,1.0,1,1,0,80.692138671875,fire_only
fire1-593-_jpg.rf.8f010256afd65cd61c68144e3b10830c.jpg,test,640,640,1.0,2,1,1,79.27001953125,both
fire1-594-_jpg.rf.64707df39031f719a08d6d6147197352.jpg,test,640,640,1.0,4,3,1,83.737548828125,both
fire1-594-_jpg.rf.ea6cd9bfa0059ec9b3856c41d603ed7f.jpg,test,640,640,1.0,4,3,1,82.853271484375,both
fire1-631-_jpg.rf.afa054117f9e8e3860e2a56cd9f5fce9.jpg,test,640,640,1.0,8,7,1,83.61474609375,both
fire1-64-_jpg.rf.d4182611f5980620e050206ba1b8551d.jpg,test,640,640,1.0,1,1,0,70.0732421875,fire_only
fire1-65-_jpg.rf.32389a2e740d996db90bc306d40a803e.jpg,test,640,640,1.0,1,1,0,68.3564453125,fire_only
fire1-686-_jpg.rf.36a8e9764353783277eae6bc07db9dd1.jpg,test,640,640,1.0,7,3,4,117.209716796875,both
fire1-69-_jpg.rf.fa1301af7a40447f311d9b006dd39587.jpg,test,640,640,1.0,1,1,0,65.276611328125,fire_only
fire1-70-_jpg.rf.b704b8dec649e298d7eaf5e12461ea84.jpg,test,640,640,1.0,1,1,0,68.973388671875,fire_only
fire1-72-_jpg.rf.29f639019a8e120bca77a231c1ef90c3.jpg,test,640,640,1.0,1,1,0,61.3916015625,fire_only
fire1-72-_jpg.rf.42808a5d93cc87ac835c1d229aa319af.jpg,test,640,640,1.0,1,1,0,62.51806640625,fire_only
fire1-745-_jpg.rf.701de59bb8b2923804c2251d25ae9e99.jpg,test,640,640,1.0,8,8,0,76.092529296875,fire_only
fire1-745-_jpg.rf.a7ce059863a190f7605eb82abc616afa.jpg,test,640,640,1.0,8,8,0,81.66455078125,fire_only
fire1-75-_jpg.rf.08e1ed6124f3f33993b3b1d33624cf83.jpg,test,640,640,1.0,1,1,0,71.390625,fire_only
fire1-76-_jpg.rf.a6405b2ca9287de8632035b9854ee7ca.jpg,test,640,640,1.0,1,1,0,71.413330078125,fire_only
fire1-76-_jpg.rf.da60b30b1baddbf35daf250409431454.jpg,test,640,640,1.0,1,1,0,70.19287109375,fire_only
fire1-770-_jpg.rf.59c69578dae5368282459985d2998ea2.jpg,test,640,640,1.0,1,1,0,48.055908203125,fire_only
fire1-781-_jpg.rf.10703f0d7ed55a0e4b9808f00d011078.jpg,test,640,640,1.0,8,7,1,77.28662109375,both
fire1-81-_jpg.rf.5ccf4b2fa8a395471e0d699f0504d970.jpg,test,640,640,1.0,1,1,0,72.5009765625,fire_only
fire1-831-_jpg.rf.284b37c7b35cb8d6f3700d3c02c937aa.jpg,test,640,640,1.0,1,1,0,22.25439453125,fire_only
fire1-832-_jpg.rf.7940a5f8c2691ccefd9da0ca102e5ef9.jpg,test,640,640,1.0,1,1,0,30.61083984375,fire_only
fire1-832-_jpg.rf.8fda3c4f40b1a38853e9903bca10c9be.jpg,test,640,640,1.0,1,1,0,28.725341796875,fire_only
fire1-833-_jpg.rf.6b93e33727c0249fdad27ce756374863.jpg,test,640,640,1.0,1,1,0,52.45849609375,fire_only
fire1-838-_jpg.rf.e5ef2580ccbbdb329d80ccfe47b01b58.jpg,test,640,640,1.0,2,2,0,23.2333984375,fire_only
fire1-839-_jpg.rf.b0b9218151ffdc859a4090911598f6c2.jpg,test,640,640,1.0,1,1,0,44.05224609375,fire_only
fire1-849-_jpg.rf.7d2215b71137c7f1882c3c8ff538b7d3.jpg,test,640,640,1.0,1,1,0,62.489501953125,fire_only
fire1-852-_jpg.rf.cdaa814b6d0c3c2efe7b5e479326f2a2.jpg,test,640,640,1.0,1,1,0,57.869873046875,fire_only
fire1-852-_jpg.rf.ef2df98e7208b76a57d35db516079854.jpg,test,640,640,1.0,1,1,0,60.863037109375,fire_only
fire1-859-_jpg.rf.6cb63fb83bb9894d9f4163e610c9229a.jpg,test,640,640,1.0,1,1,0,99.15234375,fire_only
fire1-86-_jpg.rf.03a520126e724f77043e80d6a516257f.jpg,test,640,640,1.0,1,1,0,72.165283203125,fire_only
fire1-87-_jpg.rf.97966b3d9190bdd70c1653c09e86e675.jpg,test,640,640,1.0,1,1,0,62.87353515625,fire_only
fire1-89-_jpg.rf.3765ff81b1da59732ccd6e12c77bc52b.jpg,test,640,640,1.0,1,1,0,65.464111328125,fire_only
fire1-9-_jpg.rf.25843210d93dd5ae3b73fabfdb6134d7.jpg,test,640,640,1.0,4,4,0,84.46875,fire_only
fire1-90-_jpg.rf.0824cfed5683bc06d448b4785d643500.jpg,test,640,640,1.0,1,1,0,78.142578125,fire_only
fire1-92-_jpg.rf.b061ae41a534d65031e836dcb5d89fc1.jpg,test,640,640,1.0,1,1,0,73.1689453125,fire_only
fire1-921-_jpg.rf.0e30cfbc901ac1a161eb73c09e02a449.jpg,test,640,640,1.0,1,1,0,47.63916015625,fire_only
fire1-926-_jpg.rf.327b1d856496a576d92f22d7b2203f9b.jpg,test,640,640,1.0,1,1,0,21.690185546875,fire_only
fire1-94-_jpg.rf.3d3585569c2368c4256375eaf3b1bc00.jpg,test,640,640,1.0,1,1,0,74.055419921875,fire_only
fire1-948-_jpg.rf.3e57745cf6166930fe5ba959b617e7da.jpg,test,640,640,1.0,7,6,1,83.045166015625,both
fire1-956-_jpg.rf.ca9f28f349fe9849dbf6e2c42c50e606.jpg,test,640,640,1.0,1,1,0,98.002197265625,fire_only
fire1-97-_jpg.rf.69f37aa66e645a2e6c9a6f11a0034c83.jpg,test,640,640,1.0,1,1,0,74.688720703125,fire_only
fire1-972-_jpg.rf.b096c8b57eb0d39220d594169fcd1a3f.jpg,test,640,640,1.0,2,1,1,127.104736328125,both
fire1-976-_jpg.rf.89352bb70beee330bc31d8bbe78c520f.jpg,test,640,640,1.0,4,4,0,77.60498046875,fire_only
Img_100_jpg.rf.6a8394ec78eca4592a880fdf632f206f.jpg,test,640,640,1.0,0,0,0,105.045654296875,background
Img_100_jpg.rf.c6b38a554dae142b3e1f8ac497f00da3.jpg,test,640,640,1.0,0,0,0,105.12744140625,background
Img_100_jpg.rf.e7f438194e6aa05abd1e4bcad326e10b.jpg,test,640,640,1.0,0,0,0,105.244384765625,background
Img_102_jpg.rf.6b88401bf5617c3820589781a8846e86.jpg,test,640,640,1.0,0,0,0,105.168212890625,background
Img_102_jpg.rf.bc5a58d5d30f6b2c347d60fed2a3f592.jpg,test,640,640,1.0,0,0,0,105.26318359375,background
Img_102_jpg.rf.c9d671fbeb0c44e003d55e20bda31da9.jpg,test,640,640,1.0,0,0,0,105.332763671875,background
Img_103_jpg.rf.41fbef3ea2517aa66ecb9c89a7be3d57.jpg,test,640,640,1.0,0,0,0,105.207763671875,background
Img_103_jpg.rf.5a8b8a5f2abd319d926bccdd8c6193d5.jpg,test,640,640,1.0,0,0,0,105.09716796875,background
Img_103_jpg.rf.e2a7b3cabff0bcd9ebd180d8b5e0f0e2.jpg,test,640,640,1.0,0,0,0,105.071044921875,background
Img_104_jpg.rf.22be67dc85ba212174532717e89f51f0.jpg,test,640,640,1.0,0,0,0,104.843017578125,background
Img_104_jpg.rf.7cee8e3ad4c38ed3eb85742ccbeebbcc.jpg,test,640,640,1.0,0,0,0,104.675537109375,background
Img_105_jpg.rf.4f1d458bab8851f0e9b8649f8e06d9ac.jpg,test,640,640,1.0,0,0,0,104.01806640625,background
Img_105_jpg.rf.5f235463a86a550e56e90dfb93838551.jpg,test,640,640,1.0,0,0,0,104.012451171875,background
Img_106_jpg.rf.5b8ef6af4dfdb4f153a2e63ed5e64e21.jpg,test,640,640,1.0,0,0,0,104.55908203125,background
Img_106_jpg.rf.6aff94f25d8e4ce62d7141bcd9827b35.jpg,test,640,640,1.0,0,0,0,104.24169921875,background
Img_109_jpg.rf.1850ca7b30a304ca7fc19fde6b5140bd.jpg,test,640,640,1.0,0,0,0,104.284423828125,background
Img_111_jpg.rf.4b88b65cdb72c5310aabeee09a86da17.jpg,test,640,640,1.0,0,0,0,104.192626953125,background
Img_113_jpg.rf.11afd675d03180f1e137cac5689405ea.jpg,test,640,640,1.0,0,0,0,106.0029296875,background
Img_113_jpg.rf.6928c19a7eb131580cbfa7571b308936.jpg,test,640,640,1.0,0,0,0,106.046630859375,background
Img_113_jpg.rf.f762fbfe2f690b8971084727e0ad8908.jpg,test,640,640,1.0,0,0,0,105.95947265625,background
Img_114_jpg.rf.9b8e48bd0ca8b6e4c21e36eeeb17d945.jpg,test,640,640,1.0,0,0,0,105.986328125,background
Img_115_jpg.rf.536600b19101856b5c382a84e341c38b.jpg,test,640,640,1.0,0,0,0,107.21533203125,background
Img_115_jpg.rf.c500560c97b80276d63934a1415f2a65.jpg,test,640,640,1.0,0,0,0,107.3193359375,background
Img_116_jpg.rf.ac0d170267028dba0e4f084a69b96c40.jpg,test,640,640,1.0,0,0,0,106.487060546875,background
Img_117_jpg.rf.3087c12f1d12c09796a7720a3ea6947c.jpg,test,640,640,1.0,0,0,0,106.160888671875,background
Img_117_jpg.rf.777ff439da9639608fbc1d5ce4633ca3.jpg,test,640,640,1.0,0,0,0,105.853759765625,background
Img_118_jpg.rf.baa87e56ace02ce6de3df893cbdfcd01.jpg,test,640,640,1.0,0,0,0,105.843994140625,background
Img_119_jpg.rf.e7b06a03f1453de97cbf939970f1507c.jpg,test,640,640,1.0,0,0,0,104.931884765625,background
Img_121_jpg.rf.1d95bcd92a259c15f9c2ea45057bc6de.jpg,test,640,640,1.0,0,0,0,104.36376953125,background
Img_121_jpg.rf.a1096b4ee0b72c3b0b7ceafd820ed970.jpg,test,640,640,1.0,0,0,0,104.168212890625,background
Img_121_jpg.rf.fbc7d0974ef5626c0be01b9c904a4873.jpg,test,640,640,1.0,0,0,0,104.3125,background
Img_122_jpg.rf.19034926943d5b1f431476181237f0ce.jpg,test,640,640,1.0,0,0,0,104.179443359375,background
Img_122_jpg.rf.cb3a9afb015edeaa1a43b0ea09dad605.jpg,test,640,640,1.0,0,0,0,104.179443359375,background
Img_1237_jpg.rf.0ec3d706a13557fb1909dfc20415c1c2.jpg,test,640,640,1.0,0,0,0,114.600341796875,background
Img_1237_jpg.rf.0fdfafd05cfe70724f912ab5afce48bd.jpg,test,640,640,1.0,0,0,0,114.588134765625,background
Img_1237_jpg.rf.2e12d65a37bf58bca142fc9f26099f46.jpg,test,640,640,1.0,0,0,0,114.4873046875,background
Img_123_jpg.rf.28f501c2de7b2327d73c50f279cb5ace.jpg,test,640,640,1.0,0,0,0,103.840087890625,background
Img_123_jpg.rf.4d143963d0beb4de3e46e047bb068858.jpg,test,640,640,1.0,0,0,0,103.60498046875,background
Img_1248_jpg.rf.3e03565dc64efaa85fe9dd5b5c691ecd.jpg,test,640,640,1.0,0,0,0,108.634765625,background
Img_1248_jpg.rf.4cd6643457aecfeaba996c01f91dd72d.jpg,test,640,640,1.0,0,0,0,109.1884765625,background
Img_1248_jpg.rf.6d4b7bc04ba0a5ad237cd303e585395b.jpg,test,640,640,1.0,0,0,0,108.58544921875,background
Img_124_jpg.rf.1182ffc0235c4b6b3d508aa70b80c1e2.jpg,test,640,640,1.0,0,0,0,103.322021484375,background
Img_124_jpg.rf.56d2e1f009c0947fcc53e2f2cd38e30e.jpg,test,640,640,1.0,0,0,0,103.44677734375,background
Img_1250_jpg.rf.288e048d9eed3b246faf510a26d5c46b.jpg,test,640,640,1.0,0,0,0,118.759521484375,background
Img_1250_jpg.rf.85ce9d99153107425940d9fb8a605c66.jpg,test,640,640,1.0,0,0,0,118.841796875,background
Img_125_jpg.rf.d4fb07bd87c21a7edc68df957534cbe0.jpg,test,640,640,1.0,0,0,0,103.531494140625,background
Img_1268_jpg.rf.e954ed1c467d1cfa9c220e234b8bf65b.jpg,test,640,640,1.0,0,0,0,121.3310546875,background
Img_126_jpg.rf.7bb345ac834fa9ad479eda81eec050b4.jpg,test,640,640,1.0,0,0,0,103.16259765625,background
Img_1270_jpg.rf.e43fffc54303673cb729e8d43a436a8a.jpg,test,640,640,1.0,0,0,0,113.43359375,background
Img_1274_jpg.rf.d02e831a6bb99ce69e9112d2f46302ce.jpg,test,640,640,1.0,0,0,0,125.317626953125,background
Img_127_jpg.rf.1f8696aab16ef6b46e16250e76ed93cc.jpg,test,640,640,1.0,0,0,0,102.36572265625,background
Img_127_jpg.rf.a79eb24194632a0b4dc4346b60e48d73.jpg,test,640,640,1.0,0,0,0,102.4921875,background
Img_128_jpg.rf.5d30392e8ff77251d9516e100b336ca5.jpg,test,640,640,1.0,0,0,0,103.090576171875,background
Img_129_jpg.rf.699a13372df551d48bcd354cf0f620ce.jpg,test,640,640,1.0,0,0,0,103.216064453125,background
Img_131_jpg.rf.1cde82e1028eac58e2df515e5a1e041b.jpg,test,640,640,1.0,0,0,0,103.712646484375,background
Img_132_jpg.rf.621b99a84f49d6093ebabf0d79f1d3fe.jpg,test,640,640,1.0,0,0,0,104.231689453125,background
Img_132_jpg.rf.b7e9cec8b4ebf9850f5963cd3964eb2c.jpg,test,640,640,1.0,0,0,0,104.086181640625,background
Img_134_jpg.rf.4d45ced339c66fdee988ff5f85bc6591.jpg,test,640,640,1.0,0,0,0,104.61083984375,background
Img_135_jpg.rf.0b301e06cad0b31a04dc995fe5e0a974.jpg,test,640,640,1.0,0,0,0,104.61279296875,background
Img_136_jpg.rf.27afae552da8c0d86c795e7dd79fe191.jpg,test,640,640,1.0,0,0,0,104.635498046875,background
Img_136_jpg.rf.60f4addb1a687c5a4f9bfc37bf2ba8cc.jpg,test,640,640,1.0,0,0,0,104.351318359375,background
Img_137_jpg.rf.6bc5ee671187993ffadd40058327549f.jpg,test,640,640,1.0,0,0,0,104.752197265625,background
Img_138_jpg.rf.dfbe37ba0ecb1784d6a0b2ac96fcafca.jpg,test,640,640,1.0,0,0,0,105.151123046875,background
Img_1621_jpg.rf.e7dc19c404ec20361b9f71c084a03622.jpg,test,640,640,1.0,0,0,0,108.531494140625,background
Img_1622_jpg.rf.6ed335b6f15804666c44bcae29abba7c.jpg,test,640,640,1.0,0,0,0,107.362548828125,background
Img_1622_jpg.rf.ecc93943afd6f7dc1993b56c2d938086.jpg,test,640,640,1.0,0,0,0,107.4404296875,background
Img_1668_jpg.rf.21b09bd53836fb8b7758c07cba4b260a.jpg,test,640,640,1.0,0,0,0,80.99609375,background
Img_1672_jpg.rf.a250462dca898dee3cc317979e97d0ba.jpg,test,640,640,1.0,0,0,0,78.9072265625,background
Img_1712_jpg.rf.b4f538289cecbc241352047c1f0d599a.jpg,test,640,640,1.0,0,0,0,81.4150390625,background
Img_1712_jpg.rf.fff47d450322d4139e3b1fe694d84336.jpg,test,640,640,1.0,0,0,0,81.3955078125,background
Img_1713_jpg.rf.c6227abd9ed56cb2420050c16e84c04f.jpg,test,640,640,1.0,0,0,0,83.891845703125,background
Img_1934_jpg.rf.37b94233a9eb8d3a6fb5c285a19168f7.jpg,test,640,640,1.0,0,0,0,119.8349609375,background
Img_2125_jpg.rf.772a1f665fe8d1d1767da2b81bfa60f8.jpg,test,640,640,1.0,0,0,0,78.014892578125,background
Img_25_jpg.rf.acd5157e122f38cef3ed155a9a99dd1a.jpg,test,640,640,1.0,0,0,0,109.840576171875,background
Img_25_jpg.rf.ebca34593e6211b2c462a311802acba1.jpg,test,640,640,1.0,0,0,0,109.803955078125,background
Img_26_jpg.rf.10a9afd8642a46777bb42177ef8dcbda.jpg,test,640,640,1.0,0,0,0,109.768310546875,background
Img_26_jpg.rf.e35eaa3433a6191834fb54756526aea2.jpg,test,640,640,1.0,0,0,0,109.717041015625,background
Img_270_jpg.rf.9d84fc3ac0fe323adc534846130c98f0.jpg,test,640,640,1.0,0,0,0,107.822265625,background
Img_271_jpg.rf.2858cb03d238482c9d02e600426156da.jpg,test,640,640,1.0,0,0,0,105.571533203125,background
Img_271_jpg.rf.5620b90d574a096c63f008d3c88fe026.jpg,test,640,640,1.0,0,0,0,105.597900390625,background
Img_271_jpg.rf.ac2371d6a651be1193f72e444dc6e72c.jpg,test,640,640,1.0,0,0,0,105.390869140625,background
Img_272_jpg.rf.5cb87299b7df0a0be1b18f673a7765b6.jpg,test,640,640,1.0,0,0,0,106.619873046875,background
Img_272_jpg.rf.f82dcd975625f4868b37b62eb49c75c9.jpg,test,640,640,1.0,0,0,0,106.781005859375,background
Img_273_jpg.rf.43a88a84856b77fce7a74758f5170e9b.jpg,test,640,640,1.0,0,0,0,106.596435546875,background
Img_273_jpg.rf.a732ba8a7d650c568a35bd97d0de8c17.jpg,test,640,640,1.0,0,0,0,106.53125,background
Img_28_jpg.rf.034132575f304fcb3eb223e6d72c3939.jpg,test,640,640,1.0,0,0,0,109.87109375,background
Img_28_jpg.rf.719dec01edf93df123d333f3d3e4b225.jpg,test,640,640,1.0,0,0,0,109.839599609375,background
Img_28_jpg.rf.ed23aa1fd5d7781d993b4bbcaac812c3.jpg,test,640,640,1.0,0,0,0,110.153076171875,background
Img_29_jpg.rf.e5aca87ded9dee6889000e70d325897b.jpg,test,640,640,1.0,0,0,0,109.78076171875,background
Img_29_jpg.rf.fc17afff30fd07db2eaf1d28281567b3.jpg,test,640,640,1.0,0,0,0,109.7294921875,background
Img_30_jpg.rf.91878a41452bd2c6c9172b4cae7c11ec.jpg,test,640,640,1.0,0,0,0,109.466552734375,background
Img_30_jpg.rf.e83a7828ba5fc3b08a4cacdb2ab296c5.jpg,test,640,640,1.0,0,0,0,109.641845703125,background
Img_31_jpg.rf.19f27677f50a73344c6ee1e4ddddb015.jpg,test,640,640,1.0,0,0,0,109.373046875,background
Img_32_jpg.rf.3f80430f2a7fe19d82313d2bcb224796.jpg,test,640,640,1.0,0,0,0,109.42724609375,background
Img_33_jpg.rf.8ac6cff278fb471784b2b18647d46c9c.jpg,test,640,640,1.0,0,0,0,108.38916015625,background
Img_33_jpg.rf.f1f61dc552b23e458739b4fa009a722a.jpg,test,640,640,1.0,0,0,0,108.4736328125,background
Img_34_jpg.rf.308c9f05a796a487a2e28a3705831cc5.jpg,test,640,640,1.0,0,0,0,108.593505859375,background
Img_35_jpg.rf.99efd6395e16f4f9750973dbf05622d5.jpg,test,640,640,1.0,0,0,0,107.505615234375,background
Img_35_jpg.rf.a3e2e8964f24657a26c0744ad66cfed9.jpg,test,640,640,1.0,0,0,0,107.345947265625,background
Img_35_jpg.rf.acfb3e2f3706bd14c239ca602165a970.jpg,test,640,640,1.0,0,0,0,107.512939453125,background
Img_36_jpg.rf.56d3da552c73c262b3efbf5c145e4a20.jpg,test,640,640,1.0,0,0,0,107.076904296875,background
Img_36_jpg.rf.b0a0ad1c35af341eea891cb5f6b59efb.jpg,test,640,640,1.0,0,0,0,107.012939453125,background
Img_37_jpg.rf.e02e43ab37b91e17c163d1ce9bb5d09a.jpg,test,640,640,1.0,0,0,0,106.50634765625,background
Img_381_jpg.rf.25cb379b4f4ee64e2d1e6ec74c54bde1.jpg,test,640,640,1.0,0,0,0,105.716552734375,background
Img_381_jpg.rf.e2b8ae3616aac64ebea106f934cf61be.jpg,test,640,640,1.0,0,0,0,105.83740234375,background
Img_38_jpg.rf.4b8c740976660f5804690316b47b46b2.jpg,test,640,640,1.0,0,0,0,105.08349609375,background
Img_38_jpg.rf.b07c6b1c418053c76cf119c4d4fcfd1f.jpg,test,640,640,1.0,0,0,0,105.185302734375,background
Img_39_jpg.rf.0b4d8192bac2efcf56ac9fca8e4792bc.jpg,test,640,640,1.0,0,0,0,104.14306640625,background
Img_39_jpg.rf.42845bbd715f788fa2c6be6afc14d445.jpg,test,640,640,1.0,0,0,0,104.243896484375,background
Img_39_jpg.rf.b02abd30faab8600648b8c987b61a56e.jpg,test,640,640,1.0,0,0,0,104.345458984375,background
Img_40_jpg.rf.2c5649c79062c77d7f89a5cd41b8fb4b.jpg,test,640,640,1.0,0,0,0,103.3935546875,background
Img_41_jpg.rf.7c9e2ea24bbfe9f2331e3d10dec56ddb.jpg,test,640,640,1.0,0,0,0,103.60693359375,background
Img_41_jpg.rf.917a623e65982d6a4fabc3700ebc5397.jpg,test,640,640,1.0,0,0,0,103.60693359375,background
Img_43_jpg.rf.710adc9a52c271e154a3e8084f8d4877.jpg,test,640,640,1.0,0,0,0,102.960205078125,background
Img_44_jpg.rf.8ac1937e485c90e0da78be05bdd0f6cd.jpg,test,640,640,1.0,0,0,0,101.972412109375,background
Img_44_jpg.rf.ef942e90bb0ca2be72d78e0a8b1a37ff.jpg,test,640,640,1.0,0,0,0,101.964599609375,background
Img_45_jpg.rf.8eb1715aa0ab0ecb03dea6f8a50cf2f9.jpg,test,640,640,1.0,0,0,0,102.32177734375,background
Img_45_jpg.rf.ec95bec7f8b74d8cc22ab2c56fe6bb66.jpg,test,640,640,1.0,0,0,0,102.16845703125,background
Img_46_jpg.rf.04ff88908f83a471a32ebe0b77b825e1.jpg,test,640,640,1.0,0,0,0,102.798828125,background
Img_46_jpg.rf.f0681d9fb906317214459fd376574183.jpg,test,640,640,1.0,0,0,0,102.573486328125,background
Img_47_jpg.rf.1651151b4d5ba22c5dd36b9623b7ecbe.jpg,test,640,640,1.0,0,0,0,102.669921875,background
Img_47_jpg.rf.b3c93e68c913268fb0383a739a0aac25.jpg,test,640,640,1.0,0,0,0,102.9501953125,background
Img_486_jpg.rf.c5345df432b1001e88a34473448c554c.jpg,test,640,640,1.0,0,0,0,124.763916015625,background
Img_48_jpg.rf.7e7ae60e7bdeec18f2345aaed286ad52.jpg,test,640,640,1.0,0,0,0,103.1533203125,background
Img_49_jpg.rf.738c427b323c8ed74512c047cc61ff1c.jpg,test,640,640,1.0,0,0,0,103.3916015625,background
Img_49_jpg.rf.e7430648f0760ba1adfa1a296aac41f0.jpg,test,640,640,1.0,0,0,0,103.65869140625,background
Img_50_jpg.rf.e9b4d0568056c34c473b273375c4886b.jpg,test,640,640,1.0,0,0,0,104.04296875,background
Img_516_jpg.rf.0f1a8aa5cb359462e82528c65fc6afa5.jpg,test,640,640,1.0,0,0,0,74.70947265625,background
Img_516_jpg.rf.2e821fc76bc45e1aa4b37a35baf95b7b.jpg,test,640,640,1.0,0,0,0,74.88916015625,background
Img_51_jpg.rf.1f2412d1d10becf7c40717b168527106.jpg,test,640,640,1.0,0,0,0,104.282958984375,background
Img_52_jpg.rf.4c4b698b9d278c159b74afa9fea6b41a.jpg,test,640,640,1.0,0,0,0,105.181884765625,background
Img_52_jpg.rf.ecfdac3631ada91963940012175e1ac3.jpg,test,640,640,1.0,0,0,0,105.154052734375,background
Img_530_jpg.rf.0972ce96845a2cf0b19f91a9c69bae06.jpg,test,640,640,1.0,0,0,0,69.97802734375,background
Img_530_jpg.rf.9166a562f712a3fa44ddc9f0a1f93330.jpg,test,640,640,1.0,0,0,0,69.78125,background
Img_537_jpg.rf.c582c32726e3d6ca17b2168c4168389a.jpg,test,640,640,1.0,0,0,0,69.04345703125,background
Img_537_jpg.rf.cf4a3cfebecfeb54dd1e2113746c5d24.jpg,test,640,640,1.0,0,0,0,68.8525390625,background
Img_53_jpg.rf.29d3d9c36eeb8c31ad28c094a2c48e07.jpg,test,640,640,1.0,0,0,0,105.2607421875,background
Img_54_jpg.rf.9420e87535496288052edf188f9a2614.jpg,test,640,640,1.0,0,0,0,106.1689453125,background
Img_559_jpg.rf.020b3de2ef4866acf3e16e6d6d04894d.jpg,test,640,640,1.0,0,0,0,67.217529296875,background
Img_55_jpg.rf.08c2c4e091d8eed78e592debea83ca3c.jpg,test,640,640,1.0,0,0,0,106.606689453125,background
Img_55_jpg.rf.4816594c55a198bfc41e16c9b45ce2fd.jpg,test,640,640,1.0,0,0,0,106.70068359375,background
Img_567_jpg.rf.4422e27aee6606b4c22670a2a4e6cf99.jpg,test,640,640,1.0,0,0,0,67.997314453125,background
Img_56_jpg.rf.29d09269d56bd15bcf6f60357ef0b63b.jpg,test,640,640,1.0,0,0,0,106.4658203125,background
Img_570_jpg.rf.180762aef0c3ce33607da980e0612ec3.jpg,test,640,640,1.0,0,0,0,78.69921875,background
Img_570_jpg.rf.40d53ccd165f3feb473dd6f45b6639e6.jpg,test,640,640,1.0,0,0,0,78.654052734375,background
Img_576_jpg.rf.1f99130bf9a2d7d2ad0f572bb8cf7c6b.jpg,test,640,640,1.0,0,0,0,73.71435546875,background
Img_57_jpg.rf.5913fe56fe254e6cd1cc1b8e84b275bd.jpg,test,640,640,1.0,0,0,0,105.609130859375,background
Img_57_jpg.rf.708cd73caa4145c9d689cb0cf69ccfbc.jpg,test,640,640,1.0,0,0,0,105.506591796875,background
Img_58_jpg.rf.0b3b3d7f6fc8d66f0005dc8739b4c359.jpg,test,640,640,1.0,0,0,0,105.097900390625,background
Img_58_jpg.rf.3c9974a5d8b003068cf21098e6fc8669.jpg,test,640,640,1.0,0,0,0,105.29541015625,background
Img_59_jpg.rf.0f61415e811cbbbc8f8aef6e5a49d594.jpg,test,640,640,1.0,0,0,0,105.04345703125,background
Img_59_jpg.rf.e0650711b2bd2b0da03ca75415970038.jpg,test,640,640,1.0,0,0,0,105.32958984375,background
Img_5_jpg.rf.40406946d1d86d8c9050b06e175a93e3.jpg,test,640,640,1.0,0,0,0,108.248291015625,background
Img_61_jpg.rf.86af67ced0b1ee0550d691bffb7f2f55.jpg,test,640,640,1.0,0,0,0,105.126953125,background
Img_62_jpg.rf.3b3a121c1ebdf3d014f5a9343b57a7c7.jpg,test,640,640,1.0,0,0,0,104.989501953125,background
Img_63_jpg.rf.16038a0cfdc3ad6c76b99dfb5029b21e.jpg,test,640,640,1.0,0,0,0,104.068359375,background
Img_63_jpg.rf.77f2b0e765205b784b4527a89e71c4f4.jpg,test,640,640,1.0,0,0,0,104.28857421875,background
Img_63_jpg.rf.c37a564c11096dc0aec101f83447cf9a.jpg,test,640,640,1.0,0,0,0,104.25,background
Img_64_jpg.rf.378a8532359fc3c656d9ba40edc24e4c.jpg,test,640,640,1.0,0,0,0,103.88427734375,background
Img_65_jpg.rf.94f4c0bc5cecddf87aab01ccb5beeffb.jpg,test,640,640,1.0,0,0,0,104.04638671875,background
Img_67_jpg.rf.0a4a7b9dd390ba54f87412ca25c8b800.jpg,test,640,640,1.0,0,0,0,103.76611328125,background
Img_67_jpg.rf.82b8ef8f5669ac3eb4cedf0df2626f41.jpg,test,640,640,1.0,0,0,0,103.80908203125,background
Img_68_jpg.rf.26405fd353d004b904b34f8fd58a9271.jpg,test,640,640,1.0,0,0,0,103.600830078125,background
Img_68_jpg.rf.cee5652e5314e86d5707ad49d1078935.jpg,test,640,640,1.0,0,0,0,103.698974609375,background
Img_69_jpg.rf.08ced88d9e41354af1e3045a7ac95405.jpg,test,640,640,1.0,0,0,0,103.408203125,background
Img_69_jpg.rf.61244a6e0b52fb015e13989c049dcc9b.jpg,test,640,640,1.0,0,0,0,103.356201171875,background
Img_69_jpg.rf.949de09c463f93372764a78902ec5a98.jpg,test,640,640,1.0,0,0,0,103.343017578125,background
Img_70_jpg.rf.9fd7bb6a19616791d6e5c3571e08b77d.jpg,test,640,640,1.0,0,0,0,104.080810546875,background
Img_71_jpg.rf.57e95706d43315d72dad5b7918bb7c83.jpg,test,640,640,1.0,0,0,0,103.981689453125,background
Img_71_jpg.rf.e2113d6294a724c233fbba75b0503940.jpg,test,640,640,1.0,0,0,0,103.99072265625,background
Img_72_jpg.rf.b40c9c3aa9b61b7058767be7dc53e4e3.jpg,test,640,640,1.0,0,0,0,104.3583984375,background
Img_73_jpg.rf.0bb3bdde18f7c2bdb145e483811a0122.jpg,test,640,640,1.0,0,0,0,104.431640625,background
Img_73_jpg.rf.19accf6ea414493f32f5b9b9e062fa46.jpg,test,640,640,1.0,0,0,0,104.58349609375,background
Img_74_jpg.rf.c9ee9603539cf64778690fb54b8db42b.jpg,test,640,640,1.0,0,0,0,104.55712890625,background
Img_74_jpg.rf.ece9a5e2efca0622ce141fcda8163a82.jpg,test,640,640,1.0,0,0,0,104.55419921875,background
Img_77_jpg.rf.59db877f86006fd060de511a437ed804.jpg,test,640,640,1.0,0,0,0,104.86767578125,background
Img_77_jpg.rf.6df8a94838346ceb98706909e07b44db.jpg,test,640,640,1.0,0,0,0,104.95654296875,background
Img_78_jpg.rf.2b9531e63257f40436774f3c71a842c1.jpg,test,640,640,1.0,0,0,0,105.00048828125,background
Img_79_jpg.rf.6abadbc3fd493884e3e67e71f188c252.jpg,test,640,640,1.0,0,0,0,105.513427734375,background
Img_7_jpg.rf.108e4e628b68ce29bd581f49c45e8cae.jpg,test,640,640,1.0,0,0,0,108.454345703125,background
Img_81_jpg.rf.26a0850d6eae6f52002fced9ebcaae2b.jpg,test,640,640,1.0,0,0,0,104.534423828125,background
Img_82_jpg.rf.89487b6d965595491ad2e64976da8165.jpg,test,640,640,1.0,0,0,0,104.270263671875,background
Img_82_jpg.rf.fe7975880d29459e9e912cf0791717bc.jpg,test,640,640,1.0,0,0,0,104.3828125,background
Img_83_jpg.rf.3c35287dbe6445ac2c1899c32aecd332.jpg,test,640,640,1.0,0,0,0,104.058349609375,background
Img_83_jpg.rf.ecbd7e6cdf374e3ecd1fa4bbbbba5ae8.jpg,test,640,640,1.0,0,0,0,104.15673828125,background
Img_85_jpg.rf.b91a1bd0f8eb9215ab2ec865c0a31d60.jpg,test,640,640,1.0,0,0,0,104.2373046875,background
Img_86_jpg.rf.309a6cf7951e61ad868a90c0bb05ab18.jpg,test,640,640,1.0,0,0,0,104.8583984375,background
Img_86_jpg.rf.fb1448a517fe081f1e69d5f3aef4148a.jpg,test,640,640,1.0,0,0,0,104.38525390625,background
Img_87_jpg.rf.3f4a60f9eaab201d8634d88c8f3da0fa.jpg,test,640,640,1.0,0,0,0,104.3916015625,background
Img_87_jpg.rf.5743d0f945385d2897e2cfda3a93da69.jpg,test,640,640,1.0,0,0,0,104.263916015625,background
Img_88_jpg.rf.d62f13deac234e174d9b75dd97d08287.jpg,test,640,640,1.0,0,0,0,104.501708984375,background
Img_89_jpg.rf.85d9a784c91b8c5654e3e4d5f8a4f844.jpg,test,640,640,1.0,0,0,0,104.49755859375,background
Img_8_jpg.rf.079c4a3d2014b10c1dea339a27c8519f.jpg,test,640,640,1.0,0,0,0,107.88525390625,background
Img_8_jpg.rf.75b43684eb35403854f5f0212ef08dd6.jpg,test,640,640,1.0,0,0,0,107.97119140625,background
Img_90_jpg.rf.12d634835d1f4489f4f9bf91c47e5832.jpg,test,640,640,1.0,0,0,0,104.9892578125,background
Img_91_jpg.rf.8d164155ded0405e50cc117b03ad2dea.jpg,test,640,640,1.0,0,0,0,104.59326171875,background
Img_91_jpg.rf.d8b9282ccd4f8ae663310374f2796226.jpg,test,640,640,1.0,0,0,0,104.597412109375,background
Img_92_jpg.rf.0eb3bd5131d446ca9153e6d50254bb4f.jpg,test,640,640,1.0,0,0,0,104.357666015625,background
Img_92_jpg.rf.135eadfc2ce58db16130a09f46a23aa5.jpg,test,640,640,1.0,0,0,0,104.265625,background
Img_93_jpg.rf.35a3af70ed7ec8b53b7d7b6cf2d4c214.jpg,test,640,640,1.0,0,0,0,104.3642578125,background
Img_93_jpg.rf.97089c526eaeb9f24067dbd931c65693.jpg,test,640,640,1.0,0,0,0,104.4638671875,background
Img_95_jpg.rf.84a637981967bfef2b3abf760f6b31df.jpg,test,640,640,1.0,0,0,0,104.20947265625,background
Img_95_jpg.rf.8b51ee3be9818d0003545544e86f2a60.jpg,test,640,640,1.0,0,0,0,104.1279296875,background
Img_96_jpg.rf.3ac30b312c6d40c9cd892489b16e061e.jpg,test,640,640,1.0,0,0,0,104.772216796875,background
Img_98_jpg.rf.6e1b1fad08fc92a79757f16867296881.jpg,test,640,640,1.0,0,0,0,104.351318359375,background
Img_98_jpg.rf.a9eb464c651e9ddd6d8dc6c47bc76f4d.jpg,test,640,640,1.0,0,0,0,104.188232421875,background
Img_99_jpg.rf.f3fe20a3cdd38576bb1a7c51d79d18d0.jpg,test,640,640,1.0,0,0,0,105.3193359375,background
MirrorWEBFire057_jpg.rf.9ef40db46e7656e4226091dd649859da.jpg,test,640,640,1.0,3,2,1,67.49853515625,both
MirrorWEBFire1048_jpg.rf.c057928099a1810734e7abf9dc78a355.jpg,test,640,640,1.0,6,5,1,45.742919921875,both
MirrorWEBFire1048_jpg.rf.e301853d47207cde160a780b828cd50f.jpg,test,640,640,1.0,6,5,1,44.966796875,both
MirrorWEBFire1066_jpg.rf.c179104897dbe6602cfbccbc45c84e04.jpg,test,640,640,1.0,3,3,0,39.12646484375,fire_only
MirrorWEBFire1143_jpg.rf.2f2db456b9774851f0a93560b50794b8.jpg,test,640,640,1.0,2,1,1,56.439453125,both
MirrorWEBFire1202_jpg.rf.46d0b2badc0fefaa3587001b3d407db3.jpg,test,640,640,1.0,1,1,0,17.585205078125,fire_only
MirrorWEBFire1202_jpg.rf.5a70fba62999cb712b0e92fb29f6c970.jpg,test,640,640,1.0,1,1,0,17.585205078125,fire_only
MirrorWEBFire1259_jpg.rf.18f567c4e9304ad66f5bdf85ced2233e.jpg,test,640,640,1.0,2,1,1,33.017822265625,both
MirrorWEBFire1259_jpg.rf.941f5b0a4fbb912f876fb9223f8153af.jpg,test,640,640,1.0,2,1,1,33.230224609375,both
MirrorWEBFire1385_jpg.rf.a97614e3cd709de5728265519f763bb6.jpg,test,640,640,1.0,2,2,0,65.52294921875,fire_only
MirrorWEBFire1417_jpg.rf.3865198d9c828811285485890b495e51.jpg,test,640,640,1.0,1,1,0,63.350830078125,fire_only
MirrorWEBFire148_jpg.rf.ab329f5a2bdc76634c6abd953a119eda.jpg,test,640,640,1.0,3,2,1,61.201904296875,both
MirrorWEBFire1497_jpg.rf.dd88d618cdd23e40b2b30be6806ed395.jpg,test,640,640,1.0,7,7,0,29.7880859375,fire_only
MirrorWEBFire1532_jpg.rf.50d9232f2df6ab990d1f655add061d94.jpg,test,640,640,1.0,3,3,0,58.210205078125,fire_only
MirrorWEBFire1532_jpg.rf.5e445542fe4f03dcef5fd8770fd10dc0.jpg,test,640,640,1.0,3,3,0,57.554443359375,fire_only
MirrorWEBFire1545_jpg.rf.7f23d55509d0e27e39bdb2714c543902.jpg,test,640,640,1.0,2,2,0,44.4482421875,fire_only
MirrorWEBFire1553_jpg.rf.6db633d0f5a8893ba048e844ab1739a4.jpg,test,640,640,1.0,1,1,0,22.401123046875,fire_only
MirrorWEBFire1584_jpg.rf.7e701876dcb74a028a9644dc953b2d33.jpg,test,640,640,1.0,5,3,2,70.251953125,both
MirrorWEBFire1668_jpg.rf.45d10d2883efcacbabbca7624fcd6cf3.jpg,test,640,640,1.0,3,2,1,87.998291015625,both
MirrorWEBFire1736_jpg.rf.2ae770084b951c4706ce9e080cceec79.jpg,test,640,640,1.0,1,1,0,68.5234375,fire_only
MirrorWEBFire1987_jpg.rf.ec85ccd94e6d9b364690ccc4eb16859a.jpg,test,640,640,1.0,3,3,0,23.18896484375,fire_only
MirrorWEBFire2052_jpg.rf.d271ad9fe94e84aea7c90110536dce80.jpg,test,640,640,1.0,6,6,0,53.034912109375,fire_only
MirrorWEBFire2053_jpg.rf.d5aaac0836c58fa65c868f83b6af1869.jpg,test,640,640,1.0,2,1,1,61.40185546875,both
MirrorWEBFire2132_jpg.rf.2d2f372ed60a305a719cfcd2585861a7.jpg,test,640,640,1.0,4,3,1,48.603759765625,both
MirrorWEBFire2144_jpg.rf.30c0040309b6f2ff142d51a849d4f032.jpg,test,640,640,1.0,1,1,0,59.9189453125,fire_only
MirrorWEBFire397_jpg.rf.55a145c0f876ec971daacc783dadca8e.jpg,test,640,640,1.0,5,4,1,30.622314453125,both
MirrorWEBFire397_jpg.rf.c59306284ffb1c9e132c7a1e037b1ea1.jpg,test,640,640,1.0,5,4,1,33.31201171875,both
MirrorWEBSmoke2269_jpg.rf.3fa392b3c6b3c8a116696863d0b7e90e.jpg,test,640,640,1.0,3,1,2,75.270263671875,both
MirrorWEBSmoke2277_jpg.rf.756b0a92fbde0dacc2d6d2c7ab701c45.jpg,test,640,640,1.0,2,0,2,67.20361328125,smoke_only
MirrorWEBSmoke2286_jpg.rf.8d481ef294648bc8671e8d3bdb897892.jpg,test,640,640,1.0,2,1,1,69.217529296875,both
MirrorWEBSmoke2291_jpg.rf.6407dd797d389d04d8c97bf3ca147cbb.jpg,test,640,640,1.0,2,1,1,58.879638671875,both
MirrorWEBSmoke2357_jpg.rf.81d839a292aa90e0bbb65cfc7a5e5714.jpg,test,640,640,1.0,5,3,2,50.04736328125,both
MirrorWEBSmoke2367_jpg.rf.70dbb7aa9352b216248fb4f13f4c63d5.jpg,test,640,640,1.0,11,9,2,58.205078125,both
MirrorWEBSmoke2374_jpg.rf.29d93c555115d6b01d452a4b1f5c7b69.jpg,test,640,640,1.0,6,5,1,73.74462890625,both
MirrorWEBSmoke2380_jpg.rf.8a8d3acc5772fce4edc5cba4b7813257.jpg,test,640,640,1.0,2,1,1,48.168212890625,both
MirrorWEBSmoke2847_jpg.rf.e0c50ddf85f39f5113a735868f3c029c.jpg,test,640,640,1.0,6,2,4,42.94873046875,both
MirrorWEBSmoke296_jpg.rf.b1bed89471e9ea980bc75c89c9df2ab6.jpg,test,640,640,1.0,1,1,0,53.8701171875,fire_only
MirrorWEBSmoke3087_jpg.rf.907e09c5cb79d9f2f143ae551567444f.jpg,test,640,640,1.0,4,2,2,71.34423828125,both
MirrorWEBSmoke804_jpg.rf.59fc83407d69676ddb1f97eaa30140bc.jpg,test,640,640,1.0,3,2,1,30.806884765625,both
new_fire_6_jpg.rf.9a5788179473b5477698743f580f4889.jpg,test,640,640,1.0,2,1,1,129.933837890625,both
new_fire_fire-439_png_jpg.rf.0ef46f96d2cdf70c9956f01e6ef0c273.jpg,test,640,640,1.0,3,3,0,53.455810546875,fire_only
new_fire_fire-439_png_jpg.rf.1640082dcd22bc6c4264e8acb38d8d64.jpg,test,640,640,1.0,3,3,0,52.642822265625,fire_only
new_fire_fire-469_png_jpg.rf.08e83506917bfea14f62c4e1186bba76.jpg,test,640,640,1.0,1,1,0,35.961181640625,fire_only
new_fire_fire-496_png_jpg.rf.2d01fe0916eeb259c3852ba9e89962b4.jpg,test,640,640,1.0,1,1,0,91.41162109375,fire_only
new_fire_fire-496_png_jpg.rf.d1092c80cfc16c91334933b9e00ff1a8.jpg,test,640,640,1.0,1,1,0,91.41162109375,fire_only
new_fire_fire-502_png_jpg.rf.341ae406a137a16543976b5cc2692b11.jpg,test,640,640,1.0,1,1,0,38.62548828125,fire_only
new_fire_fire-510_png_jpg.rf.e0e4abc8d8e6f3527843d60f2d181a01.jpg,test,640,640,1.0,2,2,0,34.89111328125,fire_only
new_fire_fire-542_png_jpg.rf.e086373b5fee4129d6565509604f68c6.jpg,test,640,640,1.0,1,1,0,71.681884765625,fire_only
new_fire_fire-640_png_jpg.rf.60d1ce81bb26dd3a1fd71d2f503f10c2.jpg,test,640,640,1.0,1,1,0,41.90087890625,fire_only
new_fire_fire-698_png_jpg.rf.58d6a6c08072c1f5ca041219823fc2ff.jpg,test,640,640,1.0,2,2,0,36.89794921875,fire_only
new_fire_fire-742_png_jpg.rf.9c865660328c38a66961556b19c04bab.jpg,test,640,640,1.0,1,1,0,49.47021484375,fire_only
new_fire_fire-742_png_jpg.rf.bf627b664255ef610da885f0cd8bd04b.jpg,test,640,640,1.0,1,1,0,49.47021484375,fire_only
new_fire_fire-7_png_jpg.rf.4a6349eae8ddddda2a1c2b481a86301c.jpg,test,640,640,1.0,10,6,4,91.78955078125,both
NoiseWEBFire057_jpg.rf.89a8d655d59212735c96537d5fd76fc9.jpg,test,640,640,1.0,4,2,2,75.107421875,both
NoiseWEBFire1048_jpg.rf.9ca7b3d43a9c71bfe6933f81ccfcff40.jpg,test,640,640,1.0,5,5,0,53.41845703125,fire_only
NoiseWEBFire1053_jpg.rf.bec7984011856d67ef201f1b293ff279.jpg,test,640,640,1.0,9,6,3,54.314453125,both
NoiseWEBFire1077_jpg.rf.94d6cd965e8ed6f0fa6bbf51f88e00a3.jpg,test,640,640,1.0,8,8,0,51.049072265625,fire_only
NoiseWEBFire1091_jpg.rf.980d4c871cb2aef1d46f3ce59022df92.jpg,test,640,640,1.0,2,1,1,50.813720703125,both
NoiseWEBFire1096_jpg.rf.cdc2c61a10d32496296454f3d31a8c26.jpg,test,640,640,1.0,1,1,0,42.715576171875,fire_only
NoiseWEBFire1143_jpg.rf.eaf69ef54866e477498ce941d4091dfc.jpg,test,640,640,1.0,1,1,0,61.9072265625,fire_only
NoiseWEBFire1363_jpg.rf.855e956a69f9fa2839531ed729940778.jpg,test,640,640,1.0,5,5,0,42.926025390625,fire_only
NoiseWEBFire1363_jpg.rf.e2db2ef5e8c242c5425ef037a4a0ccd2.jpg,test,640,640,1.0,5,5,0,40.87255859375,fire_only
NoiseWEBFire1385_jpg.rf.e886efb2cb33689f0ef269ef497a53c9.jpg,test,640,640,1.0,2,2,0,67.975341796875,fire_only
NoiseWEBFire148_jpg.rf.34aeccbdca78246ea0bee0fcaabc35ca.jpg,test,640,640,1.0,2,2,0,68.277587890625,fire_only
NoiseWEBFire2053_jpg.rf.b940993d7ed9d31088793a4d6657ea4e.jpg,test,640,640,1.0,1,1,0,70.79736328125,fire_only
NoiseWEBSmoke1203_jpg.rf.1d5792645a5f7fbca542e4bb08f4ed97.jpg,test,640,640,1.0,8,6,2,95.841064453125,both
NoiseWEBSmoke2944_jpg.rf.46969405c0cfadc5a25c83c8c5a6508f.jpg,test,640,640,1.0,3,2,1,58.94921875,both
NoiseWEBSmoke3087_jpg.rf.d736b1901daad3ab44210f23419b818d.jpg,test,640,640,1.0,4,2,2,76.566162109375,both
NoiseWEBSmoke409_jpg.rf.75c1e2efd94d2ed6049e1d68e5d97a91.jpg,test,640,640,1.0,1,1,0,70.600341796875,fire_only
WEBFire057_jpg.rf.c1fd3e21ffa62fdaa692e19ca7932d5d.jpg,test,640,640,1.0,4,2,2,67.522705078125,both
WEBFire1051_jpg.rf.ce7c62baf2f3d1399ce9cbbcb2870cca.jpg,test,640,640,1.0,3,3,0,49.03564453125,fire_only
WEBFire1066_jpg.rf.2d1b76c1b7b113d7112f3f130134bba3.jpg,test,640,640,1.0,3,3,0,39.11474609375,fire_only
WEBFire1077_jpg.rf.440264382b862c7ca7b009c5a6fe6fe6.jpg,test,640,640,1.0,9,9,0,42.599365234375,fire_only
WEBFire1091_jpg.rf.11e8b8e2ac91e57246cfda005c65c32a.jpg,test,640,640,1.0,2,1,1,42.513427734375,both
WEBFire1096_jpg.rf.c234c1864e4055b78c657e1c9efa1bd8.jpg,test,640,640,1.0,1,1,0,32.306396484375,fire_only
WEBFire1259_jpg.rf.59e0714ce24838cdf5c6bcf9e964485d.jpg,test,640,640,1.0,2,1,1,33.2421875,both
WEBFire1345_jpg.rf.2d2efb451f2bde60bd4a969379da751e.jpg,test,640,640,1.0,3,3,0,70.763671875,fire_only
WEBFire1345_jpg.rf.a4fed3263a3a8abcb89c4ff841b5c1c6.jpg,test,640,640,1.0,3,3,0,68.1376953125,fire_only
WEBFire1360_jpg.rf.7b069774a11e186374b76081ab28c305.jpg,test,640,640,1.0,4,4,0,76.474365234375,fire_only
WEBFire1417_jpg.rf.dd13ecfde1bdeb36977faafd5df8376a.jpg,test,640,640,1.0,1,1,0,63.343017578125,fire_only
WEBFire1442_jpg.rf.2494d15fe217be85eca6176ff6039fd3.jpg,test,640,640,1.0,2,1,1,49.724609375,both
WEBFire1530_jpg.rf.0a66150cd0c0bbaad80eb4872ea0e85b.jpg,test,640,640,1.0,1,1,0,22.995849609375,fire_only
WEBFire1532_jpg.rf.e788619dc352594d07b144e9a2f9d6b1.jpg,test,640,640,1.0,3,3,0,58.1875,fire_only
WEBFire1545_jpg.rf.c8b3e71084c0792059fdce5fdddec022.jpg,test,640,640,1.0,2,2,0,44.422607421875,fire_only
WEBFire1553_jpg.rf.5faf48bd98bb69df8eb77fa5170dea12.jpg,test,640,640,1.0,1,1,0,22.39111328125,fire_only
WEBFire1584_jpg.rf.5b115a711a39b1e9b98ee33eb6d1af27.jpg,test,640,640,1.0,4,3,1,70.26318359375,both
WEBFire1584_jpg.rf.cae79eac1a8c33c802e5837182102597.jpg,test,640,640,1.0,4,3,1,68.922119140625,both
WEBFire1716_jpg.rf.d0f9c195f129d33e4c51f0c6e21096a2.jpg,test,640,640,1.0,1,1,0,45.767578125,fire_only
WEBFire1736_jpg.rf.c046062e578f9ec114e6831233df7656.jpg,test,640,640,1.0,1,1,0,68.515869140625,fire_only
WEBFire1883_jpg.rf.b409c547c6c1ba14919f6f64f367c40b.jpg,test,640,640,1.0,2,2,0,84.100830078125,fire_only
WEBFire2053_jpg.rf.01bb14f8e719a6ed16d392a33425b967.jpg,test,640,640,1.0,1,1,0,59.52978515625,fire_only
WEBFire2053_jpg.rf.19c452e9448650f3f0590447a4c31f28.jpg,test,640,640,1.0,1,1,0,61.38623046875,fire_only
WEBFire2132_jpg.rf.88b5f33096ec2feecbadfcf1177b4341.jpg,test,640,640,1.0,4,3,1,49.991455078125,both
WEBFire253_jpg.rf.ab1033526e25ba608adad6434ba226b6.jpg,test,640,640,1.0,7,5,2,23.19482421875,both
WEBFire785_jpg.rf.00e41b91d8a2554f04d9818a857ded9b.jpg,test,640,640,1.0,3,2,1,78.672607421875,both
WEBFire938_jpg.rf.39bf5717b12ceab22f1c122796233ed3.jpg,test,640,640,1.0,6,6,0,30.638671875,fire_only
WEBFire938_jpg.rf.3a89b76c5d05d4239f47d130423841c0.jpg,test,640,640,1.0,6,6,0,30.638671875,fire_only
WEBSmoke1003_jpg.rf.b1a5e011254a13b820f6c13ac886f154.jpg,test,640,640,1.0,7,5,2,77.24853515625,both
WEBSmoke1072_jpg.rf.e808a51a981429e6a681bc17d5d785e7.jpg,test,640,640,1.0,4,4,0,96.1884765625,fire_only
WEBSmoke1304_jpg.rf.2576b6b65c086e57401c0d4fc6e7dc3f.jpg,test,640,640,1.0,14,13,1,111.162841796875,both
WEBSmoke2277_jpg.rf.d07c759dc7513127e8a05aca3539b6e3.jpg,test,640,640,1.0,4,1,3,67.19189453125,both
WEBSmoke2277_jpg.rf.d982ad7b111e6b3547651df5d7800313.jpg,test,640,640,1.0,4,1,3,66.891845703125,both
WEBSmoke2284_jpg.rf.94c54a14f5c9e320a8b78d9901b9ee94.jpg,test,640,640,1.0,3,1,2,59.39794921875,both
WEBSmoke2286_jpg.rf.15db5a7bd594a8129a1887906f3d72ed.jpg,test,640,640,1.0,3,1,2,69.17431640625,both
WEBSmoke2287_jpg.rf.0afa9118589b45b52c46ecaa734e0085.jpg,test,640,640,1.0,3,1,2,66.084228515625,both
WEBSmoke2289_jpg.rf.55b7db7ddd6c8013ddf0b58252879fe0.jpg,test,640,640,1.0,3,1,2,63.787353515625,both
WEBSmoke2290_jpg.rf.976143577933e4b31e5850cd68f9fa99.jpg,test,640,640,1.0,3,1,2,61.393310546875,both
WEBSmoke2293_jpg.rf.edad20479e84ffc1736ee7c17ec12861.jpg,test,640,640,1.0,3,1,2,61.134033203125,both
WEBSmoke2356_jpg.rf.3807073493b99a89f4c6371eda4d002a.jpg,test,640,640,1.0,3,3,0,48.54345703125,fire_only
WEBSmoke2356_jpg.rf.ea7f3bf4713364ddc23a8440d273f08b.jpg,test,640,640,1.0,3,3,0,48.4326171875,fire_only
WEBSmoke2357_jpg.rf.46c9101525874776a923ca6ecaba30d9.jpg,test,640,640,1.0,3,3,0,50.0126953125,fire_only
WEBSmoke2367_jpg.rf.ee43f531b12e1e26171bf5c7d5671a5d.jpg,test,640,640,1.0,10,8,2,58.199951171875,both
WEBSmoke2374_jpg.rf.6998b4d483ea9e646f5662e664097c80.jpg,test,640,640,1.0,6,5,1,73.714111328125,both
WEBSmoke2378_jpg.rf.4076e6eb7d3aa863b088eebd6b6970d2.jpg,test,640,640,1.0,4,3,1,45.796142578125,both
WEBSmoke2380_jpg.rf.2729d6927f4c939ba81d848ca55ff369.jpg,test,640,640,1.0,2,1,1,48.12890625,both
WEBSmoke2385_jpg.rf.a64bba5b50856c258c02d2ad61e83f2c.jpg,test,640,640,1.0,5,4,1,57.393798828125,both
